{
  "episode_id": 3,
  "n_segments": 4,
  "segment_lengths": [
    0.4328984691015009,
    0.4088254311778432,
    0.37619901784101195,
    0.4270223061168878
  ],
  "total_length": 1.644945224237244,
  "base_offset": [
    -0.09560054540634155,
    -0.030313584953546524,
    0.0
  ],
  "workspace_bounds": {
    "x_range": [
      -1.0,
      1.0
    ],
    "y_range": [
      -1.0,
      1.0
    ],
    "z_range": [
      0.0,
      1.644945224237244
    ]
  },
  "alpha_limits": [
    0.001,
    3.14159
  ],
  "beta_limits": [
    0.0,
    6.28318
  ],
  "synthesis_params": {
    "success_rate": 1.0,
    "avg_position_error": 1e-06,
    "avg_temporal_smoothness": 0.0035194713149225613,
    "synthesis_time": 1758718494.1226501
  },
  "original_trajectory_length": 205,
  "synthesized_trajectory_length": 205,
  "creation_timestamp": "2025-09-24T20:54:54Z",
  "version": "1.0"
}