{
  "episode_id": 32,
  "n_segments": 4,
  "segment_lengths": [
    0.42315138349722003,
    0.4098964696180429,
    0.3951398649616365,
    0.3967156358025315
  ],
  "total_length": 1.6249033538794309,
  "base_offset": [
    -0.1070452630519867,
    -0.06993456184864044,
    0.0
  ],
  "workspace_bounds": {
    "x_range": [
      -1.0,
      1.0
    ],
    "y_range": [
      -1.0,
      1.0
    ],
    "z_range": [
      0.0,
      1.6249033538794309
    ]
  },
  "alpha_limits": [
    0.001,
    3.14159
  ],
  "beta_limits": [
    0.0,
    6.28318
  ],
  "synthesis_params": {
    "success_rate": 1.0,
    "avg_position_error": 1e-06,
    "avg_temporal_smoothness": 0.003233423138093563,
    "synthesis_time": 1758719628.8721046
  },
  "original_trajectory_length": 207,
  "synthesized_trajectory_length": 207,
  "creation_timestamp": "2025-09-24T21:13:48Z",
  "version": "1.0"
}