{
  "episode_id": 40,
  "n_segments": 5,
  "segment_lengths": [
    0.4265713004284881,
    0.43880385047623527,
    0.39578421691866245,
    0.3878005086281434,
    0.37413014487913304
  ],
  "total_length": 2.0230900213306624,
  "base_offset": [
    -0.0855599045753479,
    0.15399779379367828,
    0.0
  ],
  "workspace_bounds": {
    "x_range": [
      -1.0,
      1.0
    ],
    "y_range": [
      -1.0,
      1.0
    ],
    "z_range": [
      0.0,
      2.0230900213306624
    ]
  },
  "alpha_limits": [
    0.001,
    3.14159
  ],
  "beta_limits": [
    0.0,
    6.28318
  ],
  "synthesis_params": {
    "success_rate": 1.0,
    "avg_position_error": 1e-06,
    "avg_temporal_smoothness": 0.003083053699732448,
    "synthesis_time": 1758720078.829972
  },
  "original_trajectory_length": 833,
  "synthesized_trajectory_length": 833,
  "creation_timestamp": "2025-09-24T21:21:18Z",
  "version": "1.0"
}