{
  "episode_id": 36,
  "n_segments": 4,
  "segment_lengths": [
    0.386733962829416,
    0.4039643948716565,
    0.36378991690664036,
    0.415414222893832
  ],
  "total_length": 1.5699024975015448,
  "base_offset": [
    -0.08791553974151611,
    0.06665462255477905,
    0.0
  ],
  "workspace_bounds": {
    "x_range": [
      -1.0,
      1.0
    ],
    "y_range": [
      -1.0,
      1.0
    ],
    "z_range": [
      0.0,
      1.5699024975015448
    ]
  },
  "alpha_limits": [
    0.001,
    3.14159
  ],
  "beta_limits": [
    0.0,
    6.28318
  ],
  "synthesis_params": {
    "success_rate": 1.0,
    "avg_position_error": 1e-06,
    "avg_temporal_smoothness": 0.0018251143219587566,
    "synthesis_time": 1758719784.529693
  },
  "original_trajectory_length": 435,
  "synthesized_trajectory_length": 435,
  "creation_timestamp": "2025-09-24T21:16:24Z",
  "version": "1.0"
}