{
  "episode_id": 19,
  "n_segments": 5,
  "segment_lengths": [
    0.36707764120122666,
    0.4386760515275798,
    0.42189847836447747,
    0.427563798959579,
    0.42052986024769556
  ],
  "total_length": 2.0757458303005585,
  "base_offset": [
    -0.0420457124710083,
    -0.024358756840229034,
    0.0
  ],
  "workspace_bounds": {
    "x_range": [
      -1.0,
      1.0
    ],
    "y_range": [
      -1.0,
      1.0
    ],
    "z_range": [
      0.0,
      2.0757458303005585
    ]
  },
  "alpha_limits": [
    0.001,
    3.14159
  ],
  "beta_limits": [
    0.0,
    6.28318
  ],
  "synthesis_params": {
    "success_rate": 1.0,
    "avg_position_error": 1e-06,
    "avg_temporal_smoothness": 0.0029222451324419033,
    "synthesis_time": 1758719061.1590958
  },
  "original_trajectory_length": 171,
  "synthesized_trajectory_length": 171,
  "creation_timestamp": "2025-09-24T21:04:21Z",
  "version": "1.0"
}