{
  "episode_id": 16,
  "n_segments": 5,
  "segment_lengths": [
    0.36552490187413245,
    0.37688427369555766,
    0.43752452592014407,
    0.4145409019271603,
    0.40201924993891675
  ],
  "total_length": 1.9964938533559113,
  "base_offset": [
    -0.08744007349014282,
    -0.2056715190410614,
    0.0
  ],
  "workspace_bounds": {
    "x_range": [
      -1.0,
      1.0
    ],
    "y_range": [
      -1.0,
      1.0
    ],
    "z_range": [
      0.0,
      1.9964938533559113
    ]
  },
  "alpha_limits": [
    0.001,
    3.14159
  ],
  "beta_limits": [
    0.0,
    6.28318
  ],
  "synthesis_params": {
    "success_rate": 1.0,
    "avg_position_error": 1e-06,
    "avg_temporal_smoothness": 0.0030714080132195893,
    "synthesis_time": 1758718971.7209115
  },
  "original_trajectory_length": 173,
  "synthesized_trajectory_length": 173,
  "creation_timestamp": "2025-09-24T21:02:51Z",
  "version": "1.0"
}