{
  "episode_id": 18,
  "n_segments": 5,
  "segment_lengths": [
    0.43433744520576645,
    0.3760167208531598,
    0.3669451652487862,
    0.42620008551515487,
    0.36322704902019287
  ],
  "total_length": 1.96672646584306,
  "base_offset": [
    -0.10632812976837158,
    0.07038946449756622,
    0.0
  ],
  "workspace_bounds": {
    "x_range": [
      -1.0,
      1.0
    ],
    "y_range": [
      -1.0,
      1.0
    ],
    "z_range": [
      0.0,
      1.96672646584306
    ]
  },
  "alpha_limits": [
    0.001,
    3.14159
  ],
  "beta_limits": [
    0.0,
    6.28318
  ],
  "synthesis_params": {
    "success_rate": 1.0,
    "avg_position_error": 1e-06,
    "avg_temporal_smoothness": 0.0021930888760787245,
    "synthesis_time": 1758719035.683762
  },
  "original_trajectory_length": 190,
  "synthesized_trajectory_length": 190,
  "creation_timestamp": "2025-09-24T21:03:55Z",
  "version": "1.0"
}