{
  "episode_id": 13,
  "n_segments": 5,
  "segment_lengths": [
    0.4223345998956036,
    0.39532422066564066,
    0.39700946742641996,
    0.41937346461030245,
    0.3647340125586353
  ],
  "total_length": 1.998775765156602,
  "base_offset": [
    0.049457550048828125,
    0.005893019959330559,
    0.0
  ],
  "workspace_bounds": {
    "x_range": [
      -1.0,
      1.0
    ],
    "y_range": [
      -1.0,
      1.0
    ],
    "z_range": [
      0.0,
      1.998775765156602
    ]
  },
  "alpha_limits": [
    0.001,
    3.14159
  ],
  "beta_limits": [
    0.0,
    6.28318
  ],
  "synthesis_params": {
    "success_rate": 1.0,
    "avg_position_error": 1e-06,
    "avg_temporal_smoothness": 0.0027383669487368576,
    "synthesis_time": 1758718867.7150471
  },
  "original_trajectory_length": 196,
  "synthesized_trajectory_length": 196,
  "creation_timestamp": "2025-09-24T21:01:07Z",
  "version": "1.0"
}