{
  "episode_id": 38,
  "n_segments": 4,
  "segment_lengths": [
    0.40926271965427585,
    0.3787306451749384,
    0.3743430212139851,
    0.3889198799008058
  ],
  "total_length": 1.5512562659440052,
  "base_offset": [
    -0.1302897334098816,
    0.26601442694664,
    0.0
  ],
  "workspace_bounds": {
    "x_range": [
      -1.0,
      1.0
    ],
    "y_range": [
      -1.0,
      1.0
    ],
    "z_range": [
      0.0,
      1.5512562659440052
    ]
  },
  "alpha_limits": [
    0.001,
    3.14159
  ],
  "beta_limits": [
    0.0,
    6.28318
  ],
  "synthesis_params": {
    "success_rate": 1.0,
    "avg_position_error": 1e-06,
    "avg_temporal_smoothness": 0.0061350881222735605,
    "synthesis_time": 1758719854.4487677
  },
  "original_trajectory_length": 225,
  "synthesized_trajectory_length": 225,
  "creation_timestamp": "2025-09-24T21:17:34Z",
  "version": "1.0"
}