{
  "episode_id": 37,
  "n_segments": 5,
  "segment_lengths": [
    0.43347390198936914,
    0.4081879253951914,
    0.3653568600156971,
    0.41288542417391005,
    0.3701585616589425
  ],
  "total_length": 1.9900626732331101,
  "base_offset": [
    -0.027838528156280518,
    -0.04004472494125366,
    0.0
  ],
  "workspace_bounds": {
    "x_range": [
      -1.0,
      1.0
    ],
    "y_range": [
      -1.0,
      1.0
    ],
    "z_range": [
      0.0,
      1.9900626732331101
    ]
  },
  "alpha_limits": [
    0.001,
    3.14159
  ],
  "beta_limits": [
    0.0,
    6.28318
  ],
  "synthesis_params": {
    "success_rate": 1.0,
    "avg_position_error": 1e-06,
    "avg_temporal_smoothness": 0.002527837726646986,
    "synthesis_time": 1758719837.3147902
  },
  "original_trajectory_length": 210,
  "synthesized_trajectory_length": 210,
  "creation_timestamp": "2025-09-24T21:17:17Z",
  "version": "1.0"
}