{
  "episode_id": 23,
  "n_segments": 3,
  "segment_lengths": [
    0.38824667654755707,
    0.42790551358229423,
    0.4167747708937668
  ],
  "total_length": 1.232926961023618,
  "base_offset": [
    -0.048625290393829346,
    0.10751902312040329,
    0.0
  ],
  "workspace_bounds": {
    "x_range": [
      -1.0,
      1.0
    ],
    "y_range": [
      -1.0,
      1.0
    ],
    "z_range": [
      0.0,
      1.232926961023618
    ]
  },
  "alpha_limits": [
    0.001,
    3.14159
  ],
  "beta_limits": [
    0.0,
    6.28318
  ],
  "synthesis_params": {
    "success_rate": 1.0,
    "avg_position_error": 1e-06,
    "avg_temporal_smoothness": 0.0019355796379114767,
    "synthesis_time": 1758719137.3206513
  },
  "original_trajectory_length": 248,
  "synthesized_trajectory_length": 248,
  "creation_timestamp": "2025-09-24T21:05:37Z",
  "version": "1.0"
}