{
  "episode_id": 31,
  "n_segments": 3,
  "segment_lengths": [
    0.3924969663567841,
    0.43642561886565273,
    0.376294093633348
  ],
  "total_length": 1.205216678855785,
  "base_offset": [
    -0.0371055006980896,
    -0.018353743478655815,
    0.0
  ],
  "workspace_bounds": {
    "x_range": [
      -1.0,
      1.0
    ],
    "y_range": [
      -1.0,
      1.0
    ],
    "z_range": [
      0.0,
      1.205216678855785
    ]
  },
  "alpha_limits": [
    0.001,
    3.14159
  ],
  "beta_limits": [
    0.0,
    6.28318
  ],
  "synthesis_params": {
    "success_rate": 1.0,
    "avg_position_error": 1e-06,
    "avg_temporal_smoothness": 0.0032583451573947654,
    "synthesis_time": 1758719591.3404026
  },
  "original_trajectory_length": 198,
  "synthesized_trajectory_length": 198,
  "creation_timestamp": "2025-09-24T21:13:11Z",
  "version": "1.0"
}