{
  "episode_id": 25,
  "n_segments": 5,
  "segment_lengths": [
    0.4260087748947783,
    0.3847318366904035,
    0.42024184599370945,
    0.43474033195044337,
    0.4052222849575917
  ],
  "total_length": 2.070945074486926,
  "base_offset": [
    0.026931822299957275,
    -0.042697712779045105,
    0.0
  ],
  "workspace_bounds": {
    "x_range": [
      -1.0,
      1.0
    ],
    "y_range": [
      -1.0,
      1.0
    ],
    "z_range": [
      0.0,
      2.070945074486926
    ]
  },
  "alpha_limits": [
    0.001,
    3.14159
  ],
  "beta_limits": [
    0.0,
    6.28318
  ],
  "synthesis_params": {
    "success_rate": 1.0,
    "avg_position_error": 1e-06,
    "avg_temporal_smoothness": 0.0011241644274705177,
    "synthesis_time": 1758719390.055208
  },
  "original_trajectory_length": 558,
  "synthesized_trajectory_length": 558,
  "creation_timestamp": "2025-09-24T21:09:50Z",
  "version": "1.0"
}