{
  "episode_id": 16,
  "n_segments": 3,
  "segment_lengths": [
    0.41231988481561016,
    0.4057072686639711,
    0.41137480315718866
  ],
  "total_length": 1.22940195663677,
  "base_offset": [
    -0.08744007349014282,
    -0.2056715190410614,
    0.0
  ],
  "workspace_bounds": {
    "x_range": [
      -1.0,
      1.0
    ],
    "y_range": [
      -1.0,
      1.0
    ],
    "z_range": [
      0.0,
      1.22940195663677
    ]
  },
  "alpha_limits": [
    0.001,
    3.14159
  ],
  "beta_limits": [
    0.0,
    6.28318
  ],
  "synthesis_params": {
    "success_rate": 1.0,
    "avg_position_error": 1e-06,
    "avg_temporal_smoothness": 0.004248282326829547,
    "synthesis_time": 1758718335.562143
  },
  "original_trajectory_length": 173,
  "synthesized_trajectory_length": 173,
  "creation_timestamp": "2025-09-24T20:52:15Z",
  "version": "1.0"
}