{
  "episode_id": 4,
  "n_segments": 3,
  "segment_lengths": [
    0.3982507326091432,
    0.43832390983257996,
    0.37102013163098774
  ],
  "total_length": 1.2075947740727109,
  "base_offset": [
    -0.21560192108154297,
    -0.06762325763702393,
    0.0
  ],
  "workspace_bounds": {
    "x_range": [
      -1.0,
      1.0
    ],
    "y_range": [
      -1.0,
      1.0
    ],
    "z_range": [
      0.0,
      1.2075947740727109
    ]
  },
  "alpha_limits": [
    0.001,
    3.14159
  ],
  "beta_limits": [
    0.0,
    6.28318
  ],
  "synthesis_params": {
    "success_rate": 1.0,
    "avg_position_error": 1e-06,
    "avg_temporal_smoothness": 0.004379654562350038,
    "synthesis_time": 1758718518.5357602
  },
  "original_trajectory_length": 213,
  "synthesized_trajectory_length": 213,
  "creation_timestamp": "2025-09-24T20:55:18Z",
  "version": "1.0"
}