{
  "episode_id": 33,
  "n_segments": 4,
  "segment_lengths": [
    0.39614683184004,
    0.4364113117473018,
    0.41622175986576465,
    0.38485241982536156
  ],
  "total_length": 1.633632323278468,
  "base_offset": [
    -0.1690516173839569,
    -0.06754999607801437,
    0.0
  ],
  "workspace_bounds": {
    "x_range": [
      -1.0,
      1.0
    ],
    "y_range": [
      -1.0,
      1.0
    ],
    "z_range": [
      0.0,
      1.633632323278468
    ]
  },
  "alpha_limits": [
    0.001,
    3.14159
  ],
  "beta_limits": [
    0.0,
    6.28318
  ],
  "synthesis_params": {
    "success_rate": 1.0,
    "avg_position_error": 1e-06,
    "avg_temporal_smoothness": 0.0017257912143641186,
    "synthesis_time": 1758719664.8142493
  },
  "original_trajectory_length": 281,
  "synthesized_trajectory_length": 281,
  "creation_timestamp": "2025-09-24T21:14:24Z",
  "version": "1.0"
}