{
  "episode_id": 34,
  "n_segments": 4,
  "segment_lengths": [
    0.379934133154308,
    0.43999779537422923,
    0.39965440694670296,
    0.43404737160458096
  ],
  "total_length": 1.653633707079821,
  "base_offset": [
    0.004601538181304932,
    -0.04429280757904053,
    0.0
  ],
  "workspace_bounds": {
    "x_range": [
      -1.0,
      1.0
    ],
    "y_range": [
      -1.0,
      1.0
    ],
    "z_range": [
      0.0,
      1.653633707079821
    ]
  },
  "alpha_limits": [
    0.001,
    3.14159
  ],
  "beta_limits": [
    0.0,
    6.28318
  ],
  "synthesis_params": {
    "success_rate": 1.0,
    "avg_position_error": 1e-06,
    "avg_temporal_smoothness": 0.003062842897630029,
    "synthesis_time": 1758719698.9138706
  },
  "original_trajectory_length": 259,
  "synthesized_trajectory_length": 259,
  "creation_timestamp": "2025-09-24T21:14:58Z",
  "version": "1.0"
}