{
  "episode_id": 19,
  "n_segments": 2,
  "segment_lengths": [
    0.4699570452685437,
    0.47937030439423706
  ],
  "total_length": 0.9493273496627808,
  "base_offset": [
    -0.0420457124710083,
    -0.024358756840229034,
    0.0
  ],
  "workspace_bounds": {
    "x_range": [
      -1.0,
      1.0
    ],
    "y_range": [
      -1.0,
      1.0
    ],
    "z_range": [
      0.0,
      0.9493273496627808
    ]
  },
  "alpha_limits": [
    0.001,
    3.14159
  ],
  "beta_limits": [
    0.0,
    6.28318
  ],
  "synthesis_params": {
    "success_rate": 1.0,
    "avg_position_error": 1e-06,
    "avg_temporal_smoothness": 0.01291630242909037,
    "synthesis_time": 1758719038.307453
  },
  "original_trajectory_length": 171,
  "synthesized_trajectory_length": 171,
  "creation_timestamp": "2025-09-24T21:03:58Z",
  "version": "1.0"
}