{
  "episode_id": 8,
  "n_segments": 3,
  "segment_lengths": [
    0.37,
    0.4,
    0.37
  ],
  "total_length": 1.1400000000000001,
  "base_offset": [
    -0.11455398797988892,
    -0.0514213927090168,
    0.0
  ],
  "constraint_type": "4DOF_relaxed",
  "success_threshold": 0.7,
  "synthesis_params": {
    "success_rate": 1.0,
    "temporal_smoothness": 0.018614402761037988,
    "original_trajectory_length": 114,
    "synthesized_trajectory_length": 114
  }
}