{
  "episode_id": 19,
  "n_segments": 3,
  "segment_lengths": [
    0.4329073766568303,
    0.40945594010914743,
    0.3692071684036956
  ],
  "total_length": 1.2115704851696734,
  "base_offset": [
    -0.0420457124710083,
    -0.024358756840229034,
    0.0
  ],
  "workspace_bounds": {
    "x_range": [
      -1.0,
      1.0
    ],
    "y_range": [
      -1.0,
      1.0
    ],
    "z_range": [
      0.0,
      1.2115704851696734
    ]
  },
  "alpha_limits": [
    0.001,
    3.14159
  ],
  "beta_limits": [
    0.0,
    6.28318
  ],
  "synthesis_params": {
    "success_rate": 1.0,
    "avg_position_error": 1e-06,
    "avg_temporal_smoothness": 0.006176844086588136,
    "synthesis_time": 1758719043.5805745
  },
  "original_trajectory_length": 171,
  "synthesized_trajectory_length": 171,
  "creation_timestamp": "2025-09-24T21:04:03Z",
  "version": "1.0"
}