{
  "episode_id": 39,
  "n_segments": 3,
  "segment_lengths": [
    0.3905654848532503,
    0.3983402164883378,
    0.44328097373012815
  ],
  "total_length": 1.2321866750717163,
  "base_offset": [
    0.0907517671585083,
    -0.0218786783516407,
    0.0
  ],
  "workspace_bounds": {
    "x_range": [
      -1.0,
      1.0
    ],
    "y_range": [
      -1.0,
      1.0
    ],
    "z_range": [
      0.0,
      1.2321866750717163
    ]
  },
  "alpha_limits": [
    0.001,
    3.14159
  ],
  "beta_limits": [
    0.0,
    6.28318
  ],
  "synthesis_params": {
    "success_rate": 1.0,
    "avg_position_error": 1e-06,
    "avg_temporal_smoothness": 0.0033540505130888543,
    "synthesis_time": 1758719898.1992753
  },
  "original_trajectory_length": 684,
  "synthesized_trajectory_length": 684,
  "creation_timestamp": "2025-09-24T21:18:18Z",
  "version": "1.0"
}