{
  "episode_id": 12,
  "n_segments": 4,
  "segment_lengths": [
    0.37212040601206625,
    0.39809264275302525,
    0.389506115456842,
    0.37618738742253616
  ],
  "total_length": 1.5359065516444697,
  "base_offset": [
    -0.08509469032287598,
    -0.048058073967695236,
    0.0
  ],
  "workspace_bounds": {
    "x_range": [
      -1.0,
      1.0
    ],
    "y_range": [
      -1.0,
      1.0
    ],
    "z_range": [
      0.0,
      1.5359065516444697
    ]
  },
  "alpha_limits": [
    0.001,
    3.14159
  ],
  "beta_limits": [
    0.0,
    6.28318
  ],
  "synthesis_params": {
    "success_rate": 1.0,
    "avg_position_error": 1e-06,
    "avg_temporal_smoothness": 0.003683383746550652,
    "synthesis_time": 1758718829.6776438
  },
  "original_trajectory_length": 214,
  "synthesized_trajectory_length": 214,
  "creation_timestamp": "2025-09-24T21:00:29Z",
  "version": "1.0"
}