{
  "episode_id": 8,
  "n_segments": 4,
  "segment_lengths": [
    0.3961673522429524,
    0.3672118183558651,
    0.3942455485927786,
    0.38467779808801267
  ],
  "total_length": 1.542302517279609,
  "base_offset": [
    -0.12401390075683594,
    -0.05176829546689987,
    0.0
  ],
  "workspace_bounds": {
    "x_range": [
      -1.0,
      1.0
    ],
    "y_range": [
      -1.0,
      1.0
    ],
    "z_range": [
      0.0,
      1.542302517279609
    ]
  },
  "alpha_limits": [
    0.001,
    3.14159
  ],
  "beta_limits": [
    0.0,
    6.28318
  ],
  "synthesis_params": {
    "success_rate": 1.0,
    "avg_position_error": 1e-06,
    "avg_temporal_smoothness": 0.0067715751374920604,
    "synthesis_time": 1758718667.0002003
  },
  "original_trajectory_length": 114,
  "synthesized_trajectory_length": 114,
  "creation_timestamp": "2025-09-24T20:57:46Z",
  "version": "1.0"
}