{
  "episode_id": 27,
  "n_segments": 2,
  "segment_lengths": [
    0.45962423034445204,
    0.4735143189833982
  ],
  "total_length": 0.9331385493278502,
  "base_offset": [
    -0.13639256358146667,
    -0.04191938042640686,
    0.0
  ],
  "workspace_bounds": {
    "x_range": [
      -1.0,
      1.0
    ],
    "y_range": [
      -1.0,
      1.0
    ],
    "z_range": [
      0.0,
      0.9331385493278502
    ]
  },
  "alpha_limits": [
    0.001,
    3.14159
  ],
  "beta_limits": [
    0.0,
    6.28318
  ],
  "synthesis_params": {
    "success_rate": 1.0,
    "avg_position_error": 1e-06,
    "avg_temporal_smoothness": 0.003189945212860016,
    "synthesis_time": 1758719413.2348351
  },
  "original_trajectory_length": 366,
  "synthesized_trajectory_length": 366,
  "creation_timestamp": "2025-09-24T21:10:13Z",
  "version": "1.0"
}