{
  "episode_id": 45,
  "n_segments": 2,
  "segment_lengths": [
    0.4654831108164059,
    0.4738525930333864
  ],
  "total_length": 0.9393357038497923,
  "base_offset": [
    -0.15977448225021362,
    0.03292093053460121,
    0.0
  ],
  "workspace_bounds": {
    "x_range": [
      -1.0,
      1.0
    ],
    "y_range": [
      -1.0,
      1.0
    ],
    "z_range": [
      0.0,
      0.9393357038497923
    ]
  },
  "alpha_limits": [
    0.001,
    3.14159
  ],
  "beta_limits": [
    0.0,
    6.28318
  ],
  "synthesis_params": {
    "success_rate": 1.0,
    "avg_position_error": 1e-06,
    "avg_temporal_smoothness": 0.009492764184380269,
    "synthesis_time": 1758720210.0740356
  },
  "original_trajectory_length": 293,
  "synthesized_trajectory_length": 293,
  "creation_timestamp": "2025-09-24T21:23:30Z",
  "version": "1.0"
}