{
  "episode_id": 11,
  "n_segments": 4,
  "segment_lengths": [
    0.3934673931827205,
    0.37257326886453224,
    0.38437196545661667,
    0.4279606211357514
  ],
  "total_length": 1.578373248639621,
  "base_offset": [
    -0.0008030533790588379,
    0.23921050131320953,
    0.0
  ],
  "workspace_bounds": {
    "x_range": [
      -1.0,
      1.0
    ],
    "y_range": [
      -1.0,
      1.0
    ],
    "z_range": [
      0.0,
      1.578373248639621
    ]
  },
  "alpha_limits": [
    0.001,
    3.14159
  ],
  "beta_limits": [
    0.0,
    6.28318
  ],
  "synthesis_params": {
    "success_rate": 1.0,
    "avg_position_error": 1e-06,
    "avg_temporal_smoothness": 0.0035171209692546504,
    "synthesis_time": 1758718796.925069
  },
  "original_trajectory_length": 404,
  "synthesized_trajectory_length": 404,
  "creation_timestamp": "2025-09-24T20:59:56Z",
  "version": "1.0"
}