{
  "episode_id": 39,
  "n_segments": 5,
  "segment_lengths": [
    0.4086102147988011,
    0.41610079155933344,
    0.42118950015864665,
    0.43567170836293817,
    0.4338279932549517
  ],
  "total_length": 2.115400208134671,
  "base_offset": [
    0.0907517671585083,
    -0.0218786783516407,
    0.0
  ],
  "workspace_bounds": {
    "x_range": [
      -1.0,
      1.0
    ],
    "y_range": [
      -1.0,
      1.0
    ],
    "z_range": [
      0.0,
      2.115400208134671
    ]
  },
  "alpha_limits": [
    0.001,
    3.14159
  ],
  "beta_limits": [
    0.0,
    6.28318
  ],
  "synthesis_params": {
    "success_rate": 1.0,
    "avg_position_error": 1e-06,
    "avg_temporal_smoothness": 0.0017083832275961459,
    "synthesis_time": 1758719961.4273674
  },
  "original_trajectory_length": 684,
  "synthesized_trajectory_length": 684,
  "creation_timestamp": "2025-09-24T21:19:21Z",
  "version": "1.0"
}