{
  "episode_id": 1,
  "n_segments": 4,
  "segment_lengths": [
    0.39263268943495905,
    0.39179235549870606,
    0.3798552487185426,
    0.400210717696881
  ],
  "total_length": 1.5644910113490886,
  "base_offset": [
    -0.0712478756904602,
    0.1729971021413803,
    0.0
  ],
  "workspace_bounds": {
    "x_range": [
      -1.0,
      1.0
    ],
    "y_range": [
      -1.0,
      1.0
    ],
    "z_range": [
      0.0,
      1.5644910113490886
    ]
  },
  "alpha_limits": [
    0.001,
    3.14159
  ],
  "beta_limits": [
    0.0,
    6.28318
  ],
  "synthesis_params": {
    "success_rate": 1.0,
    "avg_position_error": 1e-06,
    "avg_temporal_smoothness": 0.003400897014786541,
    "synthesis_time": 1758718439.0262926
  },
  "original_trajectory_length": 238,
  "synthesized_trajectory_length": 238,
  "creation_timestamp": "2025-09-24T20:53:59Z",
  "version": "1.0"
}