{
  "episode_id": 5,
  "n_segments": 4,
  "segment_lengths": [
    0.43250225903488143,
    0.4306145390770258,
    0.405896090094523,
    0.4250114455046853
  ],
  "total_length": 1.6940243337111154,
  "base_offset": [
    -0.22305649518966675,
    0.11635143309831619,
    0.0
  ],
  "workspace_bounds": {
    "x_range": [
      -1.0,
      1.0
    ],
    "y_range": [
      -1.0,
      1.0
    ],
    "z_range": [
      0.0,
      1.6940243337111154
    ]
  },
  "alpha_limits": [
    0.001,
    3.14159
  ],
  "beta_limits": [
    0.0,
    6.28318
  ],
  "synthesis_params": {
    "success_rate": 1.0,
    "avg_position_error": 1e-06,
    "avg_temporal_smoothness": 0.006023113067541751,
    "synthesis_time": 1758718543.6785276
  },
  "original_trajectory_length": 87,
  "synthesized_trajectory_length": 87,
  "creation_timestamp": "2025-09-24T20:55:43Z",
  "version": "1.0"
}