{
  "episode_id": 14,
  "n_segments": 3,
  "segment_lengths": [
    0.37,
    0.4,
    0.37
  ],
  "total_length": 1.1400000000000001,
  "base_offset": [
    -0.11527666449546814,
    0.08083045482635498,
    0.0
  ],
  "constraint_type": "4DOF_relaxed",
  "success_threshold": 0.7,
  "synthesis_params": {
    "success_rate": 1.0,
    "temporal_smoothness": 0.005435357169188337,
    "original_trajectory_length": 355,
    "synthesized_trajectory_length": 355
  }
}