{
  "episode_id": 13,
  "n_segments": 3,
  "segment_lengths": [
    0.37,
    0.4,
    0.37
  ],
  "total_length": 1.1400000000000001,
  "base_offset": [
    0.05985105037689209,
    0.0022686519660055637,
    0.0
  ],
  "constraint_type": "4DOF_relaxed",
  "success_threshold": 0.7,
  "synthesis_params": {
    "success_rate": 1.0,
    "temporal_smoothness": 0.010385082900741645,
    "original_trajectory_length": 196,
    "synthesized_trajectory_length": 196
  }
}