{
  "episode_id": 14,
  "n_segments": 3,
  "segment_lengths": [
    0.40163626400077296,
    0.38591723517240073,
    0.4139405040729591
  ],
  "total_length": 1.2014940032461328,
  "base_offset": [
    -0.11548322439193726,
    0.08093288540840149,
    0.0
  ],
  "workspace_bounds": {
    "x_range": [
      -1.0,
      1.0
    ],
    "y_range": [
      -1.0,
      1.0
    ],
    "z_range": [
      0.0,
      1.2014940032461328
    ]
  },
  "alpha_limits": [
    0.001,
    3.14159
  ],
  "beta_limits": [
    0.0,
    6.28318
  ],
  "synthesis_params": {
    "success_rate": 1.0,
    "avg_position_error": 1e-06,
    "avg_temporal_smoothness": 0.004104708531336375,
    "synthesis_time": 1758718885.3618128
  },
  "original_trajectory_length": 355,
  "synthesized_trajectory_length": 355,
  "creation_timestamp": "2025-09-24T21:01:25Z",
  "version": "1.0"
}