{
  "episode_id": 1,
  "n_segments": 5,
  "segment_lengths": [
    0.41092534950366116,
    0.3760817711845493,
    0.4078177067476803,
    0.36420136619768245,
    0.38600808646073603
  ],
  "total_length": 1.9450342800943092,
  "base_offset": [
    -0.0712478756904602,
    0.1729971021413803,
    0.0
  ],
  "workspace_bounds": {
    "x_range": [
      -1.0,
      1.0
    ],
    "y_range": [
      -1.0,
      1.0
    ],
    "z_range": [
      0.0,
      1.9450342800943092
    ]
  },
  "alpha_limits": [
    0.001,
    3.14159
  ],
  "beta_limits": [
    0.0,
    6.28318
  ],
  "synthesis_params": {
    "success_rate": 1.0,
    "avg_position_error": 1e-06,
    "avg_temporal_smoothness": 0.0036135074189810566,
    "synthesis_time": 1758718455.5457768
  },
  "original_trajectory_length": 238,
  "synthesized_trajectory_length": 238,
  "creation_timestamp": "2025-09-24T20:54:15Z",
  "version": "1.0"
}