{
  "episode_id": 22,
  "n_segments": 2,
  "segment_lengths": [
    0.4371439504430533,
    0.40274801971457
  ],
  "total_length": 0.8398919701576233,
  "base_offset": [
    -0.10133618116378784,
    0.0013092956505715847,
    0.0
  ],
  "workspace_bounds": {
    "x_range": [
      -1.0,
      1.0
    ],
    "y_range": [
      -1.0,
      1.0
    ],
    "z_range": [
      0.0,
      0.8398919701576233
    ]
  },
  "alpha_limits": [
    0.001,
    3.14159
  ],
  "beta_limits": [
    0.0,
    6.28318
  ],
  "synthesis_params": {
    "success_rate": 1.0,
    "avg_position_error": 1e-06,
    "avg_temporal_smoothness": 0.016471967683814356,
    "synthesis_time": 1758719099.6524594
  },
  "original_trajectory_length": 213,
  "synthesized_trajectory_length": 213,
  "creation_timestamp": "2025-09-24T21:04:59Z",
  "version": "1.0"
}