{
  "episode_id": 41,
  "n_segments": 3,
  "segment_lengths": [
    0.3973692895739516,
    0.396142902703174,
    0.4317449879475717
  ],
  "total_length": 1.2252571802246972,
  "base_offset": [
    -0.12243741750717163,
    -0.1742103546857834,
    0.0
  ],
  "workspace_bounds": {
    "x_range": [
      -1.0,
      1.0
    ],
    "y_range": [
      -1.0,
      1.0
    ],
    "z_range": [
      0.0,
      1.2252571802246972
    ]
  },
  "alpha_limits": [
    0.001,
    3.14159
  ],
  "beta_limits": [
    0.0,
    6.28318
  ],
  "synthesis_params": {
    "success_rate": 1.0,
    "avg_position_error": 1e-06,
    "avg_temporal_smoothness": 0.003412032340378475,
    "synthesis_time": 1758720082.3658562
  },
  "original_trajectory_length": 89,
  "synthesized_trajectory_length": 89,
  "creation_timestamp": "2025-09-24T21:21:22Z",
  "version": "1.0"
}