{
  "episode_id": 21,
  "n_segments": 5,
  "segment_lengths": [
    0.40281826770700113,
    0.40337677380626913,
    0.41234098722598944,
    0.42442910062006356,
    0.4388451130148656
  ],
  "total_length": 2.081810242374189,
  "base_offset": [
    0.011244773864746094,
    -0.0513642393052578,
    0.0
  ],
  "workspace_bounds": {
    "x_range": [
      -1.0,
      1.0
    ],
    "y_range": [
      -1.0,
      1.0
    ],
    "z_range": [
      0.0,
      2.081810242374189
    ]
  },
  "alpha_limits": [
    0.001,
    3.14159
  ],
  "beta_limits": [
    0.0,
    6.28318
  ],
  "synthesis_params": {
    "success_rate": 1.0,
    "avg_position_error": 1e-06,
    "avg_temporal_smoothness": 0.0029208782201113398,
    "synthesis_time": 1758719096.081626
  },
  "original_trajectory_length": 92,
  "synthesized_trajectory_length": 92,
  "creation_timestamp": "2025-09-24T21:04:56Z",
  "version": "1.0"
}