{
  "episode_id": 45,
  "n_segments": 5,
  "segment_lengths": [
    0.4130772587484581,
    0.4270899519433803,
    0.3724710052138697,
    0.4356241390551933,
    0.4322428401298366
  ],
  "total_length": 2.080505195090738,
  "base_offset": [
    -0.15977448225021362,
    0.03292093053460121,
    0.0
  ],
  "workspace_bounds": {
    "x_range": [
      -1.0,
      1.0
    ],
    "y_range": [
      -1.0,
      1.0
    ],
    "z_range": [
      0.0,
      2.080505195090738
    ]
  },
  "alpha_limits": [
    0.001,
    3.14159
  ],
  "beta_limits": [
    0.0,
    6.28318
  ],
  "synthesis_params": {
    "success_rate": 1.0,
    "avg_position_error": 1e-06,
    "avg_temporal_smoothness": 0.0025179870469227332,
    "synthesis_time": 1758720236.867254
  },
  "original_trajectory_length": 293,
  "synthesized_trajectory_length": 293,
  "creation_timestamp": "2025-09-24T21:23:56Z",
  "version": "1.0"
}