{
  "episode_id": 35,
  "n_segments": 3,
  "segment_lengths": [
    0.41208973433058455,
    0.3698115958848392,
    0.3959082011021553
  ],
  "total_length": 1.1778095313175792,
  "base_offset": [
    -0.1819356083869934,
    0.16027864813804626,
    0.0
  ],
  "workspace_bounds": {
    "x_range": [
      -1.0,
      1.0
    ],
    "y_range": [
      -1.0,
      1.0
    ],
    "z_range": [
      0.0,
      1.1778095313175792
    ]
  },
  "alpha_limits": [
    0.001,
    3.14159
  ],
  "beta_limits": [
    0.0,
    6.28318
  ],
  "synthesis_params": {
    "success_rate": 1.0,
    "avg_position_error": 1e-06,
    "avg_temporal_smoothness": 0.0049303712959141615,
    "synthesis_time": 1758719726.0035262
  },
  "original_trajectory_length": 297,
  "synthesized_trajectory_length": 297,
  "creation_timestamp": "2025-09-24T21:15:26Z",
  "version": "1.0"
}