{
  "episode_id": 27,
  "n_segments": 4,
  "segment_lengths": [
    0.4380505224133757,
    0.3766293449872656,
    0.37519703804305365,
    0.40179786883651425
  ],
  "total_length": 1.591674774280209,
  "base_offset": [
    -0.13639256358146667,
    -0.04191938042640686,
    0.0
  ],
  "workspace_bounds": {
    "x_range": [
      -1.0,
      1.0
    ],
    "y_range": [
      -1.0,
      1.0
    ],
    "z_range": [
      0.0,
      1.591674774280209
    ]
  },
  "alpha_limits": [
    0.001,
    3.14159
  ],
  "beta_limits": [
    0.0,
    6.28318
  ],
  "synthesis_params": {
    "success_rate": 1.0,
    "avg_position_error": 1e-06,
    "avg_temporal_smoothness": 0.002237937944906488,
    "synthesis_time": 1758719436.7009068
  },
  "original_trajectory_length": 366,
  "synthesized_trajectory_length": 366,
  "creation_timestamp": "2025-09-24T21:10:36Z",
  "version": "1.0"
}