{
  "episode_id": 37,
  "n_segments": 2,
  "segment_lengths": [
    0.5,
    0.4653554007979549
  ],
  "total_length": 0.9653554007979549,
  "base_offset": [
    -0.027838528156280518,
    -0.04004472494125366,
    0.0
  ],
  "workspace_bounds": {
    "x_range": [
      -1.0,
      1.0
    ],
    "y_range": [
      -1.0,
      1.0
    ],
    "z_range": [
      0.0,
      0.9653554007979549
    ]
  },
  "alpha_limits": [
    0.001,
    3.14159
  ],
  "beta_limits": [
    0.0,
    6.28318
  ],
  "synthesis_params": {
    "success_rate": 1.0,
    "avg_position_error": 1e-06,
    "avg_temporal_smoothness": 0.014781565168739776,
    "synthesis_time": 1758719810.7455778
  },
  "original_trajectory_length": 210,
  "synthesized_trajectory_length": 210,
  "creation_timestamp": "2025-09-24T21:16:50Z",
  "version": "1.0"
}