{
  "episode_id": 16,
  "n_segments": 4,
  "segment_lengths": [
    0.3788476696087279,
    0.3899005021462349,
    0.37553473563023454,
    0.4025009974261172
  ],
  "total_length": 1.5467839048113143,
  "base_offset": [
    -0.08744007349014282,
    -0.2056715190410614,
    0.0
  ],
  "workspace_bounds": {
    "x_range": [
      -1.0,
      1.0
    ],
    "y_range": [
      -1.0,
      1.0
    ],
    "z_range": [
      0.0,
      1.5467839048113143
    ]
  },
  "alpha_limits": [
    0.001,
    3.14159
  ],
  "beta_limits": [
    0.0,
    6.28318
  ],
  "synthesis_params": {
    "success_rate": 1.0,
    "avg_position_error": 1e-06,
    "avg_temporal_smoothness": 0.0029181115927854637,
    "synthesis_time": 1758718961.968012
  },
  "original_trajectory_length": 173,
  "synthesized_trajectory_length": 173,
  "creation_timestamp": "2025-09-24T21:02:41Z",
  "version": "1.0"
}