{
  "episode_id": 40,
  "n_segments": 3,
  "segment_lengths": [
    0.4108179293048272,
    0.37065989270592137,
    0.4063728946282801
  ],
  "total_length": 1.1878507166390286,
  "base_offset": [
    -0.0855599045753479,
    0.15399779379367828,
    0.0
  ],
  "workspace_bounds": {
    "x_range": [
      -1.0,
      1.0
    ],
    "y_range": [
      -1.0,
      1.0
    ],
    "z_range": [
      0.0,
      1.1878507166390286
    ]
  },
  "alpha_limits": [
    0.001,
    3.14159
  ],
  "beta_limits": [
    0.0,
    6.28318
  ],
  "synthesis_params": {
    "success_rate": 1.0,
    "avg_position_error": 1e-06,
    "avg_temporal_smoothness": 0.005850086674040667,
    "synthesis_time": 1758719998.3469384
  },
  "original_trajectory_length": 833,
  "synthesized_trajectory_length": 833,
  "creation_timestamp": "2025-09-24T21:19:58Z",
  "version": "1.0"
}