{
  "episode_id": 31,
  "n_segments": 2,
  "segment_lengths": [
    0.49306793305586866,
    0.5
  ],
  "total_length": 0.9930679330558687,
  "base_offset": [
    -0.0371055006980896,
    -0.018353743478655815,
    0.0
  ],
  "workspace_bounds": {
    "x_range": [
      -1.0,
      1.0
    ],
    "y_range": [
      -1.0,
      1.0
    ],
    "z_range": [
      0.0,
      0.9930679330558687
    ]
  },
  "alpha_limits": [
    0.001,
    3.14159
  ],
  "beta_limits": [
    0.0,
    6.28318
  ],
  "synthesis_params": {
    "success_rate": 1.0,
    "avg_position_error": 1e-06,
    "avg_temporal_smoothness": 0.004840278364522713,
    "synthesis_time": 1758719586.3421035
  },
  "original_trajectory_length": 198,
  "synthesized_trajectory_length": 198,
  "creation_timestamp": "2025-09-24T21:13:06Z",
  "version": "1.0"
}