{
  "episode_id": 44,
  "n_segments": 3,
  "segment_lengths": [
    0.42900868271812326,
    0.4263097747185115,
    0.40678067980045773
  ],
  "total_length": 1.2620991372370924,
  "base_offset": [
    -0.15761873126029968,
    -0.143015518784523,
    0.0
  ],
  "workspace_bounds": {
    "x_range": [
      -1.0,
      1.0
    ],
    "y_range": [
      -1.0,
      1.0
    ],
    "z_range": [
      0.0,
      1.2620991372370924
    ]
  },
  "alpha_limits": [
    0.001,
    3.14159
  ],
  "beta_limits": [
    0.0,
    6.28318
  ],
  "synthesis_params": {
    "success_rate": 1.0,
    "avg_position_error": 1e-06,
    "avg_temporal_smoothness": 0.002455837128341016,
    "synthesis_time": 1758720166.934687
  },
  "original_trajectory_length": 390,
  "synthesized_trajectory_length": 390,
  "creation_timestamp": "2025-09-24T21:22:46Z",
  "version": "1.0"
}