{
  "episode_id": 20,
  "n_segments": 2,
  "segment_lengths": [
    0.49257692578107487,
    0.4977528166505658
  ],
  "total_length": 0.9903297424316406,
  "base_offset": [
    0.004269063472747803,
    -0.20183955132961273,
    0.0
  ],
  "workspace_bounds": {
    "x_range": [
      -1.0,
      1.0
    ],
    "y_range": [
      -1.0,
      1.0
    ],
    "z_range": [
      0.0,
      0.9903297424316406
    ]
  },
  "alpha_limits": [
    0.001,
    3.14159
  ],
  "beta_limits": [
    0.0,
    6.28318
  ],
  "synthesis_params": {
    "success_rate": 1.0,
    "avg_position_error": 1e-06,
    "avg_temporal_smoothness": 0.007130437867194836,
    "synthesis_time": 1758719064.1711879
  },
  "original_trajectory_length": 189,
  "synthesized_trajectory_length": 189,
  "creation_timestamp": "2025-09-24T21:04:24Z",
  "version": "1.0"
}