{
  "episode_id": 4,
  "n_segments": 4,
  "segment_lengths": [
    0.3904670103637422,
    0.4005216600127159,
    0.3734467573451592,
    0.38434519605442796
  ],
  "total_length": 1.5487806237760453,
  "base_offset": [
    -0.21560192108154297,
    -0.06762325763702393,
    0.0
  ],
  "workspace_bounds": {
    "x_range": [
      -1.0,
      1.0
    ],
    "y_range": [
      -1.0,
      1.0
    ],
    "z_range": [
      0.0,
      1.5487806237760453
    ]
  },
  "alpha_limits": [
    0.001,
    3.14159
  ],
  "beta_limits": [
    0.0,
    6.28318
  ],
  "synthesis_params": {
    "success_rate": 1.0,
    "avg_position_error": 1e-06,
    "avg_temporal_smoothness": 0.002329568505294689,
    "synthesis_time": 1758718525.926111
  },
  "original_trajectory_length": 213,
  "synthesized_trajectory_length": 213,
  "creation_timestamp": "2025-09-24T20:55:25Z",
  "version": "1.0"
}