{
  "episode_id": 35,
  "n_segments": 5,
  "segment_lengths": [
    0.3777957540354183,
    0.37966215797566333,
    0.40239017612850764,
    0.38996618651224435,
    0.37828611875493895
  ],
  "total_length": 1.9281003934067724,
  "base_offset": [
    -0.1819356083869934,
    0.16027864813804626,
    0.0
  ],
  "workspace_bounds": {
    "x_range": [
      -1.0,
      1.0
    ],
    "y_range": [
      -1.0,
      1.0
    ],
    "z_range": [
      0.0,
      1.9281003934067724
    ]
  },
  "alpha_limits": [
    0.001,
    3.14159
  ],
  "beta_limits": [
    0.0,
    6.28318
  ],
  "synthesis_params": {
    "success_rate": 1.0,
    "avg_position_error": 1e-06,
    "avg_temporal_smoothness": 0.0024152130116468253,
    "synthesis_time": 1758719754.4445698
  },
  "original_trajectory_length": 297,
  "synthesized_trajectory_length": 297,
  "creation_timestamp": "2025-09-24T21:15:54Z",
  "version": "1.0"
}