{
  "episode_id": 34,
  "n_segments": 2,
  "segment_lengths": [
    0.48983294624268775,
    0.5
  ],
  "total_length": 0.9898329462426878,
  "base_offset": [
    0.004601538181304932,
    -0.04429280757904053,
    0.0
  ],
  "workspace_bounds": {
    "x_range": [
      -1.0,
      1.0
    ],
    "y_range": [
      -1.0,
      1.0
    ],
    "z_range": [
      0.0,
      0.9898329462426878
    ]
  },
  "alpha_limits": [
    0.001,
    3.14159
  ],
  "beta_limits": [
    0.0,
    6.28318
  ],
  "synthesis_params": {
    "success_rate": 1.0,
    "avg_position_error": 1e-06,
    "avg_temporal_smoothness": 0.008041329989545355,
    "synthesis_time": 1758719682.1722202
  },
  "original_trajectory_length": 259,
  "synthesized_trajectory_length": 259,
  "creation_timestamp": "2025-09-24T21:14:42Z",
  "version": "1.0"
}