{
  "episode_id": 32,
  "n_segments": 2,
  "segment_lengths": [
    0.4528935710662667,
    0.42882691223680336
  ],
  "total_length": 0.8817204833030701,
  "base_offset": [
    -0.1070452630519867,
    -0.06993456184864044,
    0.0
  ],
  "workspace_bounds": {
    "x_range": [
      -1.0,
      1.0
    ],
    "y_range": [
      -1.0,
      1.0
    ],
    "z_range": [
      0.0,
      0.8817204833030701
    ]
  },
  "alpha_limits": [
    0.001,
    3.14159
  ],
  "beta_limits": [
    0.0,
    6.28318
  ],
  "synthesis_params": {
    "success_rate": 1.0,
    "avg_position_error": 1e-06,
    "avg_temporal_smoothness": 0.013832491024255902,
    "synthesis_time": 1758719614.3267622
  },
  "original_trajectory_length": 207,
  "synthesized_trajectory_length": 207,
  "creation_timestamp": "2025-09-24T21:13:34Z",
  "version": "1.0"
}