{
  "episode_id": 3,
  "n_segments": 3,
  "segment_lengths": [
    0.37,
    0.4,
    0.37
  ],
  "total_length": 1.1400000000000001,
  "base_offset": [
    -0.09433478116989136,
    -0.03322559595108032,
    0.0
  ],
  "constraint_type": "4DOF_relaxed",
  "success_threshold": 0.7,
  "synthesis_params": {
    "success_rate": 1.0,
    "temporal_smoothness": 0.01018195265851649,
    "original_trajectory_length": 205,
    "synthesized_trajectory_length": 205
  }
}