{
  "episode_id": 25,
  "n_segments": 4,
  "segment_lengths": [
    0.41266589529006376,
    0.39174363472807294,
    0.3871930002391561,
    0.40648239525067187
  ],
  "total_length": 1.5980849255079645,
  "base_offset": [
    0.026931822299957275,
    -0.042697712779045105,
    0.0
  ],
  "workspace_bounds": {
    "x_range": [
      -1.0,
      1.0
    ],
    "y_range": [
      -1.0,
      1.0
    ],
    "z_range": [
      0.0,
      1.5980849255079645
    ]
  },
  "alpha_limits": [
    0.001,
    3.14159
  ],
  "beta_limits": [
    0.0,
    6.28318
  ],
  "synthesis_params": {
    "success_rate": 1.0,
    "avg_position_error": 1e-06,
    "avg_temporal_smoothness": 0.0012616893670543247,
    "synthesis_time": 1758719355.514136
  },
  "original_trajectory_length": 558,
  "synthesized_trajectory_length": 558,
  "creation_timestamp": "2025-09-24T21:09:15Z",
  "version": "1.0"
}