{
  "episode_id": 42,
  "n_segments": 5,
  "segment_lengths": [
    0.437455045839047,
    0.4129635920311963,
    0.43125288719102395,
    0.4138635039513511,
    0.4306751824322599
  ],
  "total_length": 2.126210211444878,
  "base_offset": [
    -0.04357665777206421,
    -0.16821777820587158,
    0.0
  ],
  "workspace_bounds": {
    "x_range": [
      -1.0,
      1.0
    ],
    "y_range": [
      -1.0,
      1.0
    ],
    "z_range": [
      0.0,
      2.126210211444878
    ]
  },
  "alpha_limits": [
    0.001,
    3.14159
  ],
  "beta_limits": [
    0.0,
    6.28318
  ],
  "synthesis_params": {
    "success_rate": 1.0,
    "avg_position_error": 1e-06,
    "avg_temporal_smoothness": 0.002081811529238551,
    "synthesis_time": 1758720127.9126973
  },
  "original_trajectory_length": 331,
  "synthesized_trajectory_length": 331,
  "creation_timestamp": "2025-09-24T21:22:07Z",
  "version": "1.0"
}