{
  "episode_id": 29,
  "n_segments": 5,
  "segment_lengths": [
    0.4046314335760113,
    0.41675533645374446,
    0.3679779823421583,
    0.39130700688919545,
    0.3994701300515102
  ],
  "total_length": 1.9801418893126197,
  "base_offset": [
    -0.12583288550376892,
    0.02947300486266613,
    0.0
  ],
  "workspace_bounds": {
    "x_range": [
      -1.0,
      1.0
    ],
    "y_range": [
      -1.0,
      1.0
    ],
    "z_range": [
      0.0,
      1.9801418893126197
    ]
  },
  "alpha_limits": [
    0.001,
    3.14159
  ],
  "beta_limits": [
    0.0,
    6.28318
  ],
  "synthesis_params": {
    "success_rate": 1.0,
    "avg_position_error": 1e-06,
    "avg_temporal_smoothness": 0.003232311113640736,
    "synthesis_time": 1758719545.4493787
  },
  "original_trajectory_length": 227,
  "synthesized_trajectory_length": 227,
  "creation_timestamp": "2025-09-24T21:12:25Z",
  "version": "1.0"
}