{
  "episode_id": 43,
  "n_segments": 5,
  "segment_lengths": [
    0.4204221566660219,
    0.43065218159930885,
    0.43499733275070923,
    0.4343187221776519,
    0.4080840091282445
  ],
  "total_length": 2.1284744023219364,
  "base_offset": [
    -0.13475394248962402,
    0.024607421830296516,
    0.0
  ],
  "workspace_bounds": {
    "x_range": [
      -1.0,
      1.0
    ],
    "y_range": [
      -1.0,
      1.0
    ],
    "z_range": [
      0.0,
      2.1284744023219364
    ]
  },
  "alpha_limits": [
    0.001,
    3.14159
  ],
  "beta_limits": [
    0.0,
    6.28318
  ],
  "synthesis_params": {
    "success_rate": 1.0,
    "avg_position_error": 1e-06,
    "avg_temporal_smoothness": 0.0037736048192844682,
    "synthesis_time": 1758720149.9135392
  },
  "original_trajectory_length": 158,
  "synthesized_trajectory_length": 158,
  "creation_timestamp": "2025-09-24T21:22:29Z",
  "version": "1.0"
}