{
  "episode_id": 43,
  "n_segments": 4,
  "segment_lengths": [
    0.38689902417891814,
    0.42565541587089223,
    0.3821076699491389,
    0.36670176366597124
  ],
  "total_length": 1.5613638736649205,
  "base_offset": [
    -0.13475394248962402,
    0.024607421830296516,
    0.0
  ],
  "workspace_bounds": {
    "x_range": [
      -1.0,
      1.0
    ],
    "y_range": [
      -1.0,
      1.0
    ],
    "z_range": [
      0.0,
      1.5613638736649205
    ]
  },
  "alpha_limits": [
    0.001,
    3.14159
  ],
  "beta_limits": [
    0.0,
    6.28318
  ],
  "synthesis_params": {
    "success_rate": 1.0,
    "avg_position_error": 1e-06,
    "avg_temporal_smoothness": 0.0051230429489514655,
    "synthesis_time": 1758720140.7429063
  },
  "original_trajectory_length": 158,
  "synthesized_trajectory_length": 158,
  "creation_timestamp": "2025-09-24T21:22:20Z",
  "version": "1.0"
}