{
  "episode_id": 19,
  "n_segments": 4,
  "segment_lengths": [
    0.36886833134090447,
    0.4378722885362445,
    0.3676853464712755,
    0.41169334359531257
  ],
  "total_length": 1.586119309943737,
  "base_offset": [
    -0.0420457124710083,
    -0.024358756840229034,
    0.0
  ],
  "workspace_bounds": {
    "x_range": [
      -1.0,
      1.0
    ],
    "y_range": [
      -1.0,
      1.0
    ],
    "z_range": [
      0.0,
      1.586119309943737
    ]
  },
  "alpha_limits": [
    0.001,
    3.14159
  ],
  "beta_limits": [
    0.0,
    6.28318
  ],
  "synthesis_params": {
    "success_rate": 1.0,
    "avg_position_error": 1e-06,
    "avg_temporal_smoothness": 0.0041137086695557604,
    "synthesis_time": 1758719051.207712
  },
  "original_trajectory_length": 171,
  "synthesized_trajectory_length": 171,
  "creation_timestamp": "2025-09-24T21:04:11Z",
  "version": "1.0"
}