{
  "episode_id": 31,
  "n_segments": 5,
  "segment_lengths": [
    0.40394776843863256,
    0.40046367009364153,
    0.38974444555064824,
    0.4011336288854289,
    0.40415085789114547
  ],
  "total_length": 1.9994403708594966,
  "base_offset": [
    -0.0371055006980896,
    -0.018353743478655815,
    0.0
  ],
  "workspace_bounds": {
    "x_range": [
      -1.0,
      1.0
    ],
    "y_range": [
      -1.0,
      1.0
    ],
    "z_range": [
      0.0,
      1.9994403708594966
    ]
  },
  "alpha_limits": [
    0.001,
    3.14159
  ],
  "beta_limits": [
    0.0,
    6.28318
  ],
  "synthesis_params": {
    "success_rate": 1.0,
    "avg_position_error": 1e-06,
    "avg_temporal_smoothness": 0.001165877738657969,
    "synthesis_time": 1758719610.9195232
  },
  "original_trajectory_length": 198,
  "synthesized_trajectory_length": 198,
  "creation_timestamp": "2025-09-24T21:13:30Z",
  "version": "1.0"
}