{
  "episode_id": 21,
  "n_segments": 3,
  "segment_lengths": [
    0.38481846110739676,
    0.4337211252630033,
    0.4378041662659358
  ],
  "total_length": 1.256343752636336,
  "base_offset": [
    0.011244773864746094,
    -0.0513642393052578,
    0.0
  ],
  "workspace_bounds": {
    "x_range": [
      -1.0,
      1.0
    ],
    "y_range": [
      -1.0,
      1.0
    ],
    "z_range": [
      0.0,
      1.256343752636336
    ]
  },
  "alpha_limits": [
    0.001,
    3.14159
  ],
  "beta_limits": [
    0.0,
    6.28318
  ],
  "synthesis_params": {
    "success_rate": 1.0,
    "avg_position_error": 1e-06,
    "avg_temporal_smoothness": 0.014730266578735385,
    "synthesis_time": 1758719086.584848
  },
  "original_trajectory_length": 92,
  "synthesized_trajectory_length": 92,
  "creation_timestamp": "2025-09-24T21:04:46Z",
  "version": "1.0"
}