{
  "episode_id": 4,
  "n_segments": 3,
  "segment_lengths": [
    0.37,
    0.4,
    0.37
  ],
  "total_length": 1.1400000000000001,
  "base_offset": [
    -0.21443846821784973,
    -0.06820496171712875,
    0.0
  ],
  "constraint_type": "4DOF_relaxed",
  "success_threshold": 0.7,
  "synthesis_params": {
    "success_rate": 1.0,
    "temporal_smoothness": 0.003941154148877592,
    "original_trajectory_length": 213,
    "synthesized_trajectory_length": 213
  }
}