{
  "episode_id": 33,
  "n_segments": 5,
  "segment_lengths": [
    0.42252718357722685,
    0.43470621506021373,
    0.3628161268475303,
    0.4112699105689627,
    0.37741062741682163
  ],
  "total_length": 2.0087300634707552,
  "base_offset": [
    -0.1690516173839569,
    -0.06754999607801437,
    0.0
  ],
  "workspace_bounds": {
    "x_range": [
      -1.0,
      1.0
    ],
    "y_range": [
      -1.0,
      1.0
    ],
    "z_range": [
      0.0,
      2.0087300634707552
    ]
  },
  "alpha_limits": [
    0.001,
    3.14159
  ],
  "beta_limits": [
    0.0,
    6.28318
  ],
  "synthesis_params": {
    "success_rate": 1.0,
    "avg_position_error": 1e-06,
    "avg_temporal_smoothness": 0.0013468741667837711,
    "synthesis_time": 1758719677.9300537
  },
  "original_trajectory_length": 281,
  "synthesized_trajectory_length": 281,
  "creation_timestamp": "2025-09-24T21:14:37Z",
  "version": "1.0"
}