{
  "episode_id": 30,
  "n_segments": 5,
  "segment_lengths": [
    0.429177160281801,
    0.4286002609771812,
    0.40779047866337115,
    0.40040193874883345,
    0.37889242482801083
  ],
  "total_length": 2.0448622634991978,
  "base_offset": [
    -0.0366397500038147,
    -0.11779429018497467,
    0.0
  ],
  "workspace_bounds": {
    "x_range": [
      -1.0,
      1.0
    ],
    "y_range": [
      -1.0,
      1.0
    ],
    "z_range": [
      0.0,
      2.0448622634991978
    ]
  },
  "alpha_limits": [
    0.001,
    3.14159
  ],
  "beta_limits": [
    0.0,
    6.28318
  ],
  "synthesis_params": {
    "success_rate": 1.0,
    "avg_position_error": 1e-06,
    "avg_temporal_smoothness": 0.0013903388187605605,
    "synthesis_time": 1758719583.150527
  },
  "original_trajectory_length": 361,
  "synthesized_trajectory_length": 361,
  "creation_timestamp": "2025-09-24T21:13:03Z",
  "version": "1.0"
}