{
  "episode_id": 5,
  "n_segments": 3,
  "segment_lengths": [
    0.37,
    0.4,
    0.37
  ],
  "total_length": 1.1400000000000001,
  "base_offset": [
    -0.21865364909172058,
    0.1318475753068924,
    0.0
  ],
  "constraint_type": "4DOF_relaxed",
  "success_threshold": 0.7,
  "synthesis_params": {
    "success_rate": 1.0,
    "temporal_smoothness": 0.026001097778137944,
    "original_trajectory_length": 87,
    "synthesized_trajectory_length": 87
  }
}