{
  "episode_id": 3,
  "n_segments": 3,
  "segment_lengths": [
    0.3707846951642915,
    0.3810824767587597,
    0.38415720108149326
  ],
  "total_length": 1.1360243730045445,
  "base_offset": [
    -0.09560054540634155,
    -0.030313584953546524,
    0.0
  ],
  "workspace_bounds": {
    "x_range": [
      -1.0,
      1.0
    ],
    "y_range": [
      -1.0,
      1.0
    ],
    "z_range": [
      0.0,
      1.1360243730045445
    ]
  },
  "alpha_limits": [
    0.001,
    3.14159
  ],
  "beta_limits": [
    0.0,
    6.28318
  ],
  "synthesis_params": {
    "success_rate": 1.0,
    "avg_position_error": 1e-06,
    "avg_temporal_smoothness": 0.006952521872280603,
    "synthesis_time": 1758718485.0470848
  },
  "original_trajectory_length": 205,
  "synthesized_trajectory_length": 205,
  "creation_timestamp": "2025-09-24T20:54:45Z",
  "version": "1.0"
}