{
  "episode_id": 4,
  "n_segments": 5,
  "segment_lengths": [
    0.41316498507082167,
    0.3947733758761972,
    0.3963602551498307,
    0.416659499980201,
    0.42460383941285235
  ],
  "total_length": 2.045561955489903,
  "base_offset": [
    -0.21560192108154297,
    -0.06762325763702393,
    0.0
  ],
  "workspace_bounds": {
    "x_range": [
      -1.0,
      1.0
    ],
    "y_range": [
      -1.0,
      1.0
    ],
    "z_range": [
      0.0,
      2.045561955489903
    ]
  },
  "alpha_limits": [
    0.001,
    3.14159
  ],
  "beta_limits": [
    0.0,
    6.28318
  ],
  "synthesis_params": {
    "success_rate": 1.0,
    "avg_position_error": 1e-06,
    "avg_temporal_smoothness": 0.0019342039949172963,
    "synthesis_time": 1758718537.086179
  },
  "original_trajectory_length": 213,
  "synthesized_trajectory_length": 213,
  "creation_timestamp": "2025-09-24T20:55:37Z",
  "version": "1.0"
}