{
  "episode_id": 36,
  "n_segments": 5,
  "segment_lengths": [
    0.3992973724272277,
    0.3954132440115921,
    0.38288621888197194,
    0.4157441730392882,
    0.37375776773231684
  ],
  "total_length": 1.9670987760923966,
  "base_offset": [
    -0.08791553974151611,
    0.06665462255477905,
    0.0
  ],
  "workspace_bounds": {
    "x_range": [
      -1.0,
      1.0
    ],
    "y_range": [
      -1.0,
      1.0
    ],
    "z_range": [
      0.0,
      1.9670987760923966
    ]
  },
  "alpha_limits": [
    0.001,
    3.14159
  ],
  "beta_limits": [
    0.0,
    6.28318
  ],
  "synthesis_params": {
    "success_rate": 1.0,
    "avg_position_error": 1e-06,
    "avg_temporal_smoothness": 0.0017200837337031987,
    "synthesis_time": 1758719806.7344675
  },
  "original_trajectory_length": 435,
  "synthesized_trajectory_length": 435,
  "creation_timestamp": "2025-09-24T21:16:46Z",
  "version": "1.0"
}