{
  "episode_id": 12,
  "n_segments": 5,
  "segment_lengths": [
    0.4377777493045848,
    0.4291581536554279,
    0.4350526431128852,
    0.3696157845531909,
    0.398779253753976
  ],
  "total_length": 2.070383584380065,
  "base_offset": [
    -0.08509469032287598,
    -0.048058073967695236,
    0.0
  ],
  "workspace_bounds": {
    "x_range": [
      -1.0,
      1.0
    ],
    "y_range": [
      -1.0,
      1.0
    ],
    "z_range": [
      0.0,
      2.070383584380065
    ]
  },
  "alpha_limits": [
    0.001,
    3.14159
  ],
  "beta_limits": [
    0.0,
    6.28318
  ],
  "synthesis_params": {
    "success_rate": 1.0,
    "avg_position_error": 1e-06,
    "avg_temporal_smoothness": 0.002295863395094134,
    "synthesis_time": 1758718840.9659169
  },
  "original_trajectory_length": 214,
  "synthesized_trajectory_length": 214,
  "creation_timestamp": "2025-09-24T21:00:40Z",
  "version": "1.0"
}