{
  "episode_id": 10,
  "n_segments": 5,
  "segment_lengths": [
    0.36965125751515576,
    0.389207101775782,
    0.4026566215044001,
    0.43140621935560275,
    0.37164162127487343
  ],
  "total_length": 1.964562821425814,
  "base_offset": [
    -0.02395850419998169,
    0.12084677070379257,
    0.0
  ],
  "workspace_bounds": {
    "x_range": [
      -1.0,
      1.0
    ],
    "y_range": [
      -1.0,
      1.0
    ],
    "z_range": [
      0.0,
      1.964562821425814
    ]
  },
  "alpha_limits": [
    0.001,
    3.14159
  ],
  "beta_limits": [
    0.0,
    6.28318
  ],
  "synthesis_params": {
    "success_rate": 1.0,
    "avg_position_error": 1e-06,
    "avg_temporal_smoothness": 0.002239031581306628,
    "synthesis_time": 1758718761.607458
  },
  "original_trajectory_length": 357,
  "synthesized_trajectory_length": 357,
  "creation_timestamp": "2025-09-24T20:59:21Z",
  "version": "1.0"
}