{
  "episode_id": 40,
  "n_segments": 4,
  "segment_lengths": [
    0.43531230607008614,
    0.376930748737774,
    0.43190906835356774,
    0.40103397264658724
  ],
  "total_length": 1.6451860958080151,
  "base_offset": [
    -0.0855599045753479,
    0.15399779379367828,
    0.0
  ],
  "workspace_bounds": {
    "x_range": [
      -1.0,
      1.0
    ],
    "y_range": [
      -1.0,
      1.0
    ],
    "z_range": [
      0.0,
      1.6451860958080151
    ]
  },
  "alpha_limits": [
    0.001,
    3.14159
  ],
  "beta_limits": [
    0.0,
    6.28318
  ],
  "synthesis_params": {
    "success_rate": 1.0,
    "avg_position_error": 1e-06,
    "avg_temporal_smoothness": 0.007324829795134118,
    "synthesis_time": 1758720034.8663993
  },
  "original_trajectory_length": 833,
  "synthesized_trajectory_length": 833,
  "creation_timestamp": "2025-09-24T21:20:34Z",
  "version": "1.0"
}