{
  "episode_id": 38,
  "n_segments": 3,
  "segment_lengths": [
    0.4168186402142655,
    0.39734514324790426,
    0.36606328815864786
  ],
  "total_length": 1.1802270716208176,
  "base_offset": [
    -0.1302897334098816,
    0.26601442694664,
    0.0
  ],
  "workspace_bounds": {
    "x_range": [
      -1.0,
      1.0
    ],
    "y_range": [
      -1.0,
      1.0
    ],
    "z_range": [
      0.0,
      1.1802270716208176
    ]
  },
  "alpha_limits": [
    0.001,
    3.14159
  ],
  "beta_limits": [
    0.0,
    6.28318
  ],
  "synthesis_params": {
    "success_rate": 1.0,
    "avg_position_error": 1e-06,
    "avg_temporal_smoothness": 0.006912163936775352,
    "synthesis_time": 1758719845.989033
  },
  "original_trajectory_length": 225,
  "synthesized_trajectory_length": 225,
  "creation_timestamp": "2025-09-24T21:17:25Z",
  "version": "1.0"
}