{
  "episode_id": 31,
  "n_segments": 4,
  "segment_lengths": [
    0.38322929496369595,
    0.3647352060937481,
    0.39825937765048725,
    0.4359043130154853
  ],
  "total_length": 1.5821281917234167,
  "base_offset": [
    -0.0371055006980896,
    -0.018353743478655815,
    0.0
  ],
  "workspace_bounds": {
    "x_range": [
      -1.0,
      1.0
    ],
    "y_range": [
      -1.0,
      1.0
    ],
    "z_range": [
      0.0,
      1.5821281917234167
    ]
  },
  "alpha_limits": [
    0.001,
    3.14159
  ],
  "beta_limits": [
    0.0,
    6.28318
  ],
  "synthesis_params": {
    "success_rate": 1.0,
    "avg_position_error": 1e-06,
    "avg_temporal_smoothness": 0.0037264559359717116,
    "synthesis_time": 1758719600.232982
  },
  "original_trajectory_length": 198,
  "synthesized_trajectory_length": 198,
  "creation_timestamp": "2025-09-24T21:13:20Z",
  "version": "1.0"
}