{
  "episode_id": 20,
  "n_segments": 4,
  "segment_lengths": [
    0.38988316105359827,
    0.36959185965995034,
    0.39665792038486597,
    0.4314413657076688
  ],
  "total_length": 1.5875743068060832,
  "base_offset": [
    0.004269063472747803,
    -0.20183955132961273,
    0.0
  ],
  "workspace_bounds": {
    "x_range": [
      -1.0,
      1.0
    ],
    "y_range": [
      -1.0,
      1.0
    ],
    "z_range": [
      0.0,
      1.5875743068060832
    ]
  },
  "alpha_limits": [
    0.001,
    3.14159
  ],
  "beta_limits": [
    0.0,
    6.28318
  ],
  "synthesis_params": {
    "success_rate": 1.0,
    "avg_position_error": 1e-06,
    "avg_temporal_smoothness": 0.002974258796350203,
    "synthesis_time": 1758719071.9084225
  },
  "original_trajectory_length": 189,
  "synthesized_trajectory_length": 189,
  "creation_timestamp": "2025-09-24T21:04:31Z",
  "version": "1.0"
}