{
  "episode_id": 45,
  "n_segments": 4,
  "segment_lengths": [
    0.4394059104600272,
    0.40018644483217003,
    0.3815861365171616,
    0.3793150564262279
  ],
  "total_length": 1.6004935482355869,
  "base_offset": [
    -0.15977448225021362,
    0.03292093053460121,
    0.0
  ],
  "workspace_bounds": {
    "x_range": [
      -1.0,
      1.0
    ],
    "y_range": [
      -1.0,
      1.0
    ],
    "z_range": [
      0.0,
      1.6004935482355869
    ]
  },
  "alpha_limits": [
    0.001,
    3.14159
  ],
  "beta_limits": [
    0.0,
    6.28318
  ],
  "synthesis_params": {
    "success_rate": 1.0,
    "avg_position_error": 1e-06,
    "avg_temporal_smoothness": 0.003833185333199773,
    "synthesis_time": 1758720221.8026173
  },
  "original_trajectory_length": 293,
  "synthesized_trajectory_length": 293,
  "creation_timestamp": "2025-09-24T21:23:41Z",
  "version": "1.0"
}