{
  "episode_id": 23,
  "n_segments": 4,
  "segment_lengths": [
    0.3763696309366095,
    0.43698249868945616,
    0.4232204028722246,
    0.43171792448823637
  ],
  "total_length": 1.6682904569865267,
  "base_offset": [
    -0.048625290393829346,
    0.10751902312040329,
    0.0
  ],
  "workspace_bounds": {
    "x_range": [
      -1.0,
      1.0
    ],
    "y_range": [
      -1.0,
      1.0
    ],
    "z_range": [
      0.0,
      1.6682904569865267
    ]
  },
  "alpha_limits": [
    0.001,
    3.14159
  ],
  "beta_limits": [
    0.0,
    6.28318
  ],
  "synthesis_params": {
    "success_rate": 1.0,
    "avg_position_error": 1e-06,
    "avg_temporal_smoothness": 0.0018722443473956757,
    "synthesis_time": 1758719145.7101965
  },
  "original_trajectory_length": 248,
  "synthesized_trajectory_length": 248,
  "creation_timestamp": "2025-09-24T21:05:45Z",
  "version": "1.0"
}