{
  "episode_id": 29,
  "n_segments": 2,
  "segment_lengths": [
    0.49913050523263003,
    0.4634780705882929
  ],
  "total_length": 0.9626085758209229,
  "base_offset": [
    -0.12583288550376892,
    0.02947300486266613,
    0.0
  ],
  "workspace_bounds": {
    "x_range": [
      -1.0,
      1.0
    ],
    "y_range": [
      -1.0,
      1.0
    ],
    "z_range": [
      0.0,
      0.9626085758209229
    ]
  },
  "alpha_limits": [
    0.001,
    3.14159
  ],
  "beta_limits": [
    0.0,
    6.28318
  ],
  "synthesis_params": {
    "success_rate": 1.0,
    "avg_position_error": 1e-06,
    "avg_temporal_smoothness": 0.007076070048677365,
    "synthesis_time": 1758719518.5100741
  },
  "original_trajectory_length": 227,
  "synthesized_trajectory_length": 227,
  "creation_timestamp": "2025-09-24T21:11:58Z",
  "version": "1.0"
}