{
  "episode_id": 27,
  "n_segments": 3,
  "segment_lengths": [
    0.43700622570250913,
    0.41392095429912956,
    0.41133950863633484
  ],
  "total_length": 1.2622666886379736,
  "base_offset": [
    -0.13639256358146667,
    -0.04191938042640686,
    0.0
  ],
  "workspace_bounds": {
    "x_range": [
      -1.0,
      1.0
    ],
    "y_range": [
      -1.0,
      1.0
    ],
    "z_range": [
      0.0,
      1.2622666886379736
    ]
  },
  "alpha_limits": [
    0.001,
    3.14159
  ],
  "beta_limits": [
    0.0,
    6.28318
  ],
  "synthesis_params": {
    "success_rate": 1.0,
    "avg_position_error": 1e-06,
    "avg_temporal_smoothness": 0.0013798592918936915,
    "synthesis_time": 1758719422.6828141
  },
  "original_trajectory_length": 366,
  "synthesized_trajectory_length": 366,
  "creation_timestamp": "2025-09-24T21:10:22Z",
  "version": "1.0"
}