{
  "episode_id": 28,
  "n_segments": 5,
  "segment_lengths": [
    0.393197655781136,
    0.3728174154518971,
    0.3651194373073021,
    0.37582878724544416,
    0.42168585723841767
  ],
  "total_length": 1.9286491530241971,
  "base_offset": [
    -0.09752607345581055,
    0.06618555635213852,
    0.0
  ],
  "workspace_bounds": {
    "x_range": [
      -1.0,
      1.0
    ],
    "y_range": [
      -1.0,
      1.0
    ],
    "z_range": [
      0.0,
      1.9286491530241971
    ]
  },
  "alpha_limits": [
    0.001,
    3.14159
  ],
  "beta_limits": [
    0.0,
    6.28318
  ],
  "synthesis_params": {
    "success_rate": 1.0,
    "avg_position_error": 1e-06,
    "avg_temporal_smoothness": 0.0013355306640745114,
    "synthesis_time": 1758719514.7644181
  },
  "original_trajectory_length": 398,
  "synthesized_trajectory_length": 398,
  "creation_timestamp": "2025-09-24T21:11:54Z",
  "version": "1.0"
}