{
  "episode_id": 9,
  "n_segments": 5,
  "segment_lengths": [
    0.3615012980407495,
    0.37491790009214987,
    0.4382173410719813,
    0.41053173464823073,
    0.4057127026569791
  ],
  "total_length": 1.9908809765100905,
  "base_offset": [
    -0.15910306572914124,
    0.1943538933992386,
    0.0
  ],
  "workspace_bounds": {
    "x_range": [
      -1.0,
      1.0
    ],
    "y_range": [
      -1.0,
      1.0
    ],
    "z_range": [
      0.0,
      1.9908809765100905
    ]
  },
  "alpha_limits": [
    0.001,
    3.14159
  ],
  "beta_limits": [
    0.0,
    6.28318
  ],
  "synthesis_params": {
    "success_rate": 1.0,
    "avg_position_error": 1e-06,
    "avg_temporal_smoothness": 0.002216361956533185,
    "synthesis_time": 1758718712.7471552
  },
  "original_trajectory_length": 360,
  "synthesized_trajectory_length": 360,
  "creation_timestamp": "2025-09-24T20:58:32Z",
  "version": "1.0"
}