{
  "episode_id": 22,
  "n_segments": 4,
  "segment_lengths": [
    0.43811069518959,
    0.39403459672041186,
    0.3876858602032085,
    0.43611887810458366
  ],
  "total_length": 1.655950030217794,
  "base_offset": [
    -0.10133618116378784,
    0.0013092956505715847,
    0.0
  ],
  "workspace_bounds": {
    "x_range": [
      -1.0,
      1.0
    ],
    "y_range": [
      -1.0,
      1.0
    ],
    "z_range": [
      0.0,
      1.655950030217794
    ]
  },
  "alpha_limits": [
    0.001,
    3.14159
  ],
  "beta_limits": [
    0.0,
    6.28318
  ],
  "synthesis_params": {
    "success_rate": 1.0,
    "avg_position_error": 1e-06,
    "avg_temporal_smoothness": 0.003032455433361815,
    "synthesis_time": 1758719115.042528
  },
  "original_trajectory_length": 213,
  "synthesized_trajectory_length": 213,
  "creation_timestamp": "2025-09-24T21:05:15Z",
  "version": "1.0"
}