{
  "episode_id": 30,
  "n_segments": 2,
  "segment_lengths": [
    0.48303204912721354,
    0.5
  ],
  "total_length": 0.9830320491272135,
  "base_offset": [
    -0.0366397500038147,
    -0.11779429018497467,
    0.0
  ],
  "workspace_bounds": {
    "x_range": [
      -1.0,
      1.0
    ],
    "y_range": [
      -1.0,
      1.0
    ],
    "z_range": [
      0.0,
      0.9830320491272135
    ]
  },
  "alpha_limits": [
    0.001,
    3.14159
  ],
  "beta_limits": [
    0.0,
    6.28318
  ],
  "synthesis_params": {
    "success_rate": 1.0,
    "avg_position_error": 1e-06,
    "avg_temporal_smoothness": 0.0052989294499991004,
    "synthesis_time": 1758719551.6110687
  },
  "original_trajectory_length": 361,
  "synthesized_trajectory_length": 361,
  "creation_timestamp": "2025-09-24T21:12:31Z",
  "version": "1.0"
}