{
  "episode_id": 17,
  "n_segments": 3,
  "segment_lengths": [
    0.4495494705767234,
    0.4236395074205728,
    0.42299591942549425
  ],
  "total_length": 1.2961848974227905,
  "base_offset": [
    -0.07605224847793579,
    0.1813407689332962,
    0.0
  ],
  "workspace_bounds": {
    "x_range": [
      -1.0,
      1.0
    ],
    "y_range": [
      -1.0,
      1.0
    ],
    "z_range": [
      0.0,
      1.2961848974227905
    ]
  },
  "alpha_limits": [
    0.001,
    3.14159
  ],
  "beta_limits": [
    0.0,
    6.28318
  ],
  "synthesis_params": {
    "success_rate": 1.0,
    "avg_position_error": 1e-06,
    "avg_temporal_smoothness": 0.007528849990224145,
    "synthesis_time": 1758718981.2988894
  },
  "original_trajectory_length": 264,
  "synthesized_trajectory_length": 264,
  "creation_timestamp": "2025-09-24T21:03:01Z",
  "version": "1.0"
}