{
  "episode_id": 2,
  "n_segments": 5,
  "segment_lengths": [
    0.36981983864378937,
    0.3852611190162678,
    0.42526282954070393,
    0.42033412183402774,
    0.3843273010460315
  ],
  "total_length": 1.9850052100808204,
  "base_offset": [
    -0.16293376684188843,
    0.017566749826073647,
    0.0
  ],
  "workspace_bounds": {
    "x_range": [
      -1.0,
      1.0
    ],
    "y_range": [
      -1.0,
      1.0
    ],
    "z_range": [
      0.0,
      1.9850052100808204
    ]
  },
  "alpha_limits": [
    0.001,
    3.14159
  ],
  "beta_limits": [
    0.0,
    6.28318
  ],
  "synthesis_params": {
    "success_rate": 1.0,
    "avg_position_error": 1e-06,
    "avg_temporal_smoothness": 0.005741854110294604,
    "synthesis_time": 1758718478.6559906
  },
  "original_trajectory_length": 142,
  "synthesized_trajectory_length": 142,
  "creation_timestamp": "2025-09-24T20:54:38Z",
  "version": "1.0"
}