{
  "episode_id": 41,
  "n_segments": 2,
  "segment_lengths": [
    0.4332695555249433,
    0.43982369188869214
  ],
  "total_length": 0.8730932474136355,
  "base_offset": [
    -0.12243741750717163,
    -0.1742103546857834,
    0.0
  ],
  "workspace_bounds": {
    "x_range": [
      -1.0,
      1.0
    ],
    "y_range": [
      -1.0,
      1.0
    ],
    "z_range": [
      0.0,
      0.8730932474136355
    ]
  },
  "alpha_limits": [
    0.001,
    3.14159
  ],
  "beta_limits": [
    0.0,
    6.28318
  ],
  "synthesis_params": {
    "success_rate": 1.0,
    "avg_position_error": 1e-06,
    "avg_temporal_smoothness": 0.007847500925841713,
    "synthesis_time": 1758720080.287141
  },
  "original_trajectory_length": 89,
  "synthesized_trajectory_length": 89,
  "creation_timestamp": "2025-09-24T21:21:20Z",
  "version": "1.0"
}