{
  "episode_id": 6,
  "n_segments": 5,
  "segment_lengths": [
    0.3651316208632984,
    0.38656821372663147,
    0.40202658118443896,
    0.39925796397892066,
    0.4069782291485548
  ],
  "total_length": 1.9599626089018445,
  "base_offset": [
    -0.07370263338088989,
    -0.11389024555683136,
    0.0
  ],
  "workspace_bounds": {
    "x_range": [
      -1.0,
      1.0
    ],
    "y_range": [
      -1.0,
      1.0
    ],
    "z_range": [
      0.0,
      1.9599626089018445
    ]
  },
  "alpha_limits": [
    0.001,
    3.14159
  ],
  "beta_limits": [
    0.0,
    6.28318
  ],
  "synthesis_params": {
    "success_rate": 1.0,
    "avg_position_error": 1e-06,
    "avg_temporal_smoothness": 0.0028036099690868827,
    "synthesis_time": 1758718575.1708434
  },
  "original_trajectory_length": 181,
  "synthesized_trajectory_length": 181,
  "creation_timestamp": "2025-09-24T20:56:15Z",
  "version": "1.0"
}