{
  "episode_id": 0,
  "n_segments": 3,
  "segment_lengths": [
    0.3670598597300216,
    0.3971489469293129,
    0.3686922354569453
  ],
  "total_length": 1.1329010421162797,
  "base_offset": [
    -0.05961793661117554,
    0.09329322725534439,
    0.0
  ],
  "workspace_bounds": {
    "x_range": [
      -1.0,
      1.0
    ],
    "y_range": [
      -1.0,
      1.0
    ],
    "z_range": [
      0.0,
      1.1329010421162797
    ]
  },
  "alpha_limits": [
    0.001,
    3.14159
  ],
  "beta_limits": [
    0.0,
    6.28318
  ],
  "synthesis_params": {
    "success_rate": 1.0,
    "avg_position_error": 1e-06,
    "avg_temporal_smoothness": 0.005083288306721229,
    "synthesis_time": 1758718412.8505487
  },
  "original_trajectory_length": 166,
  "synthesized_trajectory_length": 166,
  "creation_timestamp": "2025-09-24T20:53:32Z",
  "version": "1.0"
}