{
  "episode_id": 43,
  "n_segments": 3,
  "segment_lengths": [
    0.3674245355815289,
    0.40948331016033657,
    0.36939960014904316
  ],
  "total_length": 1.1463074458909086,
  "base_offset": [
    -0.13475394248962402,
    0.024607421830296516,
    0.0
  ],
  "workspace_bounds": {
    "x_range": [
      -1.0,
      1.0
    ],
    "y_range": [
      -1.0,
      1.0
    ],
    "z_range": [
      0.0,
      1.1463074458909086
    ]
  },
  "alpha_limits": [
    0.001,
    3.14159
  ],
  "beta_limits": [
    0.0,
    6.28318
  ],
  "synthesis_params": {
    "success_rate": 1.0,
    "avg_position_error": 1e-06,
    "avg_temporal_smoothness": 0.00485017179660396,
    "synthesis_time": 1758720134.6375973
  },
  "original_trajectory_length": 158,
  "synthesized_trajectory_length": 158,
  "creation_timestamp": "2025-09-24T21:22:14Z",
  "version": "1.0"
}