{
  "episode_id": 14,
  "n_segments": 5,
  "segment_lengths": [
    0.4337929617998955,
    0.42890707989937077,
    0.4123236776760461,
    0.376172619106056,
    0.4064433241425287
  ],
  "total_length": 2.057639662623897,
  "base_offset": [
    -0.11548322439193726,
    0.08093288540840149,
    0.0
  ],
  "workspace_bounds": {
    "x_range": [
      -1.0,
      1.0
    ],
    "y_range": [
      -1.0,
      1.0
    ],
    "z_range": [
      0.0,
      2.057639662623897
    ]
  },
  "alpha_limits": [
    0.001,
    3.14159
  ],
  "beta_limits": [
    0.0,
    6.28318
  ],
  "synthesis_params": {
    "success_rate": 1.0,
    "avg_position_error": 1e-06,
    "avg_temporal_smoothness": 0.0012318775422742703,
    "synthesis_time": 1758718919.7767463
  },
  "original_trajectory_length": 355,
  "synthesized_trajectory_length": 355,
  "creation_timestamp": "2025-09-24T21:01:59Z",
  "version": "1.0"
}