{
  "episode_id": 32,
  "n_segments": 3,
  "segment_lengths": [
    0.37496757825791976,
    0.39431795050278406,
    0.36496033521334836
  ],
  "total_length": 1.1342458639740522,
  "base_offset": [
    -0.1070452630519867,
    -0.06993456184864044,
    0.0
  ],
  "workspace_bounds": {
    "x_range": [
      -1.0,
      1.0
    ],
    "y_range": [
      -1.0,
      1.0
    ],
    "z_range": [
      0.0,
      1.1342458639740522
    ]
  },
  "alpha_limits": [
    0.001,
    3.14159
  ],
  "beta_limits": [
    0.0,
    6.28318
  ],
  "synthesis_params": {
    "success_rate": 1.0,
    "avg_position_error": 1e-06,
    "avg_temporal_smoothness": 0.008086171971538353,
    "synthesis_time": 1758719620.3130074
  },
  "original_trajectory_length": 207,
  "synthesized_trajectory_length": 207,
  "creation_timestamp": "2025-09-24T21:13:40Z",
  "version": "1.0"
}