{
  "episode_id": 13,
  "n_segments": 4,
  "segment_lengths": [
    0.3979461452953122,
    0.3958289242402089,
    0.40700472476201227,
    0.4274596663540415
  ],
  "total_length": 1.6282394606515749,
  "base_offset": [
    0.049457550048828125,
    0.005893019959330559,
    0.0
  ],
  "workspace_bounds": {
    "x_range": [
      -1.0,
      1.0
    ],
    "y_range": [
      -1.0,
      1.0
    ],
    "z_range": [
      0.0,
      1.6282394606515749
    ]
  },
  "alpha_limits": [
    0.001,
    3.14159
  ],
  "beta_limits": [
    0.0,
    6.28318
  ],
  "synthesis_params": {
    "success_rate": 1.0,
    "avg_position_error": 1e-06,
    "avg_temporal_smoothness": 0.002659411187610553,
    "synthesis_time": 1758718857.2082372
  },
  "original_trajectory_length": 196,
  "synthesized_trajectory_length": 196,
  "creation_timestamp": "2025-09-24T21:00:57Z",
  "version": "1.0"
}