{
  "episode_id": 34,
  "n_segments": 3,
  "segment_lengths": [
    0.4249373645728759,
    0.4203726348766855,
    0.4155542680492781
  ],
  "total_length": 1.2608642674988395,
  "base_offset": [
    0.004601538181304932,
    -0.04429280757904053,
    0.0
  ],
  "workspace_bounds": {
    "x_range": [
      -1.0,
      1.0
    ],
    "y_range": [
      -1.0,
      1.0
    ],
    "z_range": [
      0.0,
      1.2608642674988395
    ]
  },
  "alpha_limits": [
    0.001,
    3.14159
  ],
  "beta_limits": [
    0.0,
    6.28318
  ],
  "synthesis_params": {
    "success_rate": 1.0,
    "avg_position_error": 1e-06,
    "avg_temporal_smoothness": 0.003925364162074744,
    "synthesis_time": 1758719689.0712183
  },
  "original_trajectory_length": 259,
  "synthesized_trajectory_length": 259,
  "creation_timestamp": "2025-09-24T21:14:49Z",
  "version": "1.0"
}