{
  "episode_id": 37,
  "n_segments": 4,
  "segment_lengths": [
    0.40227262561563215,
    0.37833151229178985,
    0.38726089592687607,
    0.40708428031609006
  ],
  "total_length": 1.574949314150388,
  "base_offset": [
    -0.027838528156280518,
    -0.04004472494125366,
    0.0
  ],
  "workspace_bounds": {
    "x_range": [
      -1.0,
      1.0
    ],
    "y_range": [
      -1.0,
      1.0
    ],
    "z_range": [
      0.0,
      1.574949314150388
    ]
  },
  "alpha_limits": [
    0.001,
    3.14159
  ],
  "beta_limits": [
    0.0,
    6.28318
  ],
  "synthesis_params": {
    "success_rate": 1.0,
    "avg_position_error": 1e-06,
    "avg_temporal_smoothness": 0.0038108337279586448,
    "synthesis_time": 1758719825.3956723
  },
  "original_trajectory_length": 210,
  "synthesized_trajectory_length": 210,
  "creation_timestamp": "2025-09-24T21:17:05Z",
  "version": "1.0"
}