{
  "episode_id": 16,
  "n_segments": 2,
  "segment_lengths": [
    0.4591801787686736,
    0.452327666156253
  ],
  "total_length": 0.9115078449249266,
  "base_offset": [
    -0.08744007349014282,
    -0.2056715190410614,
    0.0
  ],
  "workspace_bounds": {
    "x_range": [
      -1.0,
      1.0
    ],
    "y_range": [
      -1.0,
      1.0
    ],
    "z_range": [
      0.0,
      0.9115078449249266
    ]
  },
  "alpha_limits": [
    0.001,
    3.14159
  ],
  "beta_limits": [
    0.0,
    6.28318
  ],
  "synthesis_params": {
    "success_rate": 1.0,
    "avg_position_error": 1e-06,
    "avg_temporal_smoothness": 0.00886249841929335,
    "synthesis_time": 1758718954.50398
  },
  "original_trajectory_length": 173,
  "synthesized_trajectory_length": 173,
  "creation_timestamp": "2025-09-24T21:02:34Z",
  "version": "1.0"
}