{
  "episode_id": 22,
  "n_segments": 5,
  "segment_lengths": [
    0.38381234724624363,
    0.4274786904331572,
    0.39590037717422033,
    0.39095569347567904,
    0.36452657313665415
  ],
  "total_length": 1.9626736814659544,
  "base_offset": [
    -0.10133618116378784,
    0.0013092956505715847,
    0.0
  ],
  "workspace_bounds": {
    "x_range": [
      -1.0,
      1.0
    ],
    "y_range": [
      -1.0,
      1.0
    ],
    "z_range": [
      0.0,
      1.9626736814659544
    ]
  },
  "alpha_limits": [
    0.001,
    3.14159
  ],
  "beta_limits": [
    0.0,
    6.28318
  ],
  "synthesis_params": {
    "success_rate": 1.0,
    "avg_position_error": 1e-06,
    "avg_temporal_smoothness": 0.003101319893340643,
    "synthesis_time": 1758719127.0070705
  },
  "original_trajectory_length": 213,
  "synthesized_trajectory_length": 213,
  "creation_timestamp": "2025-09-24T21:05:27Z",
  "version": "1.0"
}