{
  "episode_id": 12,
  "n_segments": 2,
  "segment_lengths": [
    0.43172516714710646,
    0.48487774241786546
  ],
  "total_length": 0.9166029095649719,
  "base_offset": [
    -0.08509469032287598,
    -0.048058073967695236,
    0.0
  ],
  "workspace_bounds": {
    "x_range": [
      -1.0,
      1.0
    ],
    "y_range": [
      -1.0,
      1.0
    ],
    "z_range": [
      0.0,
      0.9166029095649719
    ]
  },
  "alpha_limits": [
    0.001,
    3.14159
  ],
  "beta_limits": [
    0.0,
    6.28318
  ],
  "synthesis_params": {
    "success_rate": 1.0,
    "avg_position_error": 1e-06,
    "avg_temporal_smoothness": 0.00593526004028493,
    "synthesis_time": 1758718821.0047214
  },
  "original_trajectory_length": 214,
  "synthesized_trajectory_length": 214,
  "creation_timestamp": "2025-09-24T21:00:21Z",
  "version": "1.0"
}