{
  "num_nodes": 10,
  "node_features": [
    [
      0.0,
      0.0,
      0.0,
      0.0,
      0
    ],
    [
      -3.0425575045909876,
      2.9340407572216307,
      2.175,
      0.0,
      1
    ],
    [
      -2.941403877530197,
      3.063244301297381,
      2.175,
      0.0,
      1
    ],
    [
      -2.9825874323997414,
      2.986314074692661,
      2.175,
      0.0,
      1
    ],
    [
      -2.9648499622776474,
      2.9381128509242074,
      2.175,
      0.0,
      1
    ],
    [
      -2.9490660510825686,
      2.979187830255672,
      2.175,
      0.0,
      1
    ],
    [
      -2.952019605775043,
      2.9413758868163233,
      2.175,
      0.0,
      1
    ],
    [
      -3.06316573405284,
      3.0237708371312078,
      2.175,
      0.0,
      1
    ],
    [
      -3.0331957489754755,
      3.033417748164469,
      2.175,
      0.33,
      1
    ],
    [
      -3.0296019064376316,
      3.06398296608025,
      2.175,
      0.33,
      2
    ]
  ],
  "adjacency_matrix": [
    [
      0,
      1,
      0,
      0,
      0,
      0,
      0,
      0,
      0,
      0
    ],
    [
      1,
      0,
      1,
      0,
      0,
      0,
      0,
      0,
      0,
      0
    ],
    [
      0,
      1,
      0,
      1,
      0,
      0,
      0,
      0,
      0,
      0
    ],
    [
      0,
      0,
      1,
      0,
      1,
      0,
      0,
      0,
      0,
      0
    ],
    [
      0,
      0,
      0,
      1,
      0,
      1,
      0,
      0,
      0,
      0
    ],
    [
      0,
      0,
      0,
      0,
      1,
      0,
      1,
      0,
      0,
      0
    ],
    [
      0,
      0,
      0,
      0,
      0,
      1,
      0,
      1,
      0,
      0
    ],
    [
      0,
      0,
      0,
      0,
      0,
      0,
      1,
      0,
      1,
      0
    ],
    [
      0,
      0,
      0,
      0,
      0,
      0,
      0,
      1,
      0,
      1
    ],
    [
      0,
      0,
      0,
      0,
      0,
      0,
      0,
      0,
      1,
      0
    ]
  ],
  "dh_parameters": [
    [
      0.0,
      0.333,
      0.0,
      1.5707963267948966
    ],
    [
      0.0,
      0.0,
      0.0,
      -1.5707963267948966
    ],
    [
      0.0,
      0.316,
      0.0,
      1.5707963267948966
    ],
    [
      0.0825,
      0.0,
      0.0,
      1.5707963267948966
    ],
    [
      -0.0825,
      0.384,
      0.0,
      -1.5707963267948966
    ],
    [
      0.0,
      0.0,
      0.0,
      1.5707963267948966
    ],
    [
      0.088,
      0.107,
      0.0,
      0.0
    ]
  ],
  "morphology_type": "franka_9dof_modified"
}