{
  "num_nodes": 10,
  "node_features": [
    [
      0.0,
      0.0,
      0.0,
      0.0,
      0
    ],
    [
      -3.0305913230183767,
      3.007874577767034,
      2.175,
      0.0,
      1
    ],
    [
      -2.9553007785935406,
      2.948273246776122,
      2.175,
      0.0,
      1
    ],
    [
      -2.916436570495376,
      3.0159384506183198,
      2.175,
      0.0,
      1
    ],
    [
      -2.9986301467803136,
      2.9748616332859363,
      2.175,
      0.0,
      1
    ],
    [
      -3.0363583876327587,
      2.9272359885403554,
      2.175,
      0.0,
      1
    ],
    [
      -3.050344459981943,
      2.9500671261795057,
      2.175,
      0.0,
      1
    ],
    [
      -2.9493672142091407,
      2.987339962341543,
      2.175,
      0.0,
      1
    ],
    [
      -3.0402390997536393,
      2.991969831637658,
      2.175,
      0.33,
      1
    ],
    [
      -3.057643250252292,
      2.9454567876601905,
      2.175,
      0.33,
      2
    ]
  ],
  "adjacency_matrix": [
    [
      0,
      1,
      0,
      0,
      0,
      0,
      0,
      0,
      0,
      0
    ],
    [
      1,
      0,
      1,
      0,
      0,
      0,
      0,
      0,
      0,
      0
    ],
    [
      0,
      1,
      0,
      1,
      0,
      0,
      0,
      0,
      0,
      0
    ],
    [
      0,
      0,
      1,
      0,
      1,
      0,
      0,
      0,
      0,
      0
    ],
    [
      0,
      0,
      0,
      1,
      0,
      1,
      0,
      0,
      0,
      0
    ],
    [
      0,
      0,
      0,
      0,
      1,
      0,
      1,
      0,
      0,
      0
    ],
    [
      0,
      0,
      0,
      0,
      0,
      1,
      0,
      1,
      0,
      0
    ],
    [
      0,
      0,
      0,
      0,
      0,
      0,
      1,
      0,
      1,
      0
    ],
    [
      0,
      0,
      0,
      0,
      0,
      0,
      0,
      1,
      0,
      1
    ],
    [
      0,
      0,
      0,
      0,
      0,
      0,
      0,
      0,
      1,
      0
    ]
  ],
  "dh_parameters": [
    [
      0.0,
      0.333,
      0.0,
      1.5707963267948966
    ],
    [
      0.0,
      0.0,
      0.0,
      -1.5707963267948966
    ],
    [
      0.0,
      0.316,
      0.0,
      1.5707963267948966
    ],
    [
      0.0825,
      0.0,
      0.0,
      1.5707963267948966
    ],
    [
      -0.0825,
      0.384,
      0.0,
      -1.5707963267948966
    ],
    [
      0.0,
      0.0,
      0.0,
      1.5707963267948966
    ],
    [
      0.088,
      0.107,
      0.0,
      0.0
    ]
  ],
  "morphology_type": "franka_9dof_modified"
}