{
  "num_nodes": 10,
  "node_features": [
    [
      0.0,
      0.0,
      0.0,
      0.0,
      0
    ],
    [
      -2.9191991652463973,
      3.0588764316472314,
      2.175,
      0.0,
      1
    ],
    [
      -3.023962069213173,
      3.046302848846032,
      2.175,
      0.0,
      1
    ],
    [
      -3.0591703638708396,
      2.9963362045079727,
      2.175,
      0.0,
      1
    ],
    [
      -3.0460483528784845,
      3.050801858948721,
      2.175,
      0.0,
      1
    ],
    [
      -2.98282400457633,
      3.028577886580584,
      2.175,
      0.0,
      1
    ],
    [
      -3.001658628553009,
      3.0603180186843457,
      2.175,
      0.0,
      1
    ],
    [
      -3.0155934714057073,
      3.0122873517217315,
      2.175,
      0.0,
      1
    ],
    [
      -3.0516022277589494,
      3.036830372143655,
      2.175,
      0.33,
      1
    ],
    [
      -3.0133348836181555,
      2.967634266215759,
      2.175,
      0.33,
      2
    ]
  ],
  "adjacency_matrix": [
    [
      0,
      1,
      0,
      0,
      0,
      0,
      0,
      0,
      0,
      0
    ],
    [
      1,
      0,
      1,
      0,
      0,
      0,
      0,
      0,
      0,
      0
    ],
    [
      0,
      1,
      0,
      1,
      0,
      0,
      0,
      0,
      0,
      0
    ],
    [
      0,
      0,
      1,
      0,
      1,
      0,
      0,
      0,
      0,
      0
    ],
    [
      0,
      0,
      0,
      1,
      0,
      1,
      0,
      0,
      0,
      0
    ],
    [
      0,
      0,
      0,
      0,
      1,
      0,
      1,
      0,
      0,
      0
    ],
    [
      0,
      0,
      0,
      0,
      0,
      1,
      0,
      1,
      0,
      0
    ],
    [
      0,
      0,
      0,
      0,
      0,
      0,
      1,
      0,
      1,
      0
    ],
    [
      0,
      0,
      0,
      0,
      0,
      0,
      0,
      1,
      0,
      1
    ],
    [
      0,
      0,
      0,
      0,
      0,
      0,
      0,
      0,
      1,
      0
    ]
  ],
  "dh_parameters": [
    [
      0.0,
      0.333,
      0.0,
      1.5707963267948966
    ],
    [
      0.0,
      0.0,
      0.0,
      -1.5707963267948966
    ],
    [
      0.0,
      0.316,
      0.0,
      1.5707963267948966
    ],
    [
      0.0825,
      0.0,
      0.0,
      1.5707963267948966
    ],
    [
      -0.0825,
      0.384,
      0.0,
      -1.5707963267948966
    ],
    [
      0.0,
      0.0,
      0.0,
      1.5707963267948966
    ],
    [
      0.088,
      0.107,
      0.0,
      0.0
    ]
  ],
  "morphology_type": "franka_9dof_modified"
}