{
  "num_nodes": 10,
  "node_features": [
    [
      0.0,
      0.0,
      0.0,
      0.0,
      0
    ],
    [
      -2.919234757096944,
      3.0355489623105907,
      2.175,
      0.0,
      1
    ],
    [
      -2.941224194472883,
      3.05666624140234,
      2.175,
      0.0,
      1
    ],
    [
      -3.0568745626819904,
      3.0463790949868983,
      2.175,
      0.0,
      1
    ],
    [
      -2.958018380074913,
      2.953445165766479,
      2.175,
      0.0,
      1
    ],
    [
      -3.0201309889173555,
      2.9758314904559837,
      2.175,
      0.0,
      1
    ],
    [
      -3.0215369286119413,
      3.0513339268392055,
      2.175,
      0.0,
      1
    ],
    [
      -2.987417225950921,
      2.9823322188888777,
      2.175,
      0.0,
      1
    ],
    [
      -3.015471253791947,
      2.9145761352481134,
      2.175,
      0.33,
      1
    ],
    [
      -2.9969269342075844,
      2.919641521188175,
      2.175,
      0.33,
      2
    ]
  ],
  "adjacency_matrix": [
    [
      0,
      1,
      0,
      0,
      0,
      0,
      0,
      0,
      0,
      0
    ],
    [
      1,
      0,
      1,
      0,
      0,
      0,
      0,
      0,
      0,
      0
    ],
    [
      0,
      1,
      0,
      1,
      0,
      0,
      0,
      0,
      0,
      0
    ],
    [
      0,
      0,
      1,
      0,
      1,
      0,
      0,
      0,
      0,
      0
    ],
    [
      0,
      0,
      0,
      1,
      0,
      1,
      0,
      0,
      0,
      0
    ],
    [
      0,
      0,
      0,
      0,
      1,
      0,
      1,
      0,
      0,
      0
    ],
    [
      0,
      0,
      0,
      0,
      0,
      1,
      0,
      1,
      0,
      0
    ],
    [
      0,
      0,
      0,
      0,
      0,
      0,
      1,
      0,
      1,
      0
    ],
    [
      0,
      0,
      0,
      0,
      0,
      0,
      0,
      1,
      0,
      1
    ],
    [
      0,
      0,
      0,
      0,
      0,
      0,
      0,
      0,
      1,
      0
    ]
  ],
  "dh_parameters": [
    [
      0.0,
      0.333,
      0.0,
      1.5707963267948966
    ],
    [
      0.0,
      0.0,
      0.0,
      -1.5707963267948966
    ],
    [
      0.0,
      0.316,
      0.0,
      1.5707963267948966
    ],
    [
      0.0825,
      0.0,
      0.0,
      1.5707963267948966
    ],
    [
      -0.0825,
      0.384,
      0.0,
      -1.5707963267948966
    ],
    [
      0.0,
      0.0,
      0.0,
      1.5707963267948966
    ],
    [
      0.088,
      0.107,
      0.0,
      0.0
    ]
  ],
  "morphology_type": "franka_9dof_modified"
}