{
  "num_nodes": 10,
  "node_features": [
    [
      0.0,
      0.0,
      0.0,
      0.0,
      0
    ],
    [
      -2.952765782396571,
      3.050090294161313,
      2.175,
      0.0,
      1
    ],
    [
      -3.0128635210169383,
      2.9991431437285567,
      2.175,
      0.0,
      1
    ],
    [
      -3.0144669168578604,
      2.927111778473704,
      2.175,
      0.0,
      1
    ],
    [
      -2.9438150023918013,
      2.985606153656841,
      2.175,
      0.0,
      1
    ],
    [
      -2.9409435709035243,
      2.985437872620767,
      2.175,
      0.0,
      1
    ],
    [
      -2.917153156491382,
      2.9773652786451414,
      2.175,
      0.0,
      1
    ],
    [
      -2.909416737707197,
      3.0502637232631953,
      2.175,
      0.0,
      1
    ],
    [
      -2.9198499055567058,
      3.052618760308589,
      2.175,
      0.33,
      1
    ],
    [
      -2.9053816663294527,
      3.0005495927683854,
      2.175,
      0.33,
      2
    ]
  ],
  "adjacency_matrix": [
    [
      0,
      1,
      0,
      0,
      0,
      0,
      0,
      0,
      0,
      0
    ],
    [
      1,
      0,
      1,
      0,
      0,
      0,
      0,
      0,
      0,
      0
    ],
    [
      0,
      1,
      0,
      1,
      0,
      0,
      0,
      0,
      0,
      0
    ],
    [
      0,
      0,
      1,
      0,
      1,
      0,
      0,
      0,
      0,
      0
    ],
    [
      0,
      0,
      0,
      1,
      0,
      1,
      0,
      0,
      0,
      0
    ],
    [
      0,
      0,
      0,
      0,
      1,
      0,
      1,
      0,
      0,
      0
    ],
    [
      0,
      0,
      0,
      0,
      0,
      1,
      0,
      1,
      0,
      0
    ],
    [
      0,
      0,
      0,
      0,
      0,
      0,
      1,
      0,
      1,
      0
    ],
    [
      0,
      0,
      0,
      0,
      0,
      0,
      0,
      1,
      0,
      1
    ],
    [
      0,
      0,
      0,
      0,
      0,
      0,
      0,
      0,
      1,
      0
    ]
  ],
  "dh_parameters": [
    [
      0.0,
      0.333,
      0.0,
      1.5707963267948966
    ],
    [
      0.0,
      0.0,
      0.0,
      -1.5707963267948966
    ],
    [
      0.0,
      0.316,
      0.0,
      1.5707963267948966
    ],
    [
      0.0825,
      0.0,
      0.0,
      1.5707963267948966
    ],
    [
      -0.0825,
      0.384,
      0.0,
      -1.5707963267948966
    ],
    [
      0.0,
      0.0,
      0.0,
      1.5707963267948966
    ],
    [
      0.088,
      0.107,
      0.0,
      0.0
    ]
  ],
  "morphology_type": "franka_9dof_modified"
}