{
  "num_nodes": 10,
  "node_features": [
    [
      0.0,
      0.0,
      0.0,
      0.0,
      0
    ],
    [
      -2.9419593454841184,
      2.948229746355778,
      2.175,
      0.0,
      1
    ],
    [
      -2.9517026069359202,
      2.995707366418804,
      2.175,
      0.0,
      1
    ],
    [
      -2.929292064463471,
      2.9026714353463334,
      2.175,
      0.0,
      1
    ],
    [
      -3.05722659756442,
      2.9744372270228934,
      2.175,
      0.0,
      1
    ],
    [
      -2.9620735309447563,
      2.945067287632564,
      2.175,
      0.0,
      1
    ],
    [
      -2.9541691276539535,
      3.0088387235724903,
      2.175,
      0.0,
      1
    ],
    [
      -2.927932983035262,
      2.9626765926063676,
      2.175,
      0.0,
      1
    ],
    [
      -2.951148643302654,
      2.995003920274537,
      2.175,
      0.33,
      1
    ],
    [
      -3.053951565241902,
      3.03333910608876,
      2.175,
      0.33,
      2
    ]
  ],
  "adjacency_matrix": [
    [
      0,
      1,
      0,
      0,
      0,
      0,
      0,
      0,
      0,
      0
    ],
    [
      1,
      0,
      1,
      0,
      0,
      0,
      0,
      0,
      0,
      0
    ],
    [
      0,
      1,
      0,
      1,
      0,
      0,
      0,
      0,
      0,
      0
    ],
    [
      0,
      0,
      1,
      0,
      1,
      0,
      0,
      0,
      0,
      0
    ],
    [
      0,
      0,
      0,
      1,
      0,
      1,
      0,
      0,
      0,
      0
    ],
    [
      0,
      0,
      0,
      0,
      1,
      0,
      1,
      0,
      0,
      0
    ],
    [
      0,
      0,
      0,
      0,
      0,
      1,
      0,
      1,
      0,
      0
    ],
    [
      0,
      0,
      0,
      0,
      0,
      0,
      1,
      0,
      1,
      0
    ],
    [
      0,
      0,
      0,
      0,
      0,
      0,
      0,
      1,
      0,
      1
    ],
    [
      0,
      0,
      0,
      0,
      0,
      0,
      0,
      0,
      1,
      0
    ]
  ],
  "dh_parameters": [
    [
      0.0,
      0.333,
      0.0,
      1.5707963267948966
    ],
    [
      0.0,
      0.0,
      0.0,
      -1.5707963267948966
    ],
    [
      0.0,
      0.316,
      0.0,
      1.5707963267948966
    ],
    [
      0.0825,
      0.0,
      0.0,
      1.5707963267948966
    ],
    [
      -0.0825,
      0.384,
      0.0,
      -1.5707963267948966
    ],
    [
      0.0,
      0.0,
      0.0,
      1.5707963267948966
    ],
    [
      0.088,
      0.107,
      0.0,
      0.0
    ]
  ],
  "morphology_type": "franka_9dof_modified"
}