{
  "num_nodes": 10,
  "node_features": [
    [
      0.0,
      0.0,
      0.0,
      0.0,
      0
    ],
    [
      -2.9111261375483535,
      2.9109351851382796,
      2.175,
      0.0,
      1
    ],
    [
      -2.9450295600991447,
      2.9016229877985444,
      2.175,
      0.0,
      1
    ],
    [
      -2.961349963479163,
      3.0053654191092036,
      2.175,
      0.0,
      1
    ],
    [
      -2.9654287105446855,
      3.0573083999072916,
      2.175,
      0.0,
      1
    ],
    [
      -2.9511496020587487,
      3.0235673179381792,
      2.175,
      0.0,
      1
    ],
    [
      -3.0565371968524877,
      3.0550233945475362,
      2.175,
      0.0,
      1
    ],
    [
      -2.981399630718829,
      3.038346258946444,
      2.175,
      0.0,
      1
    ],
    [
      -2.959252314667795,
      3.0123987729680475,
      2.175,
      0.33,
      1
    ],
    [
      -2.9783564305225423,
      2.9516118949487082,
      2.175,
      0.33,
      2
    ]
  ],
  "adjacency_matrix": [
    [
      0,
      1,
      0,
      0,
      0,
      0,
      0,
      0,
      0,
      0
    ],
    [
      1,
      0,
      1,
      0,
      0,
      0,
      0,
      0,
      0,
      0
    ],
    [
      0,
      1,
      0,
      1,
      0,
      0,
      0,
      0,
      0,
      0
    ],
    [
      0,
      0,
      1,
      0,
      1,
      0,
      0,
      0,
      0,
      0
    ],
    [
      0,
      0,
      0,
      1,
      0,
      1,
      0,
      0,
      0,
      0
    ],
    [
      0,
      0,
      0,
      0,
      1,
      0,
      1,
      0,
      0,
      0
    ],
    [
      0,
      0,
      0,
      0,
      0,
      1,
      0,
      1,
      0,
      0
    ],
    [
      0,
      0,
      0,
      0,
      0,
      0,
      1,
      0,
      1,
      0
    ],
    [
      0,
      0,
      0,
      0,
      0,
      0,
      0,
      1,
      0,
      1
    ],
    [
      0,
      0,
      0,
      0,
      0,
      0,
      0,
      0,
      1,
      0
    ]
  ],
  "dh_parameters": [
    [
      0.0,
      0.333,
      0.0,
      1.5707963267948966
    ],
    [
      0.0,
      0.0,
      0.0,
      -1.5707963267948966
    ],
    [
      0.0,
      0.316,
      0.0,
      1.5707963267948966
    ],
    [
      0.0825,
      0.0,
      0.0,
      1.5707963267948966
    ],
    [
      -0.0825,
      0.384,
      0.0,
      -1.5707963267948966
    ],
    [
      0.0,
      0.0,
      0.0,
      1.5707963267948966
    ],
    [
      0.088,
      0.107,
      0.0,
      0.0
    ]
  ],
  "morphology_type": "franka_9dof_modified"
}