{
  "num_nodes": 10,
  "node_features": [
    [
      0.0,
      0.0,
      0.0,
      0.0,
      0
    ],
    [
      -2.982895728569695,
      2.917215229405728,
      2.175,
      0.0,
      1
    ],
    [
      -2.9859116323019124,
      2.9623549132280225,
      2.175,
      0.0,
      1
    ],
    [
      -2.9675664327894054,
      2.9195996340621946,
      2.175,
      0.0,
      1
    ],
    [
      -2.924381249443957,
      3.0538965704957075,
      2.175,
      0.0,
      1
    ],
    [
      -2.991772425439498,
      3.013969627122494,
      2.175,
      0.0,
      1
    ],
    [
      -2.9382108711493196,
      2.944146187300054,
      2.175,
      0.0,
      1
    ],
    [
      -2.9115447651118536,
      2.9839182750197444,
      2.175,
      0.0,
      1
    ],
    [
      -2.976424573673039,
      2.9122638787917516,
      2.175,
      0.33,
      1
    ],
    [
      -3.063133862717397,
      3.0012678991818316,
      2.175,
      0.33,
      2
    ]
  ],
  "adjacency_matrix": [
    [
      0,
      1,
      0,
      0,
      0,
      0,
      0,
      0,
      0,
      0
    ],
    [
      1,
      0,
      1,
      0,
      0,
      0,
      0,
      0,
      0,
      0
    ],
    [
      0,
      1,
      0,
      1,
      0,
      0,
      0,
      0,
      0,
      0
    ],
    [
      0,
      0,
      1,
      0,
      1,
      0,
      0,
      0,
      0,
      0
    ],
    [
      0,
      0,
      0,
      1,
      0,
      1,
      0,
      0,
      0,
      0
    ],
    [
      0,
      0,
      0,
      0,
      1,
      0,
      1,
      0,
      0,
      0
    ],
    [
      0,
      0,
      0,
      0,
      0,
      1,
      0,
      1,
      0,
      0
    ],
    [
      0,
      0,
      0,
      0,
      0,
      0,
      1,
      0,
      1,
      0
    ],
    [
      0,
      0,
      0,
      0,
      0,
      0,
      0,
      1,
      0,
      1
    ],
    [
      0,
      0,
      0,
      0,
      0,
      0,
      0,
      0,
      1,
      0
    ]
  ],
  "dh_parameters": [
    [
      0.0,
      0.333,
      0.0,
      1.5707963267948966
    ],
    [
      0.0,
      0.0,
      0.0,
      -1.5707963267948966
    ],
    [
      0.0,
      0.316,
      0.0,
      1.5707963267948966
    ],
    [
      0.0825,
      0.0,
      0.0,
      1.5707963267948966
    ],
    [
      -0.0825,
      0.384,
      0.0,
      -1.5707963267948966
    ],
    [
      0.0,
      0.0,
      0.0,
      1.5707963267948966
    ],
    [
      0.088,
      0.107,
      0.0,
      0.0
    ]
  ],
  "morphology_type": "franka_9dof_modified"
}