{
  "num_nodes": 9,
  "node_features": [
    [
      0.0,
      0.0,
      0.0,
      0.0,
      0
    ],
    [
      -3.006631552990197,
      3.0043586721349502,
      2.175,
      0.0,
      1
    ],
    [
      -2.9256893359577743,
      2.956061927615753,
      2.175,
      0.0,
      1
    ],
    [
      -2.9132644618290837,
      2.9253923909474118,
      2.175,
      0.0,
      1
    ],
    [
      -2.970952799528103,
      2.9975835268391378,
      2.175,
      0.0,
      1
    ],
    [
      -3.044955974040942,
      2.9528216123846636,
      2.175,
      0.0,
      1
    ],
    [
      -2.9587545209457913,
      2.927590968210024,
      2.175,
      0.0,
      1
    ],
    [
      -2.9290542164664584,
      3.0697298953436247,
      2.175,
      0.0,
      1
    ],
    [
      -3.0094821498655566,
      3.0126926159477825,
      2.175,
      0.33,
      2
    ]
  ],
  "adjacency_matrix": [
    [
      0,
      1,
      0,
      0,
      0,
      0,
      0,
      0,
      0
    ],
    [
      1,
      0,
      1,
      0,
      0,
      0,
      0,
      0,
      0
    ],
    [
      0,
      1,
      0,
      1,
      0,
      0,
      0,
      0,
      0
    ],
    [
      0,
      0,
      1,
      0,
      1,
      0,
      0,
      0,
      0
    ],
    [
      0,
      0,
      0,
      1,
      0,
      1,
      0,
      0,
      0
    ],
    [
      0,
      0,
      0,
      0,
      1,
      0,
      1,
      0,
      0
    ],
    [
      0,
      0,
      0,
      0,
      0,
      1,
      0,
      1,
      0
    ],
    [
      0,
      0,
      0,
      0,
      0,
      0,
      1,
      0,
      1
    ],
    [
      0,
      0,
      0,
      0,
      0,
      0,
      0,
      1,
      0
    ]
  ],
  "dh_parameters": [
    [
      0.0,
      0.333,
      0.0,
      1.5707963267948966
    ],
    [
      0.0,
      0.0,
      0.0,
      -1.5707963267948966
    ],
    [
      0.0,
      0.316,
      0.0,
      1.5707963267948966
    ],
    [
      0.0825,
      0.0,
      0.0,
      1.5707963267948966
    ],
    [
      -0.0825,
      0.384,
      0.0,
      -1.5707963267948966
    ],
    [
      0.0,
      0.0,
      0.0,
      1.5707963267948966
    ],
    [
      0.088,
      0.107,
      0.0,
      0.0
    ]
  ],
  "morphology_type": "franka_8dof_modified"
}