{
  "num_nodes": 10,
  "node_features": [
    [
      0.0,
      0.0,
      0.0,
      0.0,
      0
    ],
    [
      -2.9683490669445716,
      2.91615797811406,
      2.175,
      0.0,
      1
    ],
    [
      -2.9081540397810115,
      3.044041270913746,
      2.175,
      0.0,
      1
    ],
    [
      -3.0061145980117607,
      3.0472654777934354,
      2.175,
      0.0,
      1
    ],
    [
      -2.9490793827437884,
      3.0168087298799424,
      2.175,
      0.0,
      1
    ],
    [
      -2.984202340569526,
      3.020483831302943,
      2.175,
      0.0,
      1
    ],
    [
      -2.9103498936131444,
      2.9135775550596894,
      2.175,
      0.0,
      1
    ],
    [
      -2.965288549001762,
      2.9291556756825834,
      2.175,
      0.0,
      1
    ],
    [
      -3.0236493815855687,
      3.057035288206841,
      2.175,
      0.33,
      1
    ],
    [
      -2.976280784517817,
      2.9212465191176262,
      2.175,
      0.33,
      2
    ]
  ],
  "adjacency_matrix": [
    [
      0,
      1,
      0,
      0,
      0,
      0,
      0,
      0,
      0,
      0
    ],
    [
      1,
      0,
      1,
      0,
      0,
      0,
      0,
      0,
      0,
      0
    ],
    [
      0,
      1,
      0,
      1,
      0,
      0,
      0,
      0,
      0,
      0
    ],
    [
      0,
      0,
      1,
      0,
      1,
      0,
      0,
      0,
      0,
      0
    ],
    [
      0,
      0,
      0,
      1,
      0,
      1,
      0,
      0,
      0,
      0
    ],
    [
      0,
      0,
      0,
      0,
      1,
      0,
      1,
      0,
      0,
      0
    ],
    [
      0,
      0,
      0,
      0,
      0,
      1,
      0,
      1,
      0,
      0
    ],
    [
      0,
      0,
      0,
      0,
      0,
      0,
      1,
      0,
      1,
      0
    ],
    [
      0,
      0,
      0,
      0,
      0,
      0,
      0,
      1,
      0,
      1
    ],
    [
      0,
      0,
      0,
      0,
      0,
      0,
      0,
      0,
      1,
      0
    ]
  ],
  "dh_parameters": [
    [
      0.0,
      0.333,
      0.0,
      1.5707963267948966
    ],
    [
      0.0,
      0.0,
      0.0,
      -1.5707963267948966
    ],
    [
      0.0,
      0.316,
      0.0,
      1.5707963267948966
    ],
    [
      0.0825,
      0.0,
      0.0,
      1.5707963267948966
    ],
    [
      -0.0825,
      0.384,
      0.0,
      -1.5707963267948966
    ],
    [
      0.0,
      0.0,
      0.0,
      1.5707963267948966
    ],
    [
      0.088,
      0.107,
      0.0,
      0.0
    ]
  ],
  "morphology_type": "franka_9dof_modified"
}