{
  "num_nodes": 10,
  "node_features": [
    [
      0.0,
      0.0,
      0.0,
      0.0,
      0
    ],
    [
      -3.0539933647671513,
      2.96942552364805,
      2.175,
      0.0,
      1
    ],
    [
      -3.04952655265483,
      3.003012678050682,
      2.175,
      0.0,
      1
    ],
    [
      -3.0443267729098458,
      2.9613058023985883,
      2.175,
      0.0,
      1
    ],
    [
      -3.069127919510489,
      2.9527454558665718,
      2.175,
      0.0,
      1
    ],
    [
      -2.9899658297183085,
      3.0381178000736404,
      2.175,
      0.0,
      1
    ],
    [
      -2.971472361366558,
      2.9599435630859805,
      2.175,
      0.0,
      1
    ],
    [
      -3.0327856265245776,
      3.0249856607774417,
      2.175,
      0.0,
      1
    ],
    [
      -3.0448161178744595,
      3.0602718152024373,
      2.175,
      0.33,
      1
    ],
    [
      -3.066239615146451,
      2.922480809365929,
      2.175,
      0.33,
      2
    ]
  ],
  "adjacency_matrix": [
    [
      0,
      1,
      0,
      0,
      0,
      0,
      0,
      0,
      0,
      0
    ],
    [
      1,
      0,
      1,
      0,
      0,
      0,
      0,
      0,
      0,
      0
    ],
    [
      0,
      1,
      0,
      1,
      0,
      0,
      0,
      0,
      0,
      0
    ],
    [
      0,
      0,
      1,
      0,
      1,
      0,
      0,
      0,
      0,
      0
    ],
    [
      0,
      0,
      0,
      1,
      0,
      1,
      0,
      0,
      0,
      0
    ],
    [
      0,
      0,
      0,
      0,
      1,
      0,
      1,
      0,
      0,
      0
    ],
    [
      0,
      0,
      0,
      0,
      0,
      1,
      0,
      1,
      0,
      0
    ],
    [
      0,
      0,
      0,
      0,
      0,
      0,
      1,
      0,
      1,
      0
    ],
    [
      0,
      0,
      0,
      0,
      0,
      0,
      0,
      1,
      0,
      1
    ],
    [
      0,
      0,
      0,
      0,
      0,
      0,
      0,
      0,
      1,
      0
    ]
  ],
  "dh_parameters": [
    [
      0.0,
      0.333,
      0.0,
      1.5707963267948966
    ],
    [
      0.0,
      0.0,
      0.0,
      -1.5707963267948966
    ],
    [
      0.0,
      0.316,
      0.0,
      1.5707963267948966
    ],
    [
      0.0825,
      0.0,
      0.0,
      1.5707963267948966
    ],
    [
      -0.0825,
      0.384,
      0.0,
      -1.5707963267948966
    ],
    [
      0.0,
      0.0,
      0.0,
      1.5707963267948966
    ],
    [
      0.088,
      0.107,
      0.0,
      0.0
    ]
  ],
  "morphology_type": "franka_9dof_modified"
}