{
  "num_nodes": 9,
  "node_features": [
    [
      0.0,
      0.0,
      0.0,
      0.0,
      0
    ],
    [
      -3.053094222559773,
      3.038566719536306,
      2.175,
      0.0,
      1
    ],
    [
      -2.9097573283514913,
      3.010499488601092,
      2.175,
      0.0,
      1
    ],
    [
      -3.0652387095889417,
      3.0116420865740223,
      2.175,
      0.0,
      1
    ],
    [
      -2.928764593170845,
      2.9299122045198387,
      2.175,
      0.0,
      1
    ],
    [
      -2.9272609257814395,
      3.0167468556332926,
      2.175,
      0.0,
      1
    ],
    [
      -2.9374118736691965,
      3.0669069723347597,
      2.175,
      0.0,
      1
    ],
    [
      -3.0057311722691336,
      2.967657289418052,
      2.175,
      0.0,
      1
    ],
    [
      -3.036260341611081,
      3.047342119061471,
      2.175,
      0.33,
      2
    ]
  ],
  "adjacency_matrix": [
    [
      0,
      1,
      0,
      0,
      0,
      0,
      0,
      0,
      0
    ],
    [
      1,
      0,
      1,
      0,
      0,
      0,
      0,
      0,
      0
    ],
    [
      0,
      1,
      0,
      1,
      0,
      0,
      0,
      0,
      0
    ],
    [
      0,
      0,
      1,
      0,
      1,
      0,
      0,
      0,
      0
    ],
    [
      0,
      0,
      0,
      1,
      0,
      1,
      0,
      0,
      0
    ],
    [
      0,
      0,
      0,
      0,
      1,
      0,
      1,
      0,
      0
    ],
    [
      0,
      0,
      0,
      0,
      0,
      1,
      0,
      1,
      0
    ],
    [
      0,
      0,
      0,
      0,
      0,
      0,
      1,
      0,
      1
    ],
    [
      0,
      0,
      0,
      0,
      0,
      0,
      0,
      1,
      0
    ]
  ],
  "dh_parameters": [
    [
      0.0,
      0.333,
      0.0,
      1.5707963267948966
    ],
    [
      0.0,
      0.0,
      0.0,
      -1.5707963267948966
    ],
    [
      0.0,
      0.316,
      0.0,
      1.5707963267948966
    ],
    [
      0.0825,
      0.0,
      0.0,
      1.5707963267948966
    ],
    [
      -0.0825,
      0.384,
      0.0,
      -1.5707963267948966
    ],
    [
      0.0,
      0.0,
      0.0,
      1.5707963267948966
    ],
    [
      0.088,
      0.107,
      0.0,
      0.0
    ]
  ],
  "morphology_type": "franka_8dof_modified"
}