{
  "num_nodes": 10,
  "node_features": [
    [
      0.0,
      0.0,
      0.0,
      0.0,
      0
    ],
    [
      -3.008093803481137,
      2.932032151931047,
      2.175,
      0.0,
      1
    ],
    [
      -3.017952618316658,
      3.064736063619671,
      2.175,
      0.0,
      1
    ],
    [
      -2.9001841919814058,
      2.961054307192818,
      2.175,
      0.0,
      1
    ],
    [
      -2.9424140748829957,
      2.912260865009465,
      2.175,
      0.0,
      1
    ],
    [
      -2.9111747692439427,
      2.9590794326847454,
      2.175,
      0.0,
      1
    ],
    [
      -2.947225306419849,
      2.9783635284248224,
      2.175,
      0.0,
      1
    ],
    [
      -2.908967449140009,
      2.948596782833405,
      2.175,
      0.0,
      1
    ],
    [
      -2.9947370714272257,
      2.958260682838496,
      2.175,
      0.33,
      1
    ],
    [
      -2.9001705596485645,
      3.0126263439033845,
      2.175,
      0.33,
      2
    ]
  ],
  "adjacency_matrix": [
    [
      0,
      1,
      0,
      0,
      0,
      0,
      0,
      0,
      0,
      0
    ],
    [
      1,
      0,
      1,
      0,
      0,
      0,
      0,
      0,
      0,
      0
    ],
    [
      0,
      1,
      0,
      1,
      0,
      0,
      0,
      0,
      0,
      0
    ],
    [
      0,
      0,
      1,
      0,
      1,
      0,
      0,
      0,
      0,
      0
    ],
    [
      0,
      0,
      0,
      1,
      0,
      1,
      0,
      0,
      0,
      0
    ],
    [
      0,
      0,
      0,
      0,
      1,
      0,
      1,
      0,
      0,
      0
    ],
    [
      0,
      0,
      0,
      0,
      0,
      1,
      0,
      1,
      0,
      0
    ],
    [
      0,
      0,
      0,
      0,
      0,
      0,
      1,
      0,
      1,
      0
    ],
    [
      0,
      0,
      0,
      0,
      0,
      0,
      0,
      1,
      0,
      1
    ],
    [
      0,
      0,
      0,
      0,
      0,
      0,
      0,
      0,
      1,
      0
    ]
  ],
  "dh_parameters": [
    [
      0.0,
      0.333,
      0.0,
      1.5707963267948966
    ],
    [
      0.0,
      0.0,
      0.0,
      -1.5707963267948966
    ],
    [
      0.0,
      0.316,
      0.0,
      1.5707963267948966
    ],
    [
      0.0825,
      0.0,
      0.0,
      1.5707963267948966
    ],
    [
      -0.0825,
      0.384,
      0.0,
      -1.5707963267948966
    ],
    [
      0.0,
      0.0,
      0.0,
      1.5707963267948966
    ],
    [
      0.088,
      0.107,
      0.0,
      0.0
    ]
  ],
  "morphology_type": "franka_9dof_modified"
}