{
  "num_nodes": 10,
  "node_features": [
    [
      0.0,
      0.0,
      0.0,
      0.0,
      0
    ],
    [
      -3.003795326449617,
      3.000123147503206,
      2.175,
      0.0,
      1
    ],
    [
      -2.991632989282953,
      3.0106263282979286,
      2.175,
      0.0,
      1
    ],
    [
      -2.9889731206927106,
      2.9559032890298518,
      2.175,
      0.0,
      1
    ],
    [
      -3.063124135937018,
      3.013743180539496,
      2.175,
      0.0,
      1
    ],
    [
      -2.99458450160143,
      2.9029863468992696,
      2.175,
      0.0,
      1
    ],
    [
      -3.0069735249068485,
      3.027922398711159,
      2.175,
      0.0,
      1
    ],
    [
      -2.9365165790840617,
      2.918750658928982,
      2.175,
      0.0,
      1
    ],
    [
      -2.9135001660175397,
      3.047367688397853,
      2.175,
      0.33,
      1
    ],
    [
      -2.9315511951660502,
      3.040422155457725,
      2.175,
      0.33,
      2
    ]
  ],
  "adjacency_matrix": [
    [
      0,
      1,
      0,
      0,
      0,
      0,
      0,
      0,
      0,
      0
    ],
    [
      1,
      0,
      1,
      0,
      0,
      0,
      0,
      0,
      0,
      0
    ],
    [
      0,
      1,
      0,
      1,
      0,
      0,
      0,
      0,
      0,
      0
    ],
    [
      0,
      0,
      1,
      0,
      1,
      0,
      0,
      0,
      0,
      0
    ],
    [
      0,
      0,
      0,
      1,
      0,
      1,
      0,
      0,
      0,
      0
    ],
    [
      0,
      0,
      0,
      0,
      1,
      0,
      1,
      0,
      0,
      0
    ],
    [
      0,
      0,
      0,
      0,
      0,
      1,
      0,
      1,
      0,
      0
    ],
    [
      0,
      0,
      0,
      0,
      0,
      0,
      1,
      0,
      1,
      0
    ],
    [
      0,
      0,
      0,
      0,
      0,
      0,
      0,
      1,
      0,
      1
    ],
    [
      0,
      0,
      0,
      0,
      0,
      0,
      0,
      0,
      1,
      0
    ]
  ],
  "dh_parameters": [
    [
      0.0,
      0.333,
      0.0,
      1.5707963267948966
    ],
    [
      0.0,
      0.0,
      0.0,
      -1.5707963267948966
    ],
    [
      0.0,
      0.316,
      0.0,
      1.5707963267948966
    ],
    [
      0.0825,
      0.0,
      0.0,
      1.5707963267948966
    ],
    [
      -0.0825,
      0.384,
      0.0,
      -1.5707963267948966
    ],
    [
      0.0,
      0.0,
      0.0,
      1.5707963267948966
    ],
    [
      0.088,
      0.107,
      0.0,
      0.0
    ]
  ],
  "morphology_type": "franka_9dof_modified"
}