{
  "num_nodes": 9,
  "node_features": [
    [
      0.0,
      0.0,
      0.0,
      0.0,
      0
    ],
    [
      -2.939019388867136,
      2.9079145087150873,
      2.175,
      0.0,
      1
    ],
    [
      -2.9623364646228207,
      2.9772336890894953,
      2.175,
      0.0,
      1
    ],
    [
      -3.0440854011044434,
      3.0061022702026494,
      2.175,
      0.0,
      1
    ],
    [
      -2.9877880294332155,
      3.0078229465945654,
      2.175,
      0.0,
      1
    ],
    [
      -2.9246957985949074,
      3.041446665704735,
      2.175,
      0.0,
      1
    ],
    [
      -3.0138102665877153,
      2.9462213670970647,
      2.175,
      0.0,
      1
    ],
    [
      -3.017626821817336,
      3.0605921916889867,
      2.175,
      0.0,
      1
    ],
    [
      -2.90994357792154,
      2.9603308588588813,
      2.175,
      0.33,
      2
    ]
  ],
  "adjacency_matrix": [
    [
      0,
      1,
      0,
      0,
      0,
      0,
      0,
      0,
      0
    ],
    [
      1,
      0,
      1,
      0,
      0,
      0,
      0,
      0,
      0
    ],
    [
      0,
      1,
      0,
      1,
      0,
      0,
      0,
      0,
      0
    ],
    [
      0,
      0,
      1,
      0,
      1,
      0,
      0,
      0,
      0
    ],
    [
      0,
      0,
      0,
      1,
      0,
      1,
      0,
      0,
      0
    ],
    [
      0,
      0,
      0,
      0,
      1,
      0,
      1,
      0,
      0
    ],
    [
      0,
      0,
      0,
      0,
      0,
      1,
      0,
      1,
      0
    ],
    [
      0,
      0,
      0,
      0,
      0,
      0,
      1,
      0,
      1
    ],
    [
      0,
      0,
      0,
      0,
      0,
      0,
      0,
      1,
      0
    ]
  ],
  "dh_parameters": [
    [
      0.0,
      0.333,
      0.0,
      1.5707963267948966
    ],
    [
      0.0,
      0.0,
      0.0,
      -1.5707963267948966
    ],
    [
      0.0,
      0.316,
      0.0,
      1.5707963267948966
    ],
    [
      0.0825,
      0.0,
      0.0,
      1.5707963267948966
    ],
    [
      -0.0825,
      0.384,
      0.0,
      -1.5707963267948966
    ],
    [
      0.0,
      0.0,
      0.0,
      1.5707963267948966
    ],
    [
      0.088,
      0.107,
      0.0,
      0.0
    ]
  ],
  "morphology_type": "franka_8dof_modified"
}