{
  "num_nodes": 10,
  "node_features": [
    [
      0.0,
      0.0,
      0.0,
      0.0,
      0
    ],
    [
      -2.980080592431704,
      3.0601159932551654,
      2.175,
      0.0,
      1
    ],
    [
      -2.9139506936529855,
      2.9672771358925183,
      2.175,
      0.0,
      1
    ],
    [
      -2.992514670624369,
      3.0203232956806243,
      2.175,
      0.0,
      1
    ],
    [
      -2.936749762286432,
      2.9008242299439466,
      2.175,
      0.0,
      1
    ],
    [
      -2.9241183599880074,
      2.9806050538214954,
      2.175,
      0.0,
      1
    ],
    [
      -3.008330498769819,
      3.068764404115902,
      2.175,
      0.0,
      1
    ],
    [
      -3.0170709123121062,
      2.956043457086164,
      2.175,
      0.0,
      1
    ],
    [
      -3.0305449418072237,
      2.9581867942970397,
      2.175,
      0.33,
      1
    ],
    [
      -3.038104311691161,
      2.906505319457476,
      2.175,
      0.33,
      2
    ]
  ],
  "adjacency_matrix": [
    [
      0,
      1,
      0,
      0,
      0,
      0,
      0,
      0,
      0,
      0
    ],
    [
      1,
      0,
      1,
      0,
      0,
      0,
      0,
      0,
      0,
      0
    ],
    [
      0,
      1,
      0,
      1,
      0,
      0,
      0,
      0,
      0,
      0
    ],
    [
      0,
      0,
      1,
      0,
      1,
      0,
      0,
      0,
      0,
      0
    ],
    [
      0,
      0,
      0,
      1,
      0,
      1,
      0,
      0,
      0,
      0
    ],
    [
      0,
      0,
      0,
      0,
      1,
      0,
      1,
      0,
      0,
      0
    ],
    [
      0,
      0,
      0,
      0,
      0,
      1,
      0,
      1,
      0,
      0
    ],
    [
      0,
      0,
      0,
      0,
      0,
      0,
      1,
      0,
      1,
      0
    ],
    [
      0,
      0,
      0,
      0,
      0,
      0,
      0,
      1,
      0,
      1
    ],
    [
      0,
      0,
      0,
      0,
      0,
      0,
      0,
      0,
      1,
      0
    ]
  ],
  "dh_parameters": [
    [
      0.0,
      0.333,
      0.0,
      1.5707963267948966
    ],
    [
      0.0,
      0.0,
      0.0,
      -1.5707963267948966
    ],
    [
      0.0,
      0.316,
      0.0,
      1.5707963267948966
    ],
    [
      0.0825,
      0.0,
      0.0,
      1.5707963267948966
    ],
    [
      -0.0825,
      0.384,
      0.0,
      -1.5707963267948966
    ],
    [
      0.0,
      0.0,
      0.0,
      1.5707963267948966
    ],
    [
      0.088,
      0.107,
      0.0,
      0.0
    ]
  ],
  "morphology_type": "franka_9dof_modified"
}