{
  "num_nodes": 10,
  "node_features": [
    [
      0.0,
      0.0,
      0.0,
      0.0,
      0
    ],
    [
      -2.9620538342824427,
      2.929891455114845,
      2.175,
      0.0,
      1
    ],
    [
      -3.0460312893561525,
      3.0289753136225963,
      2.175,
      0.0,
      1
    ],
    [
      -2.9493417975839247,
      2.9792029123425476,
      2.175,
      0.0,
      1
    ],
    [
      -2.9829466489252225,
      3.0326388427453894,
      2.175,
      0.0,
      1
    ],
    [
      -3.035619238544556,
      3.0598014562563187,
      2.175,
      0.0,
      1
    ],
    [
      -3.015529600768693,
      3.0263433879291832,
      2.175,
      0.0,
      1
    ],
    [
      -3.0545031548619814,
      2.9837405459064645,
      2.175,
      0.0,
      1
    ],
    [
      -2.982496823676302,
      3.000051779791409,
      2.175,
      0.33,
      1
    ],
    [
      -3.035704668865721,
      3.0275678830763457,
      2.175,
      0.33,
      2
    ]
  ],
  "adjacency_matrix": [
    [
      0,
      1,
      0,
      0,
      0,
      0,
      0,
      0,
      0,
      0
    ],
    [
      1,
      0,
      1,
      0,
      0,
      0,
      0,
      0,
      0,
      0
    ],
    [
      0,
      1,
      0,
      1,
      0,
      0,
      0,
      0,
      0,
      0
    ],
    [
      0,
      0,
      1,
      0,
      1,
      0,
      0,
      0,
      0,
      0
    ],
    [
      0,
      0,
      0,
      1,
      0,
      1,
      0,
      0,
      0,
      0
    ],
    [
      0,
      0,
      0,
      0,
      1,
      0,
      1,
      0,
      0,
      0
    ],
    [
      0,
      0,
      0,
      0,
      0,
      1,
      0,
      1,
      0,
      0
    ],
    [
      0,
      0,
      0,
      0,
      0,
      0,
      1,
      0,
      1,
      0
    ],
    [
      0,
      0,
      0,
      0,
      0,
      0,
      0,
      1,
      0,
      1
    ],
    [
      0,
      0,
      0,
      0,
      0,
      0,
      0,
      0,
      1,
      0
    ]
  ],
  "dh_parameters": [
    [
      0.0,
      0.333,
      0.0,
      1.5707963267948966
    ],
    [
      0.0,
      0.0,
      0.0,
      -1.5707963267948966
    ],
    [
      0.0,
      0.316,
      0.0,
      1.5707963267948966
    ],
    [
      0.0825,
      0.0,
      0.0,
      1.5707963267948966
    ],
    [
      -0.0825,
      0.384,
      0.0,
      -1.5707963267948966
    ],
    [
      0.0,
      0.0,
      0.0,
      1.5707963267948966
    ],
    [
      0.088,
      0.107,
      0.0,
      0.0
    ]
  ],
  "morphology_type": "franka_9dof_modified"
}