{
  "num_nodes": 6,
  "node_features": [
    [
      0.0,
      0.0,
      0.0,
      0.0,
      0
    ],
    [
      -3.039173353422743,
      2.928167033855974,
      2.175,
      0.0,
      1
    ],
    [
      -2.934225462589105,
      2.9166605563258132,
      2.175,
      0.0,
      1
    ],
    [
      -3.0364654975771974,
      2.9309520245566136,
      2.175,
      0.0,
      1
    ],
    [
      -2.9304609304458364,
      3.0104524237413544,
      2.175,
      0.0,
      1
    ],
    [
      -3.006867828632252,
      2.953159277695825,
      2.175,
      0.0,
      2
    ]
  ],
  "adjacency_matrix": [
    [
      0,
      1,
      0,
      0,
      0,
      0
    ],
    [
      1,
      0,
      1,
      0,
      0,
      0
    ],
    [
      0,
      1,
      0,
      1,
      0,
      0
    ],
    [
      0,
      0,
      1,
      0,
      1,
      0
    ],
    [
      0,
      0,
      0,
      1,
      0,
      1
    ],
    [
      0,
      0,
      0,
      0,
      1,
      0
    ]
  ],
  "dh_parameters": [
    [
      0.0,
      0.333,
      0.0,
      1.5707963267948966
    ],
    [
      0.0,
      0.0,
      0.0,
      -1.5707963267948966
    ],
    [
      0.0,
      0.316,
      0.0,
      1.5707963267948966
    ],
    [
      0.0825,
      0.0,
      0.0,
      1.5707963267948966
    ],
    [
      -0.0825,
      0.384,
      0.0,
      -1.5707963267948966
    ]
  ],
  "morphology_type": "franka_5dof_modified"
}