{
  "num_nodes": 10,
  "node_features": [
    [
      0.0,
      0.0,
      0.0,
      0.0,
      0
    ],
    [
      -2.9163696752126773,
      2.9957799412597383,
      2.175,
      0.0,
      1
    ],
    [
      -3.0363368620659834,
      2.9799384976400316,
      2.175,
      0.0,
      1
    ],
    [
      -2.9382173076368,
      2.993341293817942,
      2.175,
      0.0,
      1
    ],
    [
      -2.986932275801528,
      2.908020967497126,
      2.175,
      0.0,
      1
    ],
    [
      -2.9708675004320444,
      2.9726064929512166,
      2.175,
      0.0,
      1
    ],
    [
      -2.931196839444799,
      2.927679501849887,
      2.175,
      0.0,
      1
    ],
    [
      -2.979293253882049,
      3.036444849481911,
      2.175,
      0.0,
      1
    ],
    [
      -2.9183909109411394,
      3.0110535693999703,
      2.175,
      0.33,
      1
    ],
    [
      -2.9038577909892704,
      2.947446438674856,
      2.175,
      0.33,
      2
    ]
  ],
  "adjacency_matrix": [
    [
      0,
      1,
      0,
      0,
      0,
      0,
      0,
      0,
      0,
      0
    ],
    [
      1,
      0,
      1,
      0,
      0,
      0,
      0,
      0,
      0,
      0
    ],
    [
      0,
      1,
      0,
      1,
      0,
      0,
      0,
      0,
      0,
      0
    ],
    [
      0,
      0,
      1,
      0,
      1,
      0,
      0,
      0,
      0,
      0
    ],
    [
      0,
      0,
      0,
      1,
      0,
      1,
      0,
      0,
      0,
      0
    ],
    [
      0,
      0,
      0,
      0,
      1,
      0,
      1,
      0,
      0,
      0
    ],
    [
      0,
      0,
      0,
      0,
      0,
      1,
      0,
      1,
      0,
      0
    ],
    [
      0,
      0,
      0,
      0,
      0,
      0,
      1,
      0,
      1,
      0
    ],
    [
      0,
      0,
      0,
      0,
      0,
      0,
      0,
      1,
      0,
      1
    ],
    [
      0,
      0,
      0,
      0,
      0,
      0,
      0,
      0,
      1,
      0
    ]
  ],
  "dh_parameters": [
    [
      0.0,
      0.333,
      0.0,
      1.5707963267948966
    ],
    [
      0.0,
      0.0,
      0.0,
      -1.5707963267948966
    ],
    [
      0.0,
      0.316,
      0.0,
      1.5707963267948966
    ],
    [
      0.0825,
      0.0,
      0.0,
      1.5707963267948966
    ],
    [
      -0.0825,
      0.384,
      0.0,
      -1.5707963267948966
    ],
    [
      0.0,
      0.0,
      0.0,
      1.5707963267948966
    ],
    [
      0.088,
      0.107,
      0.0,
      0.0
    ]
  ],
  "morphology_type": "franka_9dof_modified"
}