{
  "num_nodes": 10,
  "node_features": [
    [
      0.0,
      0.0,
      0.0,
      0.0,
      0
    ],
    [
      -2.903969740176866,
      2.94008970873914,
      2.175,
      0.0,
      1
    ],
    [
      -3.014075057599006,
      2.9965537201024284,
      2.175,
      0.0,
      1
    ],
    [
      -2.911647614494175,
      3.046569454462658,
      2.175,
      0.0,
      1
    ],
    [
      -3.04058496322623,
      3.036107568730048,
      2.175,
      0.0,
      1
    ],
    [
      -3.006164544823342,
      2.9941563966564426,
      2.175,
      0.0,
      1
    ],
    [
      -2.9101859027075334,
      3.05197885319744,
      2.175,
      0.0,
      1
    ],
    [
      -2.956376210199329,
      2.9894293986669687,
      2.175,
      0.0,
      1
    ],
    [
      -2.9959096910646914,
      3.0143757785229424,
      2.175,
      0.33,
      1
    ],
    [
      -3.031257548911986,
      2.9201089090060646,
      2.175,
      0.33,
      2
    ]
  ],
  "adjacency_matrix": [
    [
      0,
      1,
      0,
      0,
      0,
      0,
      0,
      0,
      0,
      0
    ],
    [
      1,
      0,
      1,
      0,
      0,
      0,
      0,
      0,
      0,
      0
    ],
    [
      0,
      1,
      0,
      1,
      0,
      0,
      0,
      0,
      0,
      0
    ],
    [
      0,
      0,
      1,
      0,
      1,
      0,
      0,
      0,
      0,
      0
    ],
    [
      0,
      0,
      0,
      1,
      0,
      1,
      0,
      0,
      0,
      0
    ],
    [
      0,
      0,
      0,
      0,
      1,
      0,
      1,
      0,
      0,
      0
    ],
    [
      0,
      0,
      0,
      0,
      0,
      1,
      0,
      1,
      0,
      0
    ],
    [
      0,
      0,
      0,
      0,
      0,
      0,
      1,
      0,
      1,
      0
    ],
    [
      0,
      0,
      0,
      0,
      0,
      0,
      0,
      1,
      0,
      1
    ],
    [
      0,
      0,
      0,
      0,
      0,
      0,
      0,
      0,
      1,
      0
    ]
  ],
  "dh_parameters": [
    [
      0.0,
      0.333,
      0.0,
      1.5707963267948966
    ],
    [
      0.0,
      0.0,
      0.0,
      -1.5707963267948966
    ],
    [
      0.0,
      0.316,
      0.0,
      1.5707963267948966
    ],
    [
      0.0825,
      0.0,
      0.0,
      1.5707963267948966
    ],
    [
      -0.0825,
      0.384,
      0.0,
      -1.5707963267948966
    ],
    [
      0.0,
      0.0,
      0.0,
      1.5707963267948966
    ],
    [
      0.088,
      0.107,
      0.0,
      0.0
    ]
  ],
  "morphology_type": "franka_9dof_modified"
}