{
  "num_nodes": 10,
  "node_features": [
    [
      0.0,
      0.0,
      0.0,
      0.0,
      0
    ],
    [
      -2.9559548374592763,
      3.0625562937128663,
      2.175,
      0.0,
      1
    ],
    [
      -3.058176449749193,
      2.9087284407825873,
      2.175,
      0.0,
      1
    ],
    [
      -2.9511038131650986,
      2.981787234014255,
      2.175,
      0.0,
      1
    ],
    [
      -2.985632155882115,
      2.95971577793751,
      2.175,
      0.0,
      1
    ],
    [
      -2.9002398242970178,
      3.05432625589076,
      2.175,
      0.0,
      1
    ],
    [
      -3.0253909757102484,
      2.904783788679518,
      2.175,
      0.0,
      1
    ],
    [
      -2.9191406198820906,
      2.915978343932724,
      2.175,
      0.0,
      1
    ],
    [
      -3.0377347132596446,
      3.046565400308132,
      2.175,
      0.33,
      1
    ],
    [
      -2.932905740104237,
      2.953415366490849,
      2.175,
      0.33,
      2
    ]
  ],
  "adjacency_matrix": [
    [
      0,
      1,
      0,
      0,
      0,
      0,
      0,
      0,
      0,
      0
    ],
    [
      1,
      0,
      1,
      0,
      0,
      0,
      0,
      0,
      0,
      0
    ],
    [
      0,
      1,
      0,
      1,
      0,
      0,
      0,
      0,
      0,
      0
    ],
    [
      0,
      0,
      1,
      0,
      1,
      0,
      0,
      0,
      0,
      0
    ],
    [
      0,
      0,
      0,
      1,
      0,
      1,
      0,
      0,
      0,
      0
    ],
    [
      0,
      0,
      0,
      0,
      1,
      0,
      1,
      0,
      0,
      0
    ],
    [
      0,
      0,
      0,
      0,
      0,
      1,
      0,
      1,
      0,
      0
    ],
    [
      0,
      0,
      0,
      0,
      0,
      0,
      1,
      0,
      1,
      0
    ],
    [
      0,
      0,
      0,
      0,
      0,
      0,
      0,
      1,
      0,
      1
    ],
    [
      0,
      0,
      0,
      0,
      0,
      0,
      0,
      0,
      1,
      0
    ]
  ],
  "dh_parameters": [
    [
      0.0,
      0.333,
      0.0,
      1.5707963267948966
    ],
    [
      0.0,
      0.0,
      0.0,
      -1.5707963267948966
    ],
    [
      0.0,
      0.316,
      0.0,
      1.5707963267948966
    ],
    [
      0.0825,
      0.0,
      0.0,
      1.5707963267948966
    ],
    [
      -0.0825,
      0.384,
      0.0,
      -1.5707963267948966
    ],
    [
      0.0,
      0.0,
      0.0,
      1.5707963267948966
    ],
    [
      0.088,
      0.107,
      0.0,
      0.0
    ]
  ],
  "morphology_type": "franka_9dof_modified"
}