{
  "num_nodes": 10,
  "node_features": [
    [
      0.0,
      0.0,
      0.0,
      0.0,
      0
    ],
    [
      -2.931822990041296,
      3.067138337733932,
      2.175,
      0.0,
      1
    ],
    [
      -2.922878888082653,
      2.90839567353851,
      2.175,
      0.0,
      1
    ],
    [
      -3.0549685054924707,
      2.911378972723479,
      2.175,
      0.0,
      1
    ],
    [
      -2.9855519929405863,
      2.9417682368691445,
      2.175,
      0.0,
      1
    ],
    [
      -3.059564156528735,
      2.9221130993209106,
      2.175,
      0.0,
      1
    ],
    [
      -2.9230304740721293,
      3.010590005404865,
      2.175,
      0.0,
      1
    ],
    [
      -2.964564149171397,
      3.008347246427166,
      2.175,
      0.0,
      1
    ],
    [
      -3.064194786652696,
      3.0606870824336347,
      2.175,
      0.33,
      1
    ],
    [
      -2.9613726089591625,
      3.0128164819910292,
      2.175,
      0.33,
      2
    ]
  ],
  "adjacency_matrix": [
    [
      0,
      1,
      0,
      0,
      0,
      0,
      0,
      0,
      0,
      0
    ],
    [
      1,
      0,
      1,
      0,
      0,
      0,
      0,
      0,
      0,
      0
    ],
    [
      0,
      1,
      0,
      1,
      0,
      0,
      0,
      0,
      0,
      0
    ],
    [
      0,
      0,
      1,
      0,
      1,
      0,
      0,
      0,
      0,
      0
    ],
    [
      0,
      0,
      0,
      1,
      0,
      1,
      0,
      0,
      0,
      0
    ],
    [
      0,
      0,
      0,
      0,
      1,
      0,
      1,
      0,
      0,
      0
    ],
    [
      0,
      0,
      0,
      0,
      0,
      1,
      0,
      1,
      0,
      0
    ],
    [
      0,
      0,
      0,
      0,
      0,
      0,
      1,
      0,
      1,
      0
    ],
    [
      0,
      0,
      0,
      0,
      0,
      0,
      0,
      1,
      0,
      1
    ],
    [
      0,
      0,
      0,
      0,
      0,
      0,
      0,
      0,
      1,
      0
    ]
  ],
  "dh_parameters": [
    [
      0.0,
      0.333,
      0.0,
      1.5707963267948966
    ],
    [
      0.0,
      0.0,
      0.0,
      -1.5707963267948966
    ],
    [
      0.0,
      0.316,
      0.0,
      1.5707963267948966
    ],
    [
      0.0825,
      0.0,
      0.0,
      1.5707963267948966
    ],
    [
      -0.0825,
      0.384,
      0.0,
      -1.5707963267948966
    ],
    [
      0.0,
      0.0,
      0.0,
      1.5707963267948966
    ],
    [
      0.088,
      0.107,
      0.0,
      0.0
    ]
  ],
  "morphology_type": "franka_9dof_modified"
}