{
  "num_nodes": 10,
  "node_features": [
    [
      0.0,
      0.0,
      0.0,
      0.0,
      0
    ],
    [
      -2.9764933983236914,
      2.994069258571801,
      2.175,
      0.0,
      1
    ],
    [
      -2.941727447974216,
      2.9684683659223587,
      2.175,
      0.0,
      1
    ],
    [
      -2.972219032301738,
      3.0503631481437816,
      2.175,
      0.0,
      1
    ],
    [
      -2.922732580602323,
      2.9350482285095567,
      2.175,
      0.0,
      1
    ],
    [
      -3.012402287033397,
      2.945530204274371,
      2.175,
      0.0,
      1
    ],
    [
      -2.9722642923265914,
      2.9240029865409025,
      2.175,
      0.0,
      1
    ],
    [
      -3.066218310567259,
      3.003042366361655,
      2.175,
      0.0,
      1
    ],
    [
      -3.054123378349169,
      2.9609386778095397,
      2.175,
      0.33,
      1
    ],
    [
      -3.014593472546107,
      3.0087764037684157,
      2.175,
      0.33,
      2
    ]
  ],
  "adjacency_matrix": [
    [
      0,
      1,
      0,
      0,
      0,
      0,
      0,
      0,
      0,
      0
    ],
    [
      1,
      0,
      1,
      0,
      0,
      0,
      0,
      0,
      0,
      0
    ],
    [
      0,
      1,
      0,
      1,
      0,
      0,
      0,
      0,
      0,
      0
    ],
    [
      0,
      0,
      1,
      0,
      1,
      0,
      0,
      0,
      0,
      0
    ],
    [
      0,
      0,
      0,
      1,
      0,
      1,
      0,
      0,
      0,
      0
    ],
    [
      0,
      0,
      0,
      0,
      1,
      0,
      1,
      0,
      0,
      0
    ],
    [
      0,
      0,
      0,
      0,
      0,
      1,
      0,
      1,
      0,
      0
    ],
    [
      0,
      0,
      0,
      0,
      0,
      0,
      1,
      0,
      1,
      0
    ],
    [
      0,
      0,
      0,
      0,
      0,
      0,
      0,
      1,
      0,
      1
    ],
    [
      0,
      0,
      0,
      0,
      0,
      0,
      0,
      0,
      1,
      0
    ]
  ],
  "dh_parameters": [
    [
      0.0,
      0.333,
      0.0,
      1.5707963267948966
    ],
    [
      0.0,
      0.0,
      0.0,
      -1.5707963267948966
    ],
    [
      0.0,
      0.316,
      0.0,
      1.5707963267948966
    ],
    [
      0.0825,
      0.0,
      0.0,
      1.5707963267948966
    ],
    [
      -0.0825,
      0.384,
      0.0,
      -1.5707963267948966
    ],
    [
      0.0,
      0.0,
      0.0,
      1.5707963267948966
    ],
    [
      0.088,
      0.107,
      0.0,
      0.0
    ]
  ],
  "morphology_type": "franka_9dof_modified"
}