{
  "num_nodes": 10,
  "node_features": [
    [
      0.0,
      0.0,
      0.0,
      0.0,
      0
    ],
    [
      -2.9470320836716644,
      2.9401869102450817,
      2.175,
      0.0,
      1
    ],
    [
      -3.0191533098147016,
      2.901465791507662,
      2.175,
      0.0,
      1
    ],
    [
      -3.0275530450862593,
      3.0489274715770396,
      2.175,
      0.0,
      1
    ],
    [
      -2.9970384153414056,
      2.9785226740001867,
      2.175,
      0.0,
      1
    ],
    [
      -2.9817592015490084,
      3.008289222738795,
      2.175,
      0.0,
      1
    ],
    [
      -2.914794753629566,
      3.060891450474758,
      2.175,
      0.0,
      1
    ],
    [
      -2.9974453127456613,
      3.039065901392536,
      2.175,
      0.0,
      1
    ],
    [
      -2.9722162449133624,
      2.9278185134555836,
      2.175,
      0.33,
      1
    ],
    [
      -2.907997628077417,
      2.9395795951710064,
      2.175,
      0.33,
      2
    ]
  ],
  "adjacency_matrix": [
    [
      0,
      1,
      0,
      0,
      0,
      0,
      0,
      0,
      0,
      0
    ],
    [
      1,
      0,
      1,
      0,
      0,
      0,
      0,
      0,
      0,
      0
    ],
    [
      0,
      1,
      0,
      1,
      0,
      0,
      0,
      0,
      0,
      0
    ],
    [
      0,
      0,
      1,
      0,
      1,
      0,
      0,
      0,
      0,
      0
    ],
    [
      0,
      0,
      0,
      1,
      0,
      1,
      0,
      0,
      0,
      0
    ],
    [
      0,
      0,
      0,
      0,
      1,
      0,
      1,
      0,
      0,
      0
    ],
    [
      0,
      0,
      0,
      0,
      0,
      1,
      0,
      1,
      0,
      0
    ],
    [
      0,
      0,
      0,
      0,
      0,
      0,
      1,
      0,
      1,
      0
    ],
    [
      0,
      0,
      0,
      0,
      0,
      0,
      0,
      1,
      0,
      1
    ],
    [
      0,
      0,
      0,
      0,
      0,
      0,
      0,
      0,
      1,
      0
    ]
  ],
  "dh_parameters": [
    [
      0.0,
      0.333,
      0.0,
      1.5707963267948966
    ],
    [
      0.0,
      0.0,
      0.0,
      -1.5707963267948966
    ],
    [
      0.0,
      0.316,
      0.0,
      1.5707963267948966
    ],
    [
      0.0825,
      0.0,
      0.0,
      1.5707963267948966
    ],
    [
      -0.0825,
      0.384,
      0.0,
      -1.5707963267948966
    ],
    [
      0.0,
      0.0,
      0.0,
      1.5707963267948966
    ],
    [
      0.088,
      0.107,
      0.0,
      0.0
    ]
  ],
  "morphology_type": "franka_9dof_modified"
}