{
  "num_nodes": 9,
  "node_features": [
    [
      0.0,
      0.0,
      0.0,
      0.0,
      0
    ],
    [
      -2.9084546444635486,
      2.9452032780983646,
      2.175,
      0.0,
      1
    ],
    [
      -3.009264512778038,
      2.9983396648165197,
      2.175,
      0.0,
      1
    ],
    [
      -2.9422502549033087,
      3.0291728098509108,
      2.175,
      0.0,
      1
    ],
    [
      -3.0384949275246385,
      2.9994750589608685,
      2.175,
      0.0,
      1
    ],
    [
      -2.9801870161964543,
      2.9184245198810927,
      2.175,
      0.0,
      1
    ],
    [
      -3.028915328188612,
      3.0178101517274665,
      2.175,
      0.0,
      1
    ],
    [
      -2.9529730229079347,
      3.0615692521669877,
      2.175,
      0.0,
      1
    ],
    [
      -2.9897825001176885,
      2.9800852821278574,
      2.175,
      0.33,
      2
    ]
  ],
  "adjacency_matrix": [
    [
      0,
      1,
      0,
      0,
      0,
      0,
      0,
      0,
      0
    ],
    [
      1,
      0,
      1,
      0,
      0,
      0,
      0,
      0,
      0
    ],
    [
      0,
      1,
      0,
      1,
      0,
      0,
      0,
      0,
      0
    ],
    [
      0,
      0,
      1,
      0,
      1,
      0,
      0,
      0,
      0
    ],
    [
      0,
      0,
      0,
      1,
      0,
      1,
      0,
      0,
      0
    ],
    [
      0,
      0,
      0,
      0,
      1,
      0,
      1,
      0,
      0
    ],
    [
      0,
      0,
      0,
      0,
      0,
      1,
      0,
      1,
      0
    ],
    [
      0,
      0,
      0,
      0,
      0,
      0,
      1,
      0,
      1
    ],
    [
      0,
      0,
      0,
      0,
      0,
      0,
      0,
      1,
      0
    ]
  ],
  "dh_parameters": [
    [
      0.0,
      0.333,
      0.0,
      1.5707963267948966
    ],
    [
      0.0,
      0.0,
      0.0,
      -1.5707963267948966
    ],
    [
      0.0,
      0.316,
      0.0,
      1.5707963267948966
    ],
    [
      0.0825,
      0.0,
      0.0,
      1.5707963267948966
    ],
    [
      -0.0825,
      0.384,
      0.0,
      -1.5707963267948966
    ],
    [
      0.0,
      0.0,
      0.0,
      1.5707963267948966
    ],
    [
      0.088,
      0.107,
      0.0,
      0.0
    ]
  ],
  "morphology_type": "franka_8dof_modified"
}