{
  "num_nodes": 10,
  "node_features": [
    [
      0.0,
      0.0,
      0.0,
      0.0,
      0
    ],
    [
      -3.0318138010976936,
      3.012082997550574,
      2.175,
      0.0,
      1
    ],
    [
      -2.9815005841695155,
      3.068393012321798,
      2.175,
      0.0,
      1
    ],
    [
      -2.935820195392162,
      3.0643245527955725,
      2.175,
      0.0,
      1
    ],
    [
      -3.0225985756684777,
      2.9360190521562637,
      2.175,
      0.0,
      1
    ],
    [
      -2.965035221972225,
      2.9982879926256736,
      2.175,
      0.0,
      1
    ],
    [
      -2.9247608872212294,
      3.0002819245496086,
      2.175,
      0.0,
      1
    ],
    [
      -2.9619425572266174,
      3.047755550605322,
      2.175,
      0.0,
      1
    ],
    [
      -3.066653897121941,
      3.066174107069061,
      2.175,
      0.33,
      1
    ],
    [
      -2.9663548759695284,
      2.923093093296609,
      2.175,
      0.33,
      2
    ]
  ],
  "adjacency_matrix": [
    [
      0,
      1,
      0,
      0,
      0,
      0,
      0,
      0,
      0,
      0
    ],
    [
      1,
      0,
      1,
      0,
      0,
      0,
      0,
      0,
      0,
      0
    ],
    [
      0,
      1,
      0,
      1,
      0,
      0,
      0,
      0,
      0,
      0
    ],
    [
      0,
      0,
      1,
      0,
      1,
      0,
      0,
      0,
      0,
      0
    ],
    [
      0,
      0,
      0,
      1,
      0,
      1,
      0,
      0,
      0,
      0
    ],
    [
      0,
      0,
      0,
      0,
      1,
      0,
      1,
      0,
      0,
      0
    ],
    [
      0,
      0,
      0,
      0,
      0,
      1,
      0,
      1,
      0,
      0
    ],
    [
      0,
      0,
      0,
      0,
      0,
      0,
      1,
      0,
      1,
      0
    ],
    [
      0,
      0,
      0,
      0,
      0,
      0,
      0,
      1,
      0,
      1
    ],
    [
      0,
      0,
      0,
      0,
      0,
      0,
      0,
      0,
      1,
      0
    ]
  ],
  "dh_parameters": [
    [
      0.0,
      0.333,
      0.0,
      1.5707963267948966
    ],
    [
      0.0,
      0.0,
      0.0,
      -1.5707963267948966
    ],
    [
      0.0,
      0.316,
      0.0,
      1.5707963267948966
    ],
    [
      0.0825,
      0.0,
      0.0,
      1.5707963267948966
    ],
    [
      -0.0825,
      0.384,
      0.0,
      -1.5707963267948966
    ],
    [
      0.0,
      0.0,
      0.0,
      1.5707963267948966
    ],
    [
      0.088,
      0.107,
      0.0,
      0.0
    ]
  ],
  "morphology_type": "franka_9dof_modified"
}