{
  "num_nodes": 10,
  "node_features": [
    [
      0.0,
      0.0,
      0.0,
      0.0,
      0
    ],
    [
      -3.0509130111731984,
      3.064444699792062,
      2.175,
      0.0,
      1
    ],
    [
      -2.917382898721805,
      2.9821312272393365,
      2.175,
      0.0,
      1
    ],
    [
      -3.011390753955513,
      2.9036699307720077,
      2.175,
      0.0,
      1
    ],
    [
      -2.995292766913184,
      3.0056380218063183,
      2.175,
      0.0,
      1
    ],
    [
      -3.0385211349285743,
      3.040710788066292,
      2.175,
      0.0,
      1
    ],
    [
      -2.95003383531211,
      3.000249370745432,
      2.175,
      0.0,
      1
    ],
    [
      -2.940392760318846,
      2.9482551423375045,
      2.175,
      0.0,
      1
    ],
    [
      -2.9748690683844146,
      3.069134132600371,
      2.175,
      0.33,
      1
    ],
    [
      -2.925512898223539,
      3.0191039375291533,
      2.175,
      0.33,
      2
    ]
  ],
  "adjacency_matrix": [
    [
      0,
      1,
      0,
      0,
      0,
      0,
      0,
      0,
      0,
      0
    ],
    [
      1,
      0,
      1,
      0,
      0,
      0,
      0,
      0,
      0,
      0
    ],
    [
      0,
      1,
      0,
      1,
      0,
      0,
      0,
      0,
      0,
      0
    ],
    [
      0,
      0,
      1,
      0,
      1,
      0,
      0,
      0,
      0,
      0
    ],
    [
      0,
      0,
      0,
      1,
      0,
      1,
      0,
      0,
      0,
      0
    ],
    [
      0,
      0,
      0,
      0,
      1,
      0,
      1,
      0,
      0,
      0
    ],
    [
      0,
      0,
      0,
      0,
      0,
      1,
      0,
      1,
      0,
      0
    ],
    [
      0,
      0,
      0,
      0,
      0,
      0,
      1,
      0,
      1,
      0
    ],
    [
      0,
      0,
      0,
      0,
      0,
      0,
      0,
      1,
      0,
      1
    ],
    [
      0,
      0,
      0,
      0,
      0,
      0,
      0,
      0,
      1,
      0
    ]
  ],
  "dh_parameters": [
    [
      0.0,
      0.333,
      0.0,
      1.5707963267948966
    ],
    [
      0.0,
      0.0,
      0.0,
      -1.5707963267948966
    ],
    [
      0.0,
      0.316,
      0.0,
      1.5707963267948966
    ],
    [
      0.0825,
      0.0,
      0.0,
      1.5707963267948966
    ],
    [
      -0.0825,
      0.384,
      0.0,
      -1.5707963267948966
    ],
    [
      0.0,
      0.0,
      0.0,
      1.5707963267948966
    ],
    [
      0.088,
      0.107,
      0.0,
      0.0
    ]
  ],
  "morphology_type": "franka_9dof_modified"
}