{
  "num_nodes": 10,
  "node_features": [
    [
      0.0,
      0.0,
      0.0,
      0.0,
      0
    ],
    [
      -3.019818022468745,
      3.0215365857380654,
      2.175,
      0.0,
      1
    ],
    [
      -2.974146830884948,
      3.0360714507370563,
      2.175,
      0.0,
      1
    ],
    [
      -3.0663984125626746,
      3.0236506749557663,
      2.175,
      0.0,
      1
    ],
    [
      -2.906247280637414,
      2.9838548381383982,
      2.175,
      0.0,
      1
    ],
    [
      -3.0341513405599736,
      2.9968574361223976,
      2.175,
      0.0,
      1
    ],
    [
      -2.906951668407242,
      2.960022178990289,
      2.175,
      0.0,
      1
    ],
    [
      -2.943927843760518,
      2.9021831402667195,
      2.175,
      0.0,
      1
    ],
    [
      -2.968029297438375,
      3.0420358070065023,
      2.175,
      0.33,
      1
    ],
    [
      -3.002413191502577,
      3.0189231800513796,
      2.175,
      0.33,
      2
    ]
  ],
  "adjacency_matrix": [
    [
      0,
      1,
      0,
      0,
      0,
      0,
      0,
      0,
      0,
      0
    ],
    [
      1,
      0,
      1,
      0,
      0,
      0,
      0,
      0,
      0,
      0
    ],
    [
      0,
      1,
      0,
      1,
      0,
      0,
      0,
      0,
      0,
      0
    ],
    [
      0,
      0,
      1,
      0,
      1,
      0,
      0,
      0,
      0,
      0
    ],
    [
      0,
      0,
      0,
      1,
      0,
      1,
      0,
      0,
      0,
      0
    ],
    [
      0,
      0,
      0,
      0,
      1,
      0,
      1,
      0,
      0,
      0
    ],
    [
      0,
      0,
      0,
      0,
      0,
      1,
      0,
      1,
      0,
      0
    ],
    [
      0,
      0,
      0,
      0,
      0,
      0,
      1,
      0,
      1,
      0
    ],
    [
      0,
      0,
      0,
      0,
      0,
      0,
      0,
      1,
      0,
      1
    ],
    [
      0,
      0,
      0,
      0,
      0,
      0,
      0,
      0,
      1,
      0
    ]
  ],
  "dh_parameters": [
    [
      0.0,
      0.333,
      0.0,
      1.5707963267948966
    ],
    [
      0.0,
      0.0,
      0.0,
      -1.5707963267948966
    ],
    [
      0.0,
      0.316,
      0.0,
      1.5707963267948966
    ],
    [
      0.0825,
      0.0,
      0.0,
      1.5707963267948966
    ],
    [
      -0.0825,
      0.384,
      0.0,
      -1.5707963267948966
    ],
    [
      0.0,
      0.0,
      0.0,
      1.5707963267948966
    ],
    [
      0.088,
      0.107,
      0.0,
      0.0
    ]
  ],
  "morphology_type": "franka_9dof_modified"
}