{
  "num_nodes": 7,
  "node_features": [
    [
      0.0,
      0.0,
      0.0,
      0.0,
      0
    ],
    [
      -3.046620372777225,
      2.9496772398230053,
      2.175,
      0.0,
      1
    ],
    [
      -2.9344392535241486,
      2.991998335342836,
      2.175,
      0.0,
      1
    ],
    [
      -2.9459695912228114,
      2.90608232556577,
      2.175,
      0.0,
      1
    ],
    [
      -2.919822030049715,
      2.9873407039237856,
      2.175,
      0.0,
      1
    ],
    [
      -3.0611676219463178,
      2.9541003302597253,
      2.175,
      0.0,
      1
    ],
    [
      -3.0461968763775977,
      3.0363238720849526,
      2.175,
      0.0,
      2
    ]
  ],
  "adjacency_matrix": [
    [
      0,
      1,
      0,
      0,
      0,
      0,
      0
    ],
    [
      1,
      0,
      1,
      0,
      0,
      0,
      0
    ],
    [
      0,
      1,
      0,
      1,
      0,
      0,
      0
    ],
    [
      0,
      0,
      1,
      0,
      1,
      0,
      0
    ],
    [
      0,
      0,
      0,
      1,
      0,
      1,
      0
    ],
    [
      0,
      0,
      0,
      0,
      1,
      0,
      1
    ],
    [
      0,
      0,
      0,
      0,
      0,
      1,
      0
    ]
  ],
  "dh_parameters": [
    [
      0.0,
      0.333,
      0.0,
      1.5707963267948966
    ],
    [
      0.0,
      0.0,
      0.0,
      -1.5707963267948966
    ],
    [
      0.0,
      0.316,
      0.0,
      1.5707963267948966
    ],
    [
      0.0825,
      0.0,
      0.0,
      1.5707963267948966
    ],
    [
      -0.0825,
      0.384,
      0.0,
      -1.5707963267948966
    ],
    [
      0.0,
      0.0,
      0.0,
      1.5707963267948966
    ]
  ],
  "morphology_type": "franka_6dof_modified"
}