{
  "num_nodes": 10,
  "node_features": [
    [
      0.0,
      0.0,
      0.0,
      0.0,
      0
    ],
    [
      -2.9923900077070322,
      2.9958722273787317,
      2.175,
      0.0,
      1
    ],
    [
      -3.0507890360605407,
      2.937493857128125,
      2.175,
      0.0,
      1
    ],
    [
      -2.9358549399006573,
      2.9900147145478955,
      2.175,
      0.0,
      1
    ],
    [
      -3.02953823517097,
      2.962237586041333,
      2.175,
      0.0,
      1
    ],
    [
      -2.9432214219837065,
      3.0577604154787448,
      2.175,
      0.0,
      1
    ],
    [
      -2.9096585180274412,
      2.960845457179183,
      2.175,
      0.0,
      1
    ],
    [
      -2.963085907091487,
      2.9478516184944463,
      2.175,
      0.0,
      1
    ],
    [
      -2.9037298106940996,
      3.062864775942449,
      2.175,
      0.33,
      1
    ],
    [
      -2.998059847994114,
      3.002919455062921,
      2.175,
      0.33,
      2
    ]
  ],
  "adjacency_matrix": [
    [
      0,
      1,
      0,
      0,
      0,
      0,
      0,
      0,
      0,
      0
    ],
    [
      1,
      0,
      1,
      0,
      0,
      0,
      0,
      0,
      0,
      0
    ],
    [
      0,
      1,
      0,
      1,
      0,
      0,
      0,
      0,
      0,
      0
    ],
    [
      0,
      0,
      1,
      0,
      1,
      0,
      0,
      0,
      0,
      0
    ],
    [
      0,
      0,
      0,
      1,
      0,
      1,
      0,
      0,
      0,
      0
    ],
    [
      0,
      0,
      0,
      0,
      1,
      0,
      1,
      0,
      0,
      0
    ],
    [
      0,
      0,
      0,
      0,
      0,
      1,
      0,
      1,
      0,
      0
    ],
    [
      0,
      0,
      0,
      0,
      0,
      0,
      1,
      0,
      1,
      0
    ],
    [
      0,
      0,
      0,
      0,
      0,
      0,
      0,
      1,
      0,
      1
    ],
    [
      0,
      0,
      0,
      0,
      0,
      0,
      0,
      0,
      1,
      0
    ]
  ],
  "dh_parameters": [
    [
      0.0,
      0.333,
      0.0,
      1.5707963267948966
    ],
    [
      0.0,
      0.0,
      0.0,
      -1.5707963267948966
    ],
    [
      0.0,
      0.316,
      0.0,
      1.5707963267948966
    ],
    [
      0.0825,
      0.0,
      0.0,
      1.5707963267948966
    ],
    [
      -0.0825,
      0.384,
      0.0,
      -1.5707963267948966
    ],
    [
      0.0,
      0.0,
      0.0,
      1.5707963267948966
    ],
    [
      0.088,
      0.107,
      0.0,
      0.0
    ]
  ],
  "morphology_type": "franka_9dof_modified"
}