{
  "num_nodes": 10,
  "node_features": [
    [
      0.0,
      0.0,
      0.0,
      0.0,
      0
    ],
    [
      -3.048217735058441,
      2.982474769601077,
      2.175,
      0.0,
      1
    ],
    [
      -2.906214700703748,
      2.9333802098649793,
      2.175,
      0.0,
      1
    ],
    [
      -2.92801929238728,
      3.003424335482684,
      2.175,
      0.0,
      1
    ],
    [
      -2.903861015339421,
      3.0689966448405706,
      2.175,
      0.0,
      1
    ],
    [
      -3.03159931464093,
      2.9722425495381684,
      2.175,
      0.0,
      1
    ],
    [
      -3.012091503035153,
      3.0198877527963606,
      2.175,
      0.0,
      1
    ],
    [
      -3.05708926411224,
      2.9337931641547694,
      2.175,
      0.0,
      1
    ],
    [
      -2.9194919859178747,
      2.977469748468544,
      2.175,
      0.33,
      1
    ],
    [
      -2.9738917820077706,
      2.948690636642855,
      2.175,
      0.33,
      2
    ]
  ],
  "adjacency_matrix": [
    [
      0,
      1,
      0,
      0,
      0,
      0,
      0,
      0,
      0,
      0
    ],
    [
      1,
      0,
      1,
      0,
      0,
      0,
      0,
      0,
      0,
      0
    ],
    [
      0,
      1,
      0,
      1,
      0,
      0,
      0,
      0,
      0,
      0
    ],
    [
      0,
      0,
      1,
      0,
      1,
      0,
      0,
      0,
      0,
      0
    ],
    [
      0,
      0,
      0,
      1,
      0,
      1,
      0,
      0,
      0,
      0
    ],
    [
      0,
      0,
      0,
      0,
      1,
      0,
      1,
      0,
      0,
      0
    ],
    [
      0,
      0,
      0,
      0,
      0,
      1,
      0,
      1,
      0,
      0
    ],
    [
      0,
      0,
      0,
      0,
      0,
      0,
      1,
      0,
      1,
      0
    ],
    [
      0,
      0,
      0,
      0,
      0,
      0,
      0,
      1,
      0,
      1
    ],
    [
      0,
      0,
      0,
      0,
      0,
      0,
      0,
      0,
      1,
      0
    ]
  ],
  "dh_parameters": [
    [
      0.0,
      0.333,
      0.0,
      1.5707963267948966
    ],
    [
      0.0,
      0.0,
      0.0,
      -1.5707963267948966
    ],
    [
      0.0,
      0.316,
      0.0,
      1.5707963267948966
    ],
    [
      0.0825,
      0.0,
      0.0,
      1.5707963267948966
    ],
    [
      -0.0825,
      0.384,
      0.0,
      -1.5707963267948966
    ],
    [
      0.0,
      0.0,
      0.0,
      1.5707963267948966
    ],
    [
      0.088,
      0.107,
      0.0,
      0.0
    ]
  ],
  "morphology_type": "franka_9dof_modified"
}