{
  "num_nodes": 10,
  "node_features": [
    [
      0.0,
      0.0,
      0.0,
      0.0,
      0
    ],
    [
      -3.0037235894280694,
      3.0151222402011126,
      2.175,
      0.0,
      1
    ],
    [
      -2.9756095379362595,
      3.0044313846292763,
      2.175,
      0.0,
      1
    ],
    [
      -2.9012268366403284,
      2.959626649142147,
      2.175,
      0.0,
      1
    ],
    [
      -2.9299104686863435,
      2.9208484397084327,
      2.175,
      0.0,
      1
    ],
    [
      -2.9273984363577683,
      2.9050698202640843,
      2.175,
      0.0,
      1
    ],
    [
      -2.911554645476876,
      3.0484493413240275,
      2.175,
      0.0,
      1
    ],
    [
      -2.9324033318867606,
      2.936387651163781,
      2.175,
      0.0,
      1
    ],
    [
      -2.9708564472336745,
      2.913705999023856,
      2.175,
      0.33,
      1
    ],
    [
      -2.9658117460973186,
      2.995412196808647,
      2.175,
      0.33,
      2
    ]
  ],
  "adjacency_matrix": [
    [
      0,
      1,
      0,
      0,
      0,
      0,
      0,
      0,
      0,
      0
    ],
    [
      1,
      0,
      1,
      0,
      0,
      0,
      0,
      0,
      0,
      0
    ],
    [
      0,
      1,
      0,
      1,
      0,
      0,
      0,
      0,
      0,
      0
    ],
    [
      0,
      0,
      1,
      0,
      1,
      0,
      0,
      0,
      0,
      0
    ],
    [
      0,
      0,
      0,
      1,
      0,
      1,
      0,
      0,
      0,
      0
    ],
    [
      0,
      0,
      0,
      0,
      1,
      0,
      1,
      0,
      0,
      0
    ],
    [
      0,
      0,
      0,
      0,
      0,
      1,
      0,
      1,
      0,
      0
    ],
    [
      0,
      0,
      0,
      0,
      0,
      0,
      1,
      0,
      1,
      0
    ],
    [
      0,
      0,
      0,
      0,
      0,
      0,
      0,
      1,
      0,
      1
    ],
    [
      0,
      0,
      0,
      0,
      0,
      0,
      0,
      0,
      1,
      0
    ]
  ],
  "dh_parameters": [
    [
      0.0,
      0.333,
      0.0,
      1.5707963267948966
    ],
    [
      0.0,
      0.0,
      0.0,
      -1.5707963267948966
    ],
    [
      0.0,
      0.316,
      0.0,
      1.5707963267948966
    ],
    [
      0.0825,
      0.0,
      0.0,
      1.5707963267948966
    ],
    [
      -0.0825,
      0.384,
      0.0,
      -1.5707963267948966
    ],
    [
      0.0,
      0.0,
      0.0,
      1.5707963267948966
    ],
    [
      0.088,
      0.107,
      0.0,
      0.0
    ]
  ],
  "morphology_type": "franka_9dof_modified"
}