{
  "num_nodes": 10,
  "node_features": [
    [
      0.0,
      0.0,
      0.0,
      0.0,
      0
    ],
    [
      -2.9855518564800017,
      2.9417899000027417,
      2.175,
      0.0,
      1
    ],
    [
      -2.9740554920336244,
      3.027536511758067,
      2.175,
      0.0,
      1
    ],
    [
      -2.944686558072948,
      2.9519670780639555,
      2.175,
      0.0,
      1
    ],
    [
      -2.9022275194049847,
      3.0057502810631007,
      2.175,
      0.0,
      1
    ],
    [
      -2.9617951203881576,
      2.959405834549092,
      2.175,
      0.0,
      1
    ],
    [
      -2.937683310490951,
      3.0567468205190256,
      2.175,
      0.0,
      1
    ],
    [
      -3.0407254776530896,
      3.0101198448871664,
      2.175,
      0.0,
      1
    ],
    [
      -2.9166103233879284,
      3.0351733820851887,
      2.175,
      0.33,
      1
    ],
    [
      -3.05325050582816,
      3.04574668639891,
      2.175,
      0.33,
      2
    ]
  ],
  "adjacency_matrix": [
    [
      0,
      1,
      0,
      0,
      0,
      0,
      0,
      0,
      0,
      0
    ],
    [
      1,
      0,
      1,
      0,
      0,
      0,
      0,
      0,
      0,
      0
    ],
    [
      0,
      1,
      0,
      1,
      0,
      0,
      0,
      0,
      0,
      0
    ],
    [
      0,
      0,
      1,
      0,
      1,
      0,
      0,
      0,
      0,
      0
    ],
    [
      0,
      0,
      0,
      1,
      0,
      1,
      0,
      0,
      0,
      0
    ],
    [
      0,
      0,
      0,
      0,
      1,
      0,
      1,
      0,
      0,
      0
    ],
    [
      0,
      0,
      0,
      0,
      0,
      1,
      0,
      1,
      0,
      0
    ],
    [
      0,
      0,
      0,
      0,
      0,
      0,
      1,
      0,
      1,
      0
    ],
    [
      0,
      0,
      0,
      0,
      0,
      0,
      0,
      1,
      0,
      1
    ],
    [
      0,
      0,
      0,
      0,
      0,
      0,
      0,
      0,
      1,
      0
    ]
  ],
  "dh_parameters": [
    [
      0.0,
      0.333,
      0.0,
      1.5707963267948966
    ],
    [
      0.0,
      0.0,
      0.0,
      -1.5707963267948966
    ],
    [
      0.0,
      0.316,
      0.0,
      1.5707963267948966
    ],
    [
      0.0825,
      0.0,
      0.0,
      1.5707963267948966
    ],
    [
      -0.0825,
      0.384,
      0.0,
      -1.5707963267948966
    ],
    [
      0.0,
      0.0,
      0.0,
      1.5707963267948966
    ],
    [
      0.088,
      0.107,
      0.0,
      0.0
    ]
  ],
  "morphology_type": "franka_9dof_modified"
}