{
  "num_nodes": 10,
  "node_features": [
    [
      0.0,
      0.0,
      0.0,
      0.0,
      0
    ],
    [
      -2.9292630050070247,
      3.037767242539795,
      2.175,
      0.0,
      1
    ],
    [
      -3.047490502280005,
      3.043306547499065,
      2.175,
      0.0,
      1
    ],
    [
      -2.9526881834927576,
      3.0165839934425045,
      2.175,
      0.0,
      1
    ],
    [
      -2.943870886766536,
      3.066127596180593,
      2.175,
      0.0,
      1
    ],
    [
      -3.0346898514966383,
      2.94313135047,
      2.175,
      0.0,
      1
    ],
    [
      -2.9095940880687015,
      2.986888907438012,
      2.175,
      0.0,
      1
    ],
    [
      -2.9059617772558406,
      2.978264713932669,
      2.175,
      0.0,
      1
    ],
    [
      -2.9781444172623934,
      3.0261785563596515,
      2.175,
      0.33,
      1
    ],
    [
      -3.058647033746942,
      3.008935197763356,
      2.175,
      0.33,
      2
    ]
  ],
  "adjacency_matrix": [
    [
      0,
      1,
      0,
      0,
      0,
      0,
      0,
      0,
      0,
      0
    ],
    [
      1,
      0,
      1,
      0,
      0,
      0,
      0,
      0,
      0,
      0
    ],
    [
      0,
      1,
      0,
      1,
      0,
      0,
      0,
      0,
      0,
      0
    ],
    [
      0,
      0,
      1,
      0,
      1,
      0,
      0,
      0,
      0,
      0
    ],
    [
      0,
      0,
      0,
      1,
      0,
      1,
      0,
      0,
      0,
      0
    ],
    [
      0,
      0,
      0,
      0,
      1,
      0,
      1,
      0,
      0,
      0
    ],
    [
      0,
      0,
      0,
      0,
      0,
      1,
      0,
      1,
      0,
      0
    ],
    [
      0,
      0,
      0,
      0,
      0,
      0,
      1,
      0,
      1,
      0
    ],
    [
      0,
      0,
      0,
      0,
      0,
      0,
      0,
      1,
      0,
      1
    ],
    [
      0,
      0,
      0,
      0,
      0,
      0,
      0,
      0,
      1,
      0
    ]
  ],
  "dh_parameters": [
    [
      0.0,
      0.333,
      0.0,
      1.5707963267948966
    ],
    [
      0.0,
      0.0,
      0.0,
      -1.5707963267948966
    ],
    [
      0.0,
      0.316,
      0.0,
      1.5707963267948966
    ],
    [
      0.0825,
      0.0,
      0.0,
      1.5707963267948966
    ],
    [
      -0.0825,
      0.384,
      0.0,
      -1.5707963267948966
    ],
    [
      0.0,
      0.0,
      0.0,
      1.5707963267948966
    ],
    [
      0.088,
      0.107,
      0.0,
      0.0
    ]
  ],
  "morphology_type": "franka_9dof_modified"
}