{
  "num_nodes": 10,
  "node_features": [
    [
      0.0,
      0.0,
      0.0,
      0.0,
      0
    ],
    [
      -2.9378271555424345,
      3.032290919000026,
      2.175,
      0.0,
      1
    ],
    [
      -3.017386070142815,
      3.060050582951603,
      2.175,
      0.0,
      1
    ],
    [
      -2.9932197574128736,
      2.945607772446223,
      2.175,
      0.0,
      1
    ],
    [
      -2.9230476991494263,
      3.0356577537654292,
      2.175,
      0.0,
      1
    ],
    [
      -2.9926625344774767,
      2.9287496134449524,
      2.175,
      0.0,
      1
    ],
    [
      -3.06229633853613,
      2.9819210283003046,
      2.175,
      0.0,
      1
    ],
    [
      -3.061764196613415,
      3.011679268385759,
      2.175,
      0.0,
      1
    ],
    [
      -2.9779609843383437,
      2.9855630952562526,
      2.175,
      0.33,
      1
    ],
    [
      -2.916758548166891,
      2.956866068927645,
      2.175,
      0.33,
      2
    ]
  ],
  "adjacency_matrix": [
    [
      0,
      1,
      0,
      0,
      0,
      0,
      0,
      0,
      0,
      0
    ],
    [
      1,
      0,
      1,
      0,
      0,
      0,
      0,
      0,
      0,
      0
    ],
    [
      0,
      1,
      0,
      1,
      0,
      0,
      0,
      0,
      0,
      0
    ],
    [
      0,
      0,
      1,
      0,
      1,
      0,
      0,
      0,
      0,
      0
    ],
    [
      0,
      0,
      0,
      1,
      0,
      1,
      0,
      0,
      0,
      0
    ],
    [
      0,
      0,
      0,
      0,
      1,
      0,
      1,
      0,
      0,
      0
    ],
    [
      0,
      0,
      0,
      0,
      0,
      1,
      0,
      1,
      0,
      0
    ],
    [
      0,
      0,
      0,
      0,
      0,
      0,
      1,
      0,
      1,
      0
    ],
    [
      0,
      0,
      0,
      0,
      0,
      0,
      0,
      1,
      0,
      1
    ],
    [
      0,
      0,
      0,
      0,
      0,
      0,
      0,
      0,
      1,
      0
    ]
  ],
  "dh_parameters": [
    [
      0.0,
      0.333,
      0.0,
      1.5707963267948966
    ],
    [
      0.0,
      0.0,
      0.0,
      -1.5707963267948966
    ],
    [
      0.0,
      0.316,
      0.0,
      1.5707963267948966
    ],
    [
      0.0825,
      0.0,
      0.0,
      1.5707963267948966
    ],
    [
      -0.0825,
      0.384,
      0.0,
      -1.5707963267948966
    ],
    [
      0.0,
      0.0,
      0.0,
      1.5707963267948966
    ],
    [
      0.088,
      0.107,
      0.0,
      0.0
    ]
  ],
  "morphology_type": "franka_9dof_modified"
}