{
  "num_nodes": 10,
  "node_features": [
    [
      0.0,
      0.0,
      0.0,
      0.0,
      0
    ],
    [
      -2.911733872677245,
      3.0421722717468413,
      2.175,
      0.0,
      1
    ],
    [
      -2.904562955613087,
      2.945893428069264,
      2.175,
      0.0,
      1
    ],
    [
      -2.9912802520619386,
      2.9763672606404943,
      2.175,
      0.0,
      1
    ],
    [
      -2.9559235577956477,
      2.996952210244754,
      2.175,
      0.0,
      1
    ],
    [
      -2.9538569416488234,
      2.9651575365202776,
      2.175,
      0.0,
      1
    ],
    [
      -2.912515491560218,
      2.9570558515486898,
      2.175,
      0.0,
      1
    ],
    [
      -2.988000949376938,
      2.9788757834633843,
      2.175,
      0.0,
      1
    ],
    [
      -3.017072270539016,
      2.9905315271638218,
      2.175,
      0.33,
      1
    ],
    [
      -2.980693552677283,
      3.0684124733699187,
      2.175,
      0.33,
      2
    ]
  ],
  "adjacency_matrix": [
    [
      0,
      1,
      0,
      0,
      0,
      0,
      0,
      0,
      0,
      0
    ],
    [
      1,
      0,
      1,
      0,
      0,
      0,
      0,
      0,
      0,
      0
    ],
    [
      0,
      1,
      0,
      1,
      0,
      0,
      0,
      0,
      0,
      0
    ],
    [
      0,
      0,
      1,
      0,
      1,
      0,
      0,
      0,
      0,
      0
    ],
    [
      0,
      0,
      0,
      1,
      0,
      1,
      0,
      0,
      0,
      0
    ],
    [
      0,
      0,
      0,
      0,
      1,
      0,
      1,
      0,
      0,
      0
    ],
    [
      0,
      0,
      0,
      0,
      0,
      1,
      0,
      1,
      0,
      0
    ],
    [
      0,
      0,
      0,
      0,
      0,
      0,
      1,
      0,
      1,
      0
    ],
    [
      0,
      0,
      0,
      0,
      0,
      0,
      0,
      1,
      0,
      1
    ],
    [
      0,
      0,
      0,
      0,
      0,
      0,
      0,
      0,
      1,
      0
    ]
  ],
  "dh_parameters": [
    [
      0.0,
      0.333,
      0.0,
      1.5707963267948966
    ],
    [
      0.0,
      0.0,
      0.0,
      -1.5707963267948966
    ],
    [
      0.0,
      0.316,
      0.0,
      1.5707963267948966
    ],
    [
      0.0825,
      0.0,
      0.0,
      1.5707963267948966
    ],
    [
      -0.0825,
      0.384,
      0.0,
      -1.5707963267948966
    ],
    [
      0.0,
      0.0,
      0.0,
      1.5707963267948966
    ],
    [
      0.088,
      0.107,
      0.0,
      0.0
    ]
  ],
  "morphology_type": "franka_9dof_modified"
}