{
  "num_nodes": 10,
  "node_features": [
    [
      0.0,
      0.0,
      0.0,
      0.0,
      0
    ],
    [
      -2.9475942556767145,
      3.0527826208805977,
      2.175,
      0.0,
      1
    ],
    [
      -2.9572043845779437,
      3.026918209756006,
      2.175,
      0.0,
      1
    ],
    [
      -3.0169299603238127,
      3.031404720112768,
      2.175,
      0.0,
      1
    ],
    [
      -2.9224078009079175,
      2.9428233951419234,
      2.175,
      0.0,
      1
    ],
    [
      -3.0203348380317814,
      2.902755917329853,
      2.175,
      0.0,
      1
    ],
    [
      -2.98709092576513,
      2.9096572743336764,
      2.175,
      0.0,
      1
    ],
    [
      -3.027967717228856,
      2.990979456590695,
      2.175,
      0.0,
      1
    ],
    [
      -2.922614390916357,
      2.9156344746335283,
      2.175,
      0.33,
      1
    ],
    [
      -2.9374082284927496,
      2.9119340883012566,
      2.175,
      0.33,
      2
    ]
  ],
  "adjacency_matrix": [
    [
      0,
      1,
      0,
      0,
      0,
      0,
      0,
      0,
      0,
      0
    ],
    [
      1,
      0,
      1,
      0,
      0,
      0,
      0,
      0,
      0,
      0
    ],
    [
      0,
      1,
      0,
      1,
      0,
      0,
      0,
      0,
      0,
      0
    ],
    [
      0,
      0,
      1,
      0,
      1,
      0,
      0,
      0,
      0,
      0
    ],
    [
      0,
      0,
      0,
      1,
      0,
      1,
      0,
      0,
      0,
      0
    ],
    [
      0,
      0,
      0,
      0,
      1,
      0,
      1,
      0,
      0,
      0
    ],
    [
      0,
      0,
      0,
      0,
      0,
      1,
      0,
      1,
      0,
      0
    ],
    [
      0,
      0,
      0,
      0,
      0,
      0,
      1,
      0,
      1,
      0
    ],
    [
      0,
      0,
      0,
      0,
      0,
      0,
      0,
      1,
      0,
      1
    ],
    [
      0,
      0,
      0,
      0,
      0,
      0,
      0,
      0,
      1,
      0
    ]
  ],
  "dh_parameters": [
    [
      0.0,
      0.333,
      0.0,
      1.5707963267948966
    ],
    [
      0.0,
      0.0,
      0.0,
      -1.5707963267948966
    ],
    [
      0.0,
      0.316,
      0.0,
      1.5707963267948966
    ],
    [
      0.0825,
      0.0,
      0.0,
      1.5707963267948966
    ],
    [
      -0.0825,
      0.384,
      0.0,
      -1.5707963267948966
    ],
    [
      0.0,
      0.0,
      0.0,
      1.5707963267948966
    ],
    [
      0.088,
      0.107,
      0.0,
      0.0
    ]
  ],
  "morphology_type": "franka_9dof_modified"
}