{
  "num_nodes": 10,
  "node_features": [
    [
      0.0,
      0.0,
      0.0,
      0.0,
      0
    ],
    [
      -3.018680105741808,
      2.9811879804700907,
      2.175,
      0.0,
      1
    ],
    [
      -2.995473737985377,
      2.913625297902162,
      2.175,
      0.0,
      1
    ],
    [
      -2.9115536658315198,
      3.0242162786654267,
      2.175,
      0.0,
      1
    ],
    [
      -2.9415952141576205,
      3.009868515335752,
      2.175,
      0.0,
      1
    ],
    [
      -2.9502850275671255,
      2.9415529104537352,
      2.175,
      0.0,
      1
    ],
    [
      -2.917902579474279,
      2.9494840140977776,
      2.175,
      0.0,
      1
    ],
    [
      -2.9075182823268846,
      2.9123848926377276,
      2.175,
      0.0,
      1
    ],
    [
      -2.941277287941622,
      2.965650532679359,
      2.175,
      0.33,
      1
    ],
    [
      -2.941350572479932,
      2.9816684741221913,
      2.175,
      0.33,
      2
    ]
  ],
  "adjacency_matrix": [
    [
      0,
      1,
      0,
      0,
      0,
      0,
      0,
      0,
      0,
      0
    ],
    [
      1,
      0,
      1,
      0,
      0,
      0,
      0,
      0,
      0,
      0
    ],
    [
      0,
      1,
      0,
      1,
      0,
      0,
      0,
      0,
      0,
      0
    ],
    [
      0,
      0,
      1,
      0,
      1,
      0,
      0,
      0,
      0,
      0
    ],
    [
      0,
      0,
      0,
      1,
      0,
      1,
      0,
      0,
      0,
      0
    ],
    [
      0,
      0,
      0,
      0,
      1,
      0,
      1,
      0,
      0,
      0
    ],
    [
      0,
      0,
      0,
      0,
      0,
      1,
      0,
      1,
      0,
      0
    ],
    [
      0,
      0,
      0,
      0,
      0,
      0,
      1,
      0,
      1,
      0
    ],
    [
      0,
      0,
      0,
      0,
      0,
      0,
      0,
      1,
      0,
      1
    ],
    [
      0,
      0,
      0,
      0,
      0,
      0,
      0,
      0,
      1,
      0
    ]
  ],
  "dh_parameters": [
    [
      0.0,
      0.333,
      0.0,
      1.5707963267948966
    ],
    [
      0.0,
      0.0,
      0.0,
      -1.5707963267948966
    ],
    [
      0.0,
      0.316,
      0.0,
      1.5707963267948966
    ],
    [
      0.0825,
      0.0,
      0.0,
      1.5707963267948966
    ],
    [
      -0.0825,
      0.384,
      0.0,
      -1.5707963267948966
    ],
    [
      0.0,
      0.0,
      0.0,
      1.5707963267948966
    ],
    [
      0.088,
      0.107,
      0.0,
      0.0
    ]
  ],
  "morphology_type": "franka_9dof_modified"
}