{
  "num_nodes": 9,
  "node_features": [
    [
      0.0,
      0.0,
      0.0,
      0.0,
      0
    ],
    [
      -2.9534731163187544,
      3.014485138718227,
      2.175,
      0.0,
      1
    ],
    [
      -3.0175622327772857,
      3.0077602190294623,
      2.175,
      0.0,
      1
    ],
    [
      -2.93108577495991,
      3.064020459704965,
      2.175,
      0.0,
      1
    ],
    [
      -2.9980987905485508,
      3.0228433762878506,
      2.175,
      0.0,
      1
    ],
    [
      -2.9143217756082924,
      3.028785558599915,
      2.175,
      0.0,
      1
    ],
    [
      -2.968849451838394,
      3.0181006035442275,
      2.175,
      0.0,
      1
    ],
    [
      -2.9542650669967796,
      2.906655823191359,
      2.175,
      0.0,
      1
    ],
    [
      -3.058097968106998,
      3.011303419368606,
      2.175,
      0.33,
      2
    ]
  ],
  "adjacency_matrix": [
    [
      0,
      1,
      0,
      0,
      0,
      0,
      0,
      0,
      0
    ],
    [
      1,
      0,
      1,
      0,
      0,
      0,
      0,
      0,
      0
    ],
    [
      0,
      1,
      0,
      1,
      0,
      0,
      0,
      0,
      0
    ],
    [
      0,
      0,
      1,
      0,
      1,
      0,
      0,
      0,
      0
    ],
    [
      0,
      0,
      0,
      1,
      0,
      1,
      0,
      0,
      0
    ],
    [
      0,
      0,
      0,
      0,
      1,
      0,
      1,
      0,
      0
    ],
    [
      0,
      0,
      0,
      0,
      0,
      1,
      0,
      1,
      0
    ],
    [
      0,
      0,
      0,
      0,
      0,
      0,
      1,
      0,
      1
    ],
    [
      0,
      0,
      0,
      0,
      0,
      0,
      0,
      1,
      0
    ]
  ],
  "dh_parameters": [
    [
      0.0,
      0.333,
      0.0,
      1.5707963267948966
    ],
    [
      0.0,
      0.0,
      0.0,
      -1.5707963267948966
    ],
    [
      0.0,
      0.316,
      0.0,
      1.5707963267948966
    ],
    [
      0.0825,
      0.0,
      0.0,
      1.5707963267948966
    ],
    [
      -0.0825,
      0.384,
      0.0,
      -1.5707963267948966
    ],
    [
      0.0,
      0.0,
      0.0,
      1.5707963267948966
    ],
    [
      0.088,
      0.107,
      0.0,
      0.0
    ]
  ],
  "morphology_type": "franka_8dof_modified"
}