{
  "num_nodes": 10,
  "node_features": [
    [
      0.0,
      0.0,
      0.0,
      0.0,
      0
    ],
    [
      -2.9938499923674016,
      2.9813147056545057,
      2.175,
      0.0,
      1
    ],
    [
      -3.031554550165554,
      3.003256497046893,
      2.175,
      0.0,
      1
    ],
    [
      -3.0192019721927825,
      2.9739226883968954,
      2.175,
      0.0,
      1
    ],
    [
      -3.0010914282925922,
      2.992953735937329,
      2.175,
      0.0,
      1
    ],
    [
      -3.0445200311388323,
      2.9873992210410236,
      2.175,
      0.0,
      1
    ],
    [
      -2.9684641534500518,
      2.9264572099220847,
      2.175,
      0.0,
      1
    ],
    [
      -2.9988225454553805,
      3.042272618839748,
      2.175,
      0.0,
      1
    ],
    [
      -2.9373706620176456,
      2.9860483693599917,
      2.175,
      0.33,
      1
    ],
    [
      -2.965487900112186,
      3.0273800275040132,
      2.175,
      0.33,
      2
    ]
  ],
  "adjacency_matrix": [
    [
      0,
      1,
      0,
      0,
      0,
      0,
      0,
      0,
      0,
      0
    ],
    [
      1,
      0,
      1,
      0,
      0,
      0,
      0,
      0,
      0,
      0
    ],
    [
      0,
      1,
      0,
      1,
      0,
      0,
      0,
      0,
      0,
      0
    ],
    [
      0,
      0,
      1,
      0,
      1,
      0,
      0,
      0,
      0,
      0
    ],
    [
      0,
      0,
      0,
      1,
      0,
      1,
      0,
      0,
      0,
      0
    ],
    [
      0,
      0,
      0,
      0,
      1,
      0,
      1,
      0,
      0,
      0
    ],
    [
      0,
      0,
      0,
      0,
      0,
      1,
      0,
      1,
      0,
      0
    ],
    [
      0,
      0,
      0,
      0,
      0,
      0,
      1,
      0,
      1,
      0
    ],
    [
      0,
      0,
      0,
      0,
      0,
      0,
      0,
      1,
      0,
      1
    ],
    [
      0,
      0,
      0,
      0,
      0,
      0,
      0,
      0,
      1,
      0
    ]
  ],
  "dh_parameters": [
    [
      0.0,
      0.333,
      0.0,
      1.5707963267948966
    ],
    [
      0.0,
      0.0,
      0.0,
      -1.5707963267948966
    ],
    [
      0.0,
      0.316,
      0.0,
      1.5707963267948966
    ],
    [
      0.0825,
      0.0,
      0.0,
      1.5707963267948966
    ],
    [
      -0.0825,
      0.384,
      0.0,
      -1.5707963267948966
    ],
    [
      0.0,
      0.0,
      0.0,
      1.5707963267948966
    ],
    [
      0.088,
      0.107,
      0.0,
      0.0
    ]
  ],
  "morphology_type": "franka_9dof_modified"
}