{
  "num_nodes": 10,
  "node_features": [
    [
      0.0,
      0.0,
      0.0,
      0.0,
      0
    ],
    [
      -2.922141354004499,
      3.0545144680409084,
      2.175,
      0.0,
      1
    ],
    [
      -3.0104605653902623,
      3.0537403430078682,
      2.175,
      0.0,
      1
    ],
    [
      -2.990178345166828,
      2.994552065994886,
      2.175,
      0.0,
      1
    ],
    [
      -2.9166747004937035,
      2.9854131353931286,
      2.175,
      0.0,
      1
    ],
    [
      -2.9909821023328296,
      2.9105808130385173,
      2.175,
      0.0,
      1
    ],
    [
      -2.9438094661613765,
      2.9247245053705564,
      2.175,
      0.0,
      1
    ],
    [
      -2.905447291377532,
      3.0472814373930124,
      2.175,
      0.0,
      1
    ],
    [
      -2.928884037721329,
      3.041054725675399,
      2.175,
      0.33,
      1
    ],
    [
      -2.97007191353585,
      2.9396768210207966,
      2.175,
      0.33,
      2
    ]
  ],
  "adjacency_matrix": [
    [
      0,
      1,
      0,
      0,
      0,
      0,
      0,
      0,
      0,
      0
    ],
    [
      1,
      0,
      1,
      0,
      0,
      0,
      0,
      0,
      0,
      0
    ],
    [
      0,
      1,
      0,
      1,
      0,
      0,
      0,
      0,
      0,
      0
    ],
    [
      0,
      0,
      1,
      0,
      1,
      0,
      0,
      0,
      0,
      0
    ],
    [
      0,
      0,
      0,
      1,
      0,
      1,
      0,
      0,
      0,
      0
    ],
    [
      0,
      0,
      0,
      0,
      1,
      0,
      1,
      0,
      0,
      0
    ],
    [
      0,
      0,
      0,
      0,
      0,
      1,
      0,
      1,
      0,
      0
    ],
    [
      0,
      0,
      0,
      0,
      0,
      0,
      1,
      0,
      1,
      0
    ],
    [
      0,
      0,
      0,
      0,
      0,
      0,
      0,
      1,
      0,
      1
    ],
    [
      0,
      0,
      0,
      0,
      0,
      0,
      0,
      0,
      1,
      0
    ]
  ],
  "dh_parameters": [
    [
      0.0,
      0.333,
      0.0,
      1.5707963267948966
    ],
    [
      0.0,
      0.0,
      0.0,
      -1.5707963267948966
    ],
    [
      0.0,
      0.316,
      0.0,
      1.5707963267948966
    ],
    [
      0.0825,
      0.0,
      0.0,
      1.5707963267948966
    ],
    [
      -0.0825,
      0.384,
      0.0,
      -1.5707963267948966
    ],
    [
      0.0,
      0.0,
      0.0,
      1.5707963267948966
    ],
    [
      0.088,
      0.107,
      0.0,
      0.0
    ]
  ],
  "morphology_type": "franka_9dof_modified"
}