{
  "num_nodes": 10,
  "node_features": [
    [
      0.0,
      0.0,
      0.0,
      0.0,
      0
    ],
    [
      -3.0489515951387767,
      3.0576061538684334,
      2.175,
      0.0,
      1
    ],
    [
      -2.905025167530402,
      2.9016398017670237,
      2.175,
      0.0,
      1
    ],
    [
      -2.9916225244806647,
      2.9714137741914244,
      2.175,
      0.0,
      1
    ],
    [
      -2.9656735496880833,
      2.9794070535771846,
      2.175,
      0.0,
      1
    ],
    [
      -3.063830304150863,
      3.0535629391083803,
      2.175,
      0.0,
      1
    ],
    [
      -3.003274104574687,
      2.951936640342025,
      2.175,
      0.0,
      1
    ],
    [
      -2.9829148669976084,
      2.979893322243634,
      2.175,
      0.0,
      1
    ],
    [
      -3.028480504517302,
      3.060046378173096,
      2.175,
      0.33,
      1
    ],
    [
      -2.9914093115631486,
      3.0459376115003876,
      2.175,
      0.33,
      2
    ]
  ],
  "adjacency_matrix": [
    [
      0,
      1,
      0,
      0,
      0,
      0,
      0,
      0,
      0,
      0
    ],
    [
      1,
      0,
      1,
      0,
      0,
      0,
      0,
      0,
      0,
      0
    ],
    [
      0,
      1,
      0,
      1,
      0,
      0,
      0,
      0,
      0,
      0
    ],
    [
      0,
      0,
      1,
      0,
      1,
      0,
      0,
      0,
      0,
      0
    ],
    [
      0,
      0,
      0,
      1,
      0,
      1,
      0,
      0,
      0,
      0
    ],
    [
      0,
      0,
      0,
      0,
      1,
      0,
      1,
      0,
      0,
      0
    ],
    [
      0,
      0,
      0,
      0,
      0,
      1,
      0,
      1,
      0,
      0
    ],
    [
      0,
      0,
      0,
      0,
      0,
      0,
      1,
      0,
      1,
      0
    ],
    [
      0,
      0,
      0,
      0,
      0,
      0,
      0,
      1,
      0,
      1
    ],
    [
      0,
      0,
      0,
      0,
      0,
      0,
      0,
      0,
      1,
      0
    ]
  ],
  "dh_parameters": [
    [
      0.0,
      0.333,
      0.0,
      1.5707963267948966
    ],
    [
      0.0,
      0.0,
      0.0,
      -1.5707963267948966
    ],
    [
      0.0,
      0.316,
      0.0,
      1.5707963267948966
    ],
    [
      0.0825,
      0.0,
      0.0,
      1.5707963267948966
    ],
    [
      -0.0825,
      0.384,
      0.0,
      -1.5707963267948966
    ],
    [
      0.0,
      0.0,
      0.0,
      1.5707963267948966
    ],
    [
      0.088,
      0.107,
      0.0,
      0.0
    ]
  ],
  "morphology_type": "franka_9dof_modified"
}