{
  "num_nodes": 10,
  "node_features": [
    [
      0.0,
      0.0,
      0.0,
      0.0,
      0
    ],
    [
      -2.962999096502468,
      2.995870053233619,
      2.175,
      0.0,
      1
    ],
    [
      -2.938317428110328,
      3.041327098046231,
      2.175,
      0.0,
      1
    ],
    [
      -2.9663913936487893,
      3.0668194063120175,
      2.175,
      0.0,
      1
    ],
    [
      -2.9245409146050365,
      3.0043583450424935,
      2.175,
      0.0,
      1
    ],
    [
      -2.9705436636439737,
      2.9139321959236537,
      2.175,
      0.0,
      1
    ],
    [
      -2.960285215962307,
      2.9908994795521053,
      2.175,
      0.0,
      1
    ],
    [
      -3.068469778850334,
      3.038074005063113,
      2.175,
      0.0,
      1
    ],
    [
      -2.92660765470999,
      2.9330167159689915,
      2.175,
      0.33,
      1
    ],
    [
      -3.010941805761663,
      2.960163082817421,
      2.175,
      0.33,
      2
    ]
  ],
  "adjacency_matrix": [
    [
      0,
      1,
      0,
      0,
      0,
      0,
      0,
      0,
      0,
      0
    ],
    [
      1,
      0,
      1,
      0,
      0,
      0,
      0,
      0,
      0,
      0
    ],
    [
      0,
      1,
      0,
      1,
      0,
      0,
      0,
      0,
      0,
      0
    ],
    [
      0,
      0,
      1,
      0,
      1,
      0,
      0,
      0,
      0,
      0
    ],
    [
      0,
      0,
      0,
      1,
      0,
      1,
      0,
      0,
      0,
      0
    ],
    [
      0,
      0,
      0,
      0,
      1,
      0,
      1,
      0,
      0,
      0
    ],
    [
      0,
      0,
      0,
      0,
      0,
      1,
      0,
      1,
      0,
      0
    ],
    [
      0,
      0,
      0,
      0,
      0,
      0,
      1,
      0,
      1,
      0
    ],
    [
      0,
      0,
      0,
      0,
      0,
      0,
      0,
      1,
      0,
      1
    ],
    [
      0,
      0,
      0,
      0,
      0,
      0,
      0,
      0,
      1,
      0
    ]
  ],
  "dh_parameters": [
    [
      0.0,
      0.333,
      0.0,
      1.5707963267948966
    ],
    [
      0.0,
      0.0,
      0.0,
      -1.5707963267948966
    ],
    [
      0.0,
      0.316,
      0.0,
      1.5707963267948966
    ],
    [
      0.0825,
      0.0,
      0.0,
      1.5707963267948966
    ],
    [
      -0.0825,
      0.384,
      0.0,
      -1.5707963267948966
    ],
    [
      0.0,
      0.0,
      0.0,
      1.5707963267948966
    ],
    [
      0.088,
      0.107,
      0.0,
      0.0
    ]
  ],
  "morphology_type": "franka_9dof_modified"
}