{
  "num_nodes": 10,
  "node_features": [
    [
      0.0,
      0.0,
      0.0,
      0.0,
      0
    ],
    [
      -2.9279839211850547,
      3.021013267241245,
      2.175,
      0.0,
      1
    ],
    [
      -2.936118056755854,
      3.0248088397036823,
      2.175,
      0.0,
      1
    ],
    [
      -3.001572672502497,
      2.91639417587603,
      2.175,
      0.0,
      1
    ],
    [
      -2.9303116940190597,
      2.9707441350492063,
      2.175,
      0.0,
      1
    ],
    [
      -3.024911269253022,
      2.9595159484487055,
      2.175,
      0.0,
      1
    ],
    [
      -2.92645144086997,
      2.993940229843599,
      2.175,
      0.0,
      1
    ],
    [
      -2.908103881316206,
      2.952190853159148,
      2.175,
      0.0,
      1
    ],
    [
      -3.0269698906082048,
      3.0048773809871787,
      2.175,
      0.33,
      1
    ],
    [
      -2.9586258354429584,
      3.0576585469856954,
      2.175,
      0.33,
      2
    ]
  ],
  "adjacency_matrix": [
    [
      0,
      1,
      0,
      0,
      0,
      0,
      0,
      0,
      0,
      0
    ],
    [
      1,
      0,
      1,
      0,
      0,
      0,
      0,
      0,
      0,
      0
    ],
    [
      0,
      1,
      0,
      1,
      0,
      0,
      0,
      0,
      0,
      0
    ],
    [
      0,
      0,
      1,
      0,
      1,
      0,
      0,
      0,
      0,
      0
    ],
    [
      0,
      0,
      0,
      1,
      0,
      1,
      0,
      0,
      0,
      0
    ],
    [
      0,
      0,
      0,
      0,
      1,
      0,
      1,
      0,
      0,
      0
    ],
    [
      0,
      0,
      0,
      0,
      0,
      1,
      0,
      1,
      0,
      0
    ],
    [
      0,
      0,
      0,
      0,
      0,
      0,
      1,
      0,
      1,
      0
    ],
    [
      0,
      0,
      0,
      0,
      0,
      0,
      0,
      1,
      0,
      1
    ],
    [
      0,
      0,
      0,
      0,
      0,
      0,
      0,
      0,
      1,
      0
    ]
  ],
  "dh_parameters": [
    [
      0.0,
      0.333,
      0.0,
      1.5707963267948966
    ],
    [
      0.0,
      0.0,
      0.0,
      -1.5707963267948966
    ],
    [
      0.0,
      0.316,
      0.0,
      1.5707963267948966
    ],
    [
      0.0825,
      0.0,
      0.0,
      1.5707963267948966
    ],
    [
      -0.0825,
      0.384,
      0.0,
      -1.5707963267948966
    ],
    [
      0.0,
      0.0,
      0.0,
      1.5707963267948966
    ],
    [
      0.088,
      0.107,
      0.0,
      0.0
    ]
  ],
  "morphology_type": "franka_9dof_modified"
}