{
  "num_nodes": 10,
  "node_features": [
    [
      0.0,
      0.0,
      0.0,
      0.0,
      0
    ],
    [
      -2.9619853425602503,
      2.971962423119995,
      2.175,
      0.0,
      1
    ],
    [
      -3.026336709738782,
      3.006764905496767,
      2.175,
      0.0,
      1
    ],
    [
      -2.9871976869106276,
      3.004071704781504,
      2.175,
      0.0,
      1
    ],
    [
      -3.0562571791427304,
      2.938122564014056,
      2.175,
      0.0,
      1
    ],
    [
      -3.0405398986578813,
      2.9546123892481972,
      2.175,
      0.0,
      1
    ],
    [
      -2.9582043572911383,
      3.00331074718928,
      2.175,
      0.0,
      1
    ],
    [
      -3.0213456651973614,
      2.946066294563039,
      2.175,
      0.0,
      1
    ],
    [
      -2.9986718516274387,
      2.980648171147962,
      2.175,
      0.33,
      1
    ],
    [
      -2.938688135871044,
      2.910924082322654,
      2.175,
      0.33,
      2
    ]
  ],
  "adjacency_matrix": [
    [
      0,
      1,
      0,
      0,
      0,
      0,
      0,
      0,
      0,
      0
    ],
    [
      1,
      0,
      1,
      0,
      0,
      0,
      0,
      0,
      0,
      0
    ],
    [
      0,
      1,
      0,
      1,
      0,
      0,
      0,
      0,
      0,
      0
    ],
    [
      0,
      0,
      1,
      0,
      1,
      0,
      0,
      0,
      0,
      0
    ],
    [
      0,
      0,
      0,
      1,
      0,
      1,
      0,
      0,
      0,
      0
    ],
    [
      0,
      0,
      0,
      0,
      1,
      0,
      1,
      0,
      0,
      0
    ],
    [
      0,
      0,
      0,
      0,
      0,
      1,
      0,
      1,
      0,
      0
    ],
    [
      0,
      0,
      0,
      0,
      0,
      0,
      1,
      0,
      1,
      0
    ],
    [
      0,
      0,
      0,
      0,
      0,
      0,
      0,
      1,
      0,
      1
    ],
    [
      0,
      0,
      0,
      0,
      0,
      0,
      0,
      0,
      1,
      0
    ]
  ],
  "dh_parameters": [
    [
      0.0,
      0.333,
      0.0,
      1.5707963267948966
    ],
    [
      0.0,
      0.0,
      0.0,
      -1.5707963267948966
    ],
    [
      0.0,
      0.316,
      0.0,
      1.5707963267948966
    ],
    [
      0.0825,
      0.0,
      0.0,
      1.5707963267948966
    ],
    [
      -0.0825,
      0.384,
      0.0,
      -1.5707963267948966
    ],
    [
      0.0,
      0.0,
      0.0,
      1.5707963267948966
    ],
    [
      0.088,
      0.107,
      0.0,
      0.0
    ]
  ],
  "morphology_type": "franka_9dof_modified"
}