{
  "num_nodes": 10,
  "node_features": [
    [
      0.0,
      0.0,
      0.0,
      0.0,
      0
    ],
    [
      -2.988711578302996,
      2.9880851984202064,
      2.175,
      0.0,
      1
    ],
    [
      -3.0381056836799023,
      3.0610825942711632,
      2.175,
      0.0,
      1
    ],
    [
      -3.0553639796267964,
      2.9067739524918688,
      2.175,
      0.0,
      1
    ],
    [
      -2.925253924239966,
      3.018168122777226,
      2.175,
      0.0,
      1
    ],
    [
      -2.9037473848690447,
      3.043584098966536,
      2.175,
      0.0,
      1
    ],
    [
      -2.968076056696388,
      3.0178845650473276,
      2.175,
      0.0,
      1
    ],
    [
      -2.9580877002972525,
      2.9645101633139244,
      2.175,
      0.0,
      1
    ],
    [
      -2.93234369034936,
      2.94163695557161,
      2.175,
      0.33,
      1
    ],
    [
      -2.9415313696205887,
      3.0261458151318794,
      2.175,
      0.33,
      2
    ]
  ],
  "adjacency_matrix": [
    [
      0,
      1,
      0,
      0,
      0,
      0,
      0,
      0,
      0,
      0
    ],
    [
      1,
      0,
      1,
      0,
      0,
      0,
      0,
      0,
      0,
      0
    ],
    [
      0,
      1,
      0,
      1,
      0,
      0,
      0,
      0,
      0,
      0
    ],
    [
      0,
      0,
      1,
      0,
      1,
      0,
      0,
      0,
      0,
      0
    ],
    [
      0,
      0,
      0,
      1,
      0,
      1,
      0,
      0,
      0,
      0
    ],
    [
      0,
      0,
      0,
      0,
      1,
      0,
      1,
      0,
      0,
      0
    ],
    [
      0,
      0,
      0,
      0,
      0,
      1,
      0,
      1,
      0,
      0
    ],
    [
      0,
      0,
      0,
      0,
      0,
      0,
      1,
      0,
      1,
      0
    ],
    [
      0,
      0,
      0,
      0,
      0,
      0,
      0,
      1,
      0,
      1
    ],
    [
      0,
      0,
      0,
      0,
      0,
      0,
      0,
      0,
      1,
      0
    ]
  ],
  "dh_parameters": [
    [
      0.0,
      0.333,
      0.0,
      1.5707963267948966
    ],
    [
      0.0,
      0.0,
      0.0,
      -1.5707963267948966
    ],
    [
      0.0,
      0.316,
      0.0,
      1.5707963267948966
    ],
    [
      0.0825,
      0.0,
      0.0,
      1.5707963267948966
    ],
    [
      -0.0825,
      0.384,
      0.0,
      -1.5707963267948966
    ],
    [
      0.0,
      0.0,
      0.0,
      1.5707963267948966
    ],
    [
      0.088,
      0.107,
      0.0,
      0.0
    ]
  ],
  "morphology_type": "franka_9dof_modified"
}