{
  "num_nodes": 10,
  "node_features": [
    [
      0.0,
      0.0,
      0.0,
      0.0,
      0
    ],
    [
      -3.01100782076609,
      2.9564086606951334,
      2.175,
      0.0,
      1
    ],
    [
      -3.018221207634055,
      2.913538429370129,
      2.175,
      0.0,
      1
    ],
    [
      -3.021196530801306,
      2.9853926222111573,
      2.175,
      0.0,
      1
    ],
    [
      -2.9597532902437274,
      2.956376119990734,
      2.175,
      0.0,
      1
    ],
    [
      -3.0307046445379373,
      2.993257491136385,
      2.175,
      0.0,
      1
    ],
    [
      -3.060792866508882,
      2.9631787580094437,
      2.175,
      0.0,
      1
    ],
    [
      -2.9371905364908435,
      3.020404859770047,
      2.175,
      0.0,
      1
    ],
    [
      -2.9618583803899114,
      2.9122426658524727,
      2.175,
      0.33,
      1
    ],
    [
      -3.0528839979533866,
      3.0147843883207592,
      2.175,
      0.33,
      2
    ]
  ],
  "adjacency_matrix": [
    [
      0,
      1,
      0,
      0,
      0,
      0,
      0,
      0,
      0,
      0
    ],
    [
      1,
      0,
      1,
      0,
      0,
      0,
      0,
      0,
      0,
      0
    ],
    [
      0,
      1,
      0,
      1,
      0,
      0,
      0,
      0,
      0,
      0
    ],
    [
      0,
      0,
      1,
      0,
      1,
      0,
      0,
      0,
      0,
      0
    ],
    [
      0,
      0,
      0,
      1,
      0,
      1,
      0,
      0,
      0,
      0
    ],
    [
      0,
      0,
      0,
      0,
      1,
      0,
      1,
      0,
      0,
      0
    ],
    [
      0,
      0,
      0,
      0,
      0,
      1,
      0,
      1,
      0,
      0
    ],
    [
      0,
      0,
      0,
      0,
      0,
      0,
      1,
      0,
      1,
      0
    ],
    [
      0,
      0,
      0,
      0,
      0,
      0,
      0,
      1,
      0,
      1
    ],
    [
      0,
      0,
      0,
      0,
      0,
      0,
      0,
      0,
      1,
      0
    ]
  ],
  "dh_parameters": [
    [
      0.0,
      0.333,
      0.0,
      1.5707963267948966
    ],
    [
      0.0,
      0.0,
      0.0,
      -1.5707963267948966
    ],
    [
      0.0,
      0.316,
      0.0,
      1.5707963267948966
    ],
    [
      0.0825,
      0.0,
      0.0,
      1.5707963267948966
    ],
    [
      -0.0825,
      0.384,
      0.0,
      -1.5707963267948966
    ],
    [
      0.0,
      0.0,
      0.0,
      1.5707963267948966
    ],
    [
      0.088,
      0.107,
      0.0,
      0.0
    ]
  ],
  "morphology_type": "franka_9dof_modified"
}