{
  "num_nodes": 10,
  "node_features": [
    [
      0.0,
      0.0,
      0.0,
      0.0,
      0
    ],
    [
      -2.9997141758750017,
      3.0518684421499525,
      2.175,
      0.0,
      1
    ],
    [
      -3.0340065316798257,
      3.066520674688375,
      2.175,
      0.0,
      1
    ],
    [
      -3.029662572020847,
      3.042993859098433,
      2.175,
      0.0,
      1
    ],
    [
      -2.9759472438828514,
      3.045739285580669,
      2.175,
      0.0,
      1
    ],
    [
      -3.0424565307967546,
      3.060623328615807,
      2.175,
      0.0,
      1
    ],
    [
      -3.0199010035590774,
      2.977867739935288,
      2.175,
      0.0,
      1
    ],
    [
      -3.02472111340535,
      2.9123161626262655,
      2.175,
      0.0,
      1
    ],
    [
      -3.0127754800966833,
      3.0666212641228703,
      2.175,
      0.33,
      1
    ],
    [
      -2.9895386949760585,
      2.9173706175593708,
      2.175,
      0.33,
      2
    ]
  ],
  "adjacency_matrix": [
    [
      0,
      1,
      0,
      0,
      0,
      0,
      0,
      0,
      0,
      0
    ],
    [
      1,
      0,
      1,
      0,
      0,
      0,
      0,
      0,
      0,
      0
    ],
    [
      0,
      1,
      0,
      1,
      0,
      0,
      0,
      0,
      0,
      0
    ],
    [
      0,
      0,
      1,
      0,
      1,
      0,
      0,
      0,
      0,
      0
    ],
    [
      0,
      0,
      0,
      1,
      0,
      1,
      0,
      0,
      0,
      0
    ],
    [
      0,
      0,
      0,
      0,
      1,
      0,
      1,
      0,
      0,
      0
    ],
    [
      0,
      0,
      0,
      0,
      0,
      1,
      0,
      1,
      0,
      0
    ],
    [
      0,
      0,
      0,
      0,
      0,
      0,
      1,
      0,
      1,
      0
    ],
    [
      0,
      0,
      0,
      0,
      0,
      0,
      0,
      1,
      0,
      1
    ],
    [
      0,
      0,
      0,
      0,
      0,
      0,
      0,
      0,
      1,
      0
    ]
  ],
  "dh_parameters": [
    [
      0.0,
      0.333,
      0.0,
      1.5707963267948966
    ],
    [
      0.0,
      0.0,
      0.0,
      -1.5707963267948966
    ],
    [
      0.0,
      0.316,
      0.0,
      1.5707963267948966
    ],
    [
      0.0825,
      0.0,
      0.0,
      1.5707963267948966
    ],
    [
      -0.0825,
      0.384,
      0.0,
      -1.5707963267948966
    ],
    [
      0.0,
      0.0,
      0.0,
      1.5707963267948966
    ],
    [
      0.088,
      0.107,
      0.0,
      0.0
    ]
  ],
  "morphology_type": "franka_9dof_modified"
}