{
  "num_nodes": 10,
  "node_features": [
    [
      0.0,
      0.0,
      0.0,
      0.0,
      0
    ],
    [
      -3.045208541016336,
      3.05712000961485,
      2.175,
      0.0,
      1
    ],
    [
      -2.992864718387446,
      2.9461073303402228,
      2.175,
      0.0,
      1
    ],
    [
      -2.989887299365708,
      3.0440596987942703,
      2.175,
      0.0,
      1
    ],
    [
      -2.9666567564688595,
      2.9068083365238206,
      2.175,
      0.0,
      1
    ],
    [
      -2.966890100434567,
      3.056109767555158,
      2.175,
      0.0,
      1
    ],
    [
      -3.05420552970809,
      2.9777011828536684,
      2.175,
      0.0,
      1
    ],
    [
      -2.9478679062269415,
      2.9176093923965776,
      2.175,
      0.0,
      1
    ],
    [
      -2.932479896343078,
      2.9525346403241546,
      2.175,
      0.33,
      1
    ],
    [
      -2.9560016587159756,
      3.0549379024769356,
      2.175,
      0.33,
      2
    ]
  ],
  "adjacency_matrix": [
    [
      0,
      1,
      0,
      0,
      0,
      0,
      0,
      0,
      0,
      0
    ],
    [
      1,
      0,
      1,
      0,
      0,
      0,
      0,
      0,
      0,
      0
    ],
    [
      0,
      1,
      0,
      1,
      0,
      0,
      0,
      0,
      0,
      0
    ],
    [
      0,
      0,
      1,
      0,
      1,
      0,
      0,
      0,
      0,
      0
    ],
    [
      0,
      0,
      0,
      1,
      0,
      1,
      0,
      0,
      0,
      0
    ],
    [
      0,
      0,
      0,
      0,
      1,
      0,
      1,
      0,
      0,
      0
    ],
    [
      0,
      0,
      0,
      0,
      0,
      1,
      0,
      1,
      0,
      0
    ],
    [
      0,
      0,
      0,
      0,
      0,
      0,
      1,
      0,
      1,
      0
    ],
    [
      0,
      0,
      0,
      0,
      0,
      0,
      0,
      1,
      0,
      1
    ],
    [
      0,
      0,
      0,
      0,
      0,
      0,
      0,
      0,
      1,
      0
    ]
  ],
  "dh_parameters": [
    [
      0.0,
      0.333,
      0.0,
      1.5707963267948966
    ],
    [
      0.0,
      0.0,
      0.0,
      -1.5707963267948966
    ],
    [
      0.0,
      0.316,
      0.0,
      1.5707963267948966
    ],
    [
      0.0825,
      0.0,
      0.0,
      1.5707963267948966
    ],
    [
      -0.0825,
      0.384,
      0.0,
      -1.5707963267948966
    ],
    [
      0.0,
      0.0,
      0.0,
      1.5707963267948966
    ],
    [
      0.088,
      0.107,
      0.0,
      0.0
    ]
  ],
  "morphology_type": "franka_9dof_modified"
}