{
  "num_nodes": 10,
  "node_features": [
    [
      0.0,
      0.0,
      0.0,
      0.0,
      0
    ],
    [
      -3.0129993400830957,
      3.0426653399916694,
      2.175,
      0.0,
      1
    ],
    [
      -3.045087543407395,
      3.0499243591149474,
      2.175,
      0.0,
      1
    ],
    [
      -2.9013588973818814,
      2.969824927876061,
      2.175,
      0.0,
      1
    ],
    [
      -2.9892601722249617,
      3.017516231372952,
      2.175,
      0.0,
      1
    ],
    [
      -2.920267993564679,
      3.0387921846098345,
      2.175,
      0.0,
      1
    ],
    [
      -3.05518993662472,
      2.920579022185789,
      2.175,
      0.0,
      1
    ],
    [
      -2.959481723212528,
      2.927734828747163,
      2.175,
      0.0,
      1
    ],
    [
      -3.0671300246198685,
      3.0133744036221315,
      2.175,
      0.33,
      1
    ],
    [
      -2.984784628622537,
      2.928290088928303,
      2.175,
      0.33,
      2
    ]
  ],
  "adjacency_matrix": [
    [
      0,
      1,
      0,
      0,
      0,
      0,
      0,
      0,
      0,
      0
    ],
    [
      1,
      0,
      1,
      0,
      0,
      0,
      0,
      0,
      0,
      0
    ],
    [
      0,
      1,
      0,
      1,
      0,
      0,
      0,
      0,
      0,
      0
    ],
    [
      0,
      0,
      1,
      0,
      1,
      0,
      0,
      0,
      0,
      0
    ],
    [
      0,
      0,
      0,
      1,
      0,
      1,
      0,
      0,
      0,
      0
    ],
    [
      0,
      0,
      0,
      0,
      1,
      0,
      1,
      0,
      0,
      0
    ],
    [
      0,
      0,
      0,
      0,
      0,
      1,
      0,
      1,
      0,
      0
    ],
    [
      0,
      0,
      0,
      0,
      0,
      0,
      1,
      0,
      1,
      0
    ],
    [
      0,
      0,
      0,
      0,
      0,
      0,
      0,
      1,
      0,
      1
    ],
    [
      0,
      0,
      0,
      0,
      0,
      0,
      0,
      0,
      1,
      0
    ]
  ],
  "dh_parameters": [
    [
      0.0,
      0.333,
      0.0,
      1.5707963267948966
    ],
    [
      0.0,
      0.0,
      0.0,
      -1.5707963267948966
    ],
    [
      0.0,
      0.316,
      0.0,
      1.5707963267948966
    ],
    [
      0.0825,
      0.0,
      0.0,
      1.5707963267948966
    ],
    [
      -0.0825,
      0.384,
      0.0,
      -1.5707963267948966
    ],
    [
      0.0,
      0.0,
      0.0,
      1.5707963267948966
    ],
    [
      0.088,
      0.107,
      0.0,
      0.0
    ]
  ],
  "morphology_type": "franka_9dof_modified"
}