{
  "num_nodes": 10,
  "node_features": [
    [
      0.0,
      0.0,
      0.0,
      0.0,
      0
    ],
    [
      -3.034887324208784,
      2.914569909849091,
      2.175,
      0.0,
      1
    ],
    [
      -2.9814265945996437,
      2.9653606298170674,
      2.175,
      0.0,
      1
    ],
    [
      -2.936194115084201,
      2.9109503699776593,
      2.175,
      0.0,
      1
    ],
    [
      -2.9969764458619563,
      2.9695257560478097,
      2.175,
      0.0,
      1
    ],
    [
      -2.959600164069431,
      2.930798503906016,
      2.175,
      0.0,
      1
    ],
    [
      -3.0179870250953234,
      2.9276741107655635,
      2.175,
      0.0,
      1
    ],
    [
      -2.9217978456969895,
      2.942482310512372,
      2.175,
      0.0,
      1
    ],
    [
      -3.016669105115599,
      3.025496937251563,
      2.175,
      0.33,
      1
    ],
    [
      -2.911264985335834,
      2.9822509957244274,
      2.175,
      0.33,
      2
    ]
  ],
  "adjacency_matrix": [
    [
      0,
      1,
      0,
      0,
      0,
      0,
      0,
      0,
      0,
      0
    ],
    [
      1,
      0,
      1,
      0,
      0,
      0,
      0,
      0,
      0,
      0
    ],
    [
      0,
      1,
      0,
      1,
      0,
      0,
      0,
      0,
      0,
      0
    ],
    [
      0,
      0,
      1,
      0,
      1,
      0,
      0,
      0,
      0,
      0
    ],
    [
      0,
      0,
      0,
      1,
      0,
      1,
      0,
      0,
      0,
      0
    ],
    [
      0,
      0,
      0,
      0,
      1,
      0,
      1,
      0,
      0,
      0
    ],
    [
      0,
      0,
      0,
      0,
      0,
      1,
      0,
      1,
      0,
      0
    ],
    [
      0,
      0,
      0,
      0,
      0,
      0,
      1,
      0,
      1,
      0
    ],
    [
      0,
      0,
      0,
      0,
      0,
      0,
      0,
      1,
      0,
      1
    ],
    [
      0,
      0,
      0,
      0,
      0,
      0,
      0,
      0,
      1,
      0
    ]
  ],
  "dh_parameters": [
    [
      0.0,
      0.333,
      0.0,
      1.5707963267948966
    ],
    [
      0.0,
      0.0,
      0.0,
      -1.5707963267948966
    ],
    [
      0.0,
      0.316,
      0.0,
      1.5707963267948966
    ],
    [
      0.0825,
      0.0,
      0.0,
      1.5707963267948966
    ],
    [
      -0.0825,
      0.384,
      0.0,
      -1.5707963267948966
    ],
    [
      0.0,
      0.0,
      0.0,
      1.5707963267948966
    ],
    [
      0.088,
      0.107,
      0.0,
      0.0
    ]
  ],
  "morphology_type": "franka_9dof_modified"
}