{
  "num_nodes": 6,
  "node_features": [
    [
      0.0,
      0.0,
      0.0,
      0.0,
      0
    ],
    [
      -2.9098939228651823,
      2.9144471696464116,
      2.175,
      0.0,
      1
    ],
    [
      -2.921383647621073,
      2.9059088577229417,
      2.175,
      0.0,
      1
    ],
    [
      -2.9798400836481513,
      3.0543107323688803,
      2.175,
      0.0,
      1
    ],
    [
      -2.9968292907835465,
      2.955300033223738,
      2.175,
      0.0,
      1
    ],
    [
      -2.9552618069182484,
      2.9980237289302436,
      2.175,
      0.0,
      2
    ]
  ],
  "adjacency_matrix": [
    [
      0,
      1,
      0,
      0,
      0,
      0
    ],
    [
      1,
      0,
      1,
      0,
      0,
      0
    ],
    [
      0,
      1,
      0,
      1,
      0,
      0
    ],
    [
      0,
      0,
      1,
      0,
      1,
      0
    ],
    [
      0,
      0,
      0,
      1,
      0,
      1
    ],
    [
      0,
      0,
      0,
      0,
      1,
      0
    ]
  ],
  "dh_parameters": [
    [
      0.0,
      0.333,
      0.0,
      1.5707963267948966
    ],
    [
      0.0,
      0.0,
      0.0,
      -1.5707963267948966
    ],
    [
      0.0,
      0.316,
      0.0,
      1.5707963267948966
    ],
    [
      0.0825,
      0.0,
      0.0,
      1.5707963267948966
    ],
    [
      -0.0825,
      0.384,
      0.0,
      -1.5707963267948966
    ]
  ],
  "morphology_type": "franka_5dof_modified"
}