{
  "num_nodes": 10,
  "node_features": [
    [
      0.0,
      0.0,
      0.0,
      0.0,
      0
    ],
    [
      -2.9237759545076423,
      2.982828437811876,
      2.175,
      0.0,
      1
    ],
    [
      -2.935025660053605,
      3.050822224220848,
      2.175,
      0.0,
      1
    ],
    [
      -2.941463234693132,
      3.0503788196724124,
      2.175,
      0.0,
      1
    ],
    [
      -2.928297232089543,
      3.024271446479914,
      2.175,
      0.0,
      1
    ],
    [
      -3.0442540834185468,
      3.0197296727055147,
      2.175,
      0.0,
      1
    ],
    [
      -2.9867056191292756,
      2.9613054686263274,
      2.175,
      0.0,
      1
    ],
    [
      -2.9173809562166,
      2.9052358350215357,
      2.175,
      0.0,
      1
    ],
    [
      -3.0656446953929546,
      2.9026395144919306,
      2.175,
      0.33,
      1
    ],
    [
      -2.9881817694640738,
      3.0242339787059587,
      2.175,
      0.33,
      2
    ]
  ],
  "adjacency_matrix": [
    [
      0,
      1,
      0,
      0,
      0,
      0,
      0,
      0,
      0,
      0
    ],
    [
      1,
      0,
      1,
      0,
      0,
      0,
      0,
      0,
      0,
      0
    ],
    [
      0,
      1,
      0,
      1,
      0,
      0,
      0,
      0,
      0,
      0
    ],
    [
      0,
      0,
      1,
      0,
      1,
      0,
      0,
      0,
      0,
      0
    ],
    [
      0,
      0,
      0,
      1,
      0,
      1,
      0,
      0,
      0,
      0
    ],
    [
      0,
      0,
      0,
      0,
      1,
      0,
      1,
      0,
      0,
      0
    ],
    [
      0,
      0,
      0,
      0,
      0,
      1,
      0,
      1,
      0,
      0
    ],
    [
      0,
      0,
      0,
      0,
      0,
      0,
      1,
      0,
      1,
      0
    ],
    [
      0,
      0,
      0,
      0,
      0,
      0,
      0,
      1,
      0,
      1
    ],
    [
      0,
      0,
      0,
      0,
      0,
      0,
      0,
      0,
      1,
      0
    ]
  ],
  "dh_parameters": [
    [
      0.0,
      0.333,
      0.0,
      1.5707963267948966
    ],
    [
      0.0,
      0.0,
      0.0,
      -1.5707963267948966
    ],
    [
      0.0,
      0.316,
      0.0,
      1.5707963267948966
    ],
    [
      0.0825,
      0.0,
      0.0,
      1.5707963267948966
    ],
    [
      -0.0825,
      0.384,
      0.0,
      -1.5707963267948966
    ],
    [
      0.0,
      0.0,
      0.0,
      1.5707963267948966
    ],
    [
      0.088,
      0.107,
      0.0,
      0.0
    ]
  ],
  "morphology_type": "franka_9dof_modified"
}