{
  "num_nodes": 10,
  "node_features": [
    [
      0.0,
      0.0,
      0.0,
      0.0,
      0
    ],
    [
      -3.01612522756682,
      3.066907387535951,
      2.175,
      0.0,
      1
    ],
    [
      -3.044252979146205,
      2.9883166567640265,
      2.175,
      0.0,
      1
    ],
    [
      -2.99019823750738,
      3.0391015836533186,
      2.175,
      0.0,
      1
    ],
    [
      -3.0256791265023506,
      2.9716421801137503,
      2.175,
      0.0,
      1
    ],
    [
      -2.9815131848132372,
      2.9553106067086166,
      2.175,
      0.0,
      1
    ],
    [
      -2.9465618926017214,
      2.9936007646963008,
      2.175,
      0.0,
      1
    ],
    [
      -2.950696131327804,
      3.036763488383418,
      2.175,
      0.0,
      1
    ],
    [
      -2.9917020529690115,
      3.04249099083262,
      2.175,
      0.33,
      1
    ],
    [
      -3.0632627809438624,
      2.9928455391071247,
      2.175,
      0.33,
      2
    ]
  ],
  "adjacency_matrix": [
    [
      0,
      1,
      0,
      0,
      0,
      0,
      0,
      0,
      0,
      0
    ],
    [
      1,
      0,
      1,
      0,
      0,
      0,
      0,
      0,
      0,
      0
    ],
    [
      0,
      1,
      0,
      1,
      0,
      0,
      0,
      0,
      0,
      0
    ],
    [
      0,
      0,
      1,
      0,
      1,
      0,
      0,
      0,
      0,
      0
    ],
    [
      0,
      0,
      0,
      1,
      0,
      1,
      0,
      0,
      0,
      0
    ],
    [
      0,
      0,
      0,
      0,
      1,
      0,
      1,
      0,
      0,
      0
    ],
    [
      0,
      0,
      0,
      0,
      0,
      1,
      0,
      1,
      0,
      0
    ],
    [
      0,
      0,
      0,
      0,
      0,
      0,
      1,
      0,
      1,
      0
    ],
    [
      0,
      0,
      0,
      0,
      0,
      0,
      0,
      1,
      0,
      1
    ],
    [
      0,
      0,
      0,
      0,
      0,
      0,
      0,
      0,
      1,
      0
    ]
  ],
  "dh_parameters": [
    [
      0.0,
      0.333,
      0.0,
      1.5707963267948966
    ],
    [
      0.0,
      0.0,
      0.0,
      -1.5707963267948966
    ],
    [
      0.0,
      0.316,
      0.0,
      1.5707963267948966
    ],
    [
      0.0825,
      0.0,
      0.0,
      1.5707963267948966
    ],
    [
      -0.0825,
      0.384,
      0.0,
      -1.5707963267948966
    ],
    [
      0.0,
      0.0,
      0.0,
      1.5707963267948966
    ],
    [
      0.088,
      0.107,
      0.0,
      0.0
    ]
  ],
  "morphology_type": "franka_9dof_modified"
}