{
  "num_nodes": 10,
  "node_features": [
    [
      0.0,
      0.0,
      0.0,
      0.0,
      0
    ],
    [
      -3.0406885792780884,
      2.928545661884752,
      2.175,
      0.0,
      1
    ],
    [
      -2.998658524383209,
      2.960207548547095,
      2.175,
      0.0,
      1
    ],
    [
      -3.0086808556188367,
      2.977016007360578,
      2.175,
      0.0,
      1
    ],
    [
      -2.989652641100406,
      2.9952059451041015,
      2.175,
      0.0,
      1
    ],
    [
      -2.9244333960099524,
      3.038185767166333,
      2.175,
      0.0,
      1
    ],
    [
      -2.9581487476809465,
      2.9052173126120153,
      2.175,
      0.0,
      1
    ],
    [
      -2.9175865189405177,
      3.000978099333923,
      2.175,
      0.0,
      1
    ],
    [
      -2.927298431542062,
      3.0660696390692674,
      2.175,
      0.33,
      1
    ],
    [
      -2.9739682348634893,
      3.050597483336271,
      2.175,
      0.33,
      2
    ]
  ],
  "adjacency_matrix": [
    [
      0,
      1,
      0,
      0,
      0,
      0,
      0,
      0,
      0,
      0
    ],
    [
      1,
      0,
      1,
      0,
      0,
      0,
      0,
      0,
      0,
      0
    ],
    [
      0,
      1,
      0,
      1,
      0,
      0,
      0,
      0,
      0,
      0
    ],
    [
      0,
      0,
      1,
      0,
      1,
      0,
      0,
      0,
      0,
      0
    ],
    [
      0,
      0,
      0,
      1,
      0,
      1,
      0,
      0,
      0,
      0
    ],
    [
      0,
      0,
      0,
      0,
      1,
      0,
      1,
      0,
      0,
      0
    ],
    [
      0,
      0,
      0,
      0,
      0,
      1,
      0,
      1,
      0,
      0
    ],
    [
      0,
      0,
      0,
      0,
      0,
      0,
      1,
      0,
      1,
      0
    ],
    [
      0,
      0,
      0,
      0,
      0,
      0,
      0,
      1,
      0,
      1
    ],
    [
      0,
      0,
      0,
      0,
      0,
      0,
      0,
      0,
      1,
      0
    ]
  ],
  "dh_parameters": [
    [
      0.0,
      0.333,
      0.0,
      1.5707963267948966
    ],
    [
      0.0,
      0.0,
      0.0,
      -1.5707963267948966
    ],
    [
      0.0,
      0.316,
      0.0,
      1.5707963267948966
    ],
    [
      0.0825,
      0.0,
      0.0,
      1.5707963267948966
    ],
    [
      -0.0825,
      0.384,
      0.0,
      -1.5707963267948966
    ],
    [
      0.0,
      0.0,
      0.0,
      1.5707963267948966
    ],
    [
      0.088,
      0.107,
      0.0,
      0.0
    ]
  ],
  "morphology_type": "franka_9dof_modified"
}