{
  "num_nodes": 10,
  "node_features": [
    [
      0.0,
      0.0,
      0.0,
      0.0,
      0
    ],
    [
      -2.938053699038851,
      2.95163043820494,
      2.175,
      0.0,
      1
    ],
    [
      -2.9972202512229122,
      2.9929554203723594,
      2.175,
      0.0,
      1
    ],
    [
      -2.946139615651144,
      2.973363703363756,
      2.175,
      0.0,
      1
    ],
    [
      -2.90938468801011,
      3.057112129660154,
      2.175,
      0.0,
      1
    ],
    [
      -2.980145640932708,
      3.0692042018857695,
      2.175,
      0.0,
      1
    ],
    [
      -2.9471891212131367,
      2.9978283086007362,
      2.175,
      0.0,
      1
    ],
    [
      -2.988491425761612,
      2.993037375956565,
      2.175,
      0.0,
      1
    ],
    [
      -2.930090655439452,
      2.9981672906752106,
      2.175,
      0.33,
      1
    ],
    [
      -2.986024059324868,
      2.9644696115746423,
      2.175,
      0.33,
      2
    ]
  ],
  "adjacency_matrix": [
    [
      0,
      1,
      0,
      0,
      0,
      0,
      0,
      0,
      0,
      0
    ],
    [
      1,
      0,
      1,
      0,
      0,
      0,
      0,
      0,
      0,
      0
    ],
    [
      0,
      1,
      0,
      1,
      0,
      0,
      0,
      0,
      0,
      0
    ],
    [
      0,
      0,
      1,
      0,
      1,
      0,
      0,
      0,
      0,
      0
    ],
    [
      0,
      0,
      0,
      1,
      0,
      1,
      0,
      0,
      0,
      0
    ],
    [
      0,
      0,
      0,
      0,
      1,
      0,
      1,
      0,
      0,
      0
    ],
    [
      0,
      0,
      0,
      0,
      0,
      1,
      0,
      1,
      0,
      0
    ],
    [
      0,
      0,
      0,
      0,
      0,
      0,
      1,
      0,
      1,
      0
    ],
    [
      0,
      0,
      0,
      0,
      0,
      0,
      0,
      1,
      0,
      1
    ],
    [
      0,
      0,
      0,
      0,
      0,
      0,
      0,
      0,
      1,
      0
    ]
  ],
  "dh_parameters": [
    [
      0.0,
      0.333,
      0.0,
      1.5707963267948966
    ],
    [
      0.0,
      0.0,
      0.0,
      -1.5707963267948966
    ],
    [
      0.0,
      0.316,
      0.0,
      1.5707963267948966
    ],
    [
      0.0825,
      0.0,
      0.0,
      1.5707963267948966
    ],
    [
      -0.0825,
      0.384,
      0.0,
      -1.5707963267948966
    ],
    [
      0.0,
      0.0,
      0.0,
      1.5707963267948966
    ],
    [
      0.088,
      0.107,
      0.0,
      0.0
    ]
  ],
  "morphology_type": "franka_9dof_modified"
}