{
  "num_nodes": 10,
  "node_features": [
    [
      0.0,
      0.0,
      0.0,
      0.0,
      0
    ],
    [
      -2.9265571234423597,
      2.945640498571124,
      2.175,
      0.0,
      1
    ],
    [
      -3.0666619238536597,
      2.936672221869517,
      2.175,
      0.0,
      1
    ],
    [
      -2.9074533689562263,
      3.035850102253615,
      2.175,
      0.0,
      1
    ],
    [
      -2.926737267060128,
      2.9137277666001626,
      2.175,
      0.0,
      1
    ],
    [
      -3.0527870013985763,
      2.9752238897972165,
      2.175,
      0.0,
      1
    ],
    [
      -3.0297316491483963,
      2.9341974515956806,
      2.175,
      0.0,
      1
    ],
    [
      -3.019324287859364,
      2.9747968836021665,
      2.175,
      0.0,
      1
    ],
    [
      -2.9472157634271476,
      2.982310280851871,
      2.175,
      0.33,
      1
    ],
    [
      -3.0551672940245718,
      3.000792094318096,
      2.175,
      0.33,
      2
    ]
  ],
  "adjacency_matrix": [
    [
      0,
      1,
      0,
      0,
      0,
      0,
      0,
      0,
      0,
      0
    ],
    [
      1,
      0,
      1,
      0,
      0,
      0,
      0,
      0,
      0,
      0
    ],
    [
      0,
      1,
      0,
      1,
      0,
      0,
      0,
      0,
      0,
      0
    ],
    [
      0,
      0,
      1,
      0,
      1,
      0,
      0,
      0,
      0,
      0
    ],
    [
      0,
      0,
      0,
      1,
      0,
      1,
      0,
      0,
      0,
      0
    ],
    [
      0,
      0,
      0,
      0,
      1,
      0,
      1,
      0,
      0,
      0
    ],
    [
      0,
      0,
      0,
      0,
      0,
      1,
      0,
      1,
      0,
      0
    ],
    [
      0,
      0,
      0,
      0,
      0,
      0,
      1,
      0,
      1,
      0
    ],
    [
      0,
      0,
      0,
      0,
      0,
      0,
      0,
      1,
      0,
      1
    ],
    [
      0,
      0,
      0,
      0,
      0,
      0,
      0,
      0,
      1,
      0
    ]
  ],
  "dh_parameters": [
    [
      0.0,
      0.333,
      0.0,
      1.5707963267948966
    ],
    [
      0.0,
      0.0,
      0.0,
      -1.5707963267948966
    ],
    [
      0.0,
      0.316,
      0.0,
      1.5707963267948966
    ],
    [
      0.0825,
      0.0,
      0.0,
      1.5707963267948966
    ],
    [
      -0.0825,
      0.384,
      0.0,
      -1.5707963267948966
    ],
    [
      0.0,
      0.0,
      0.0,
      1.5707963267948966
    ],
    [
      0.088,
      0.107,
      0.0,
      0.0
    ]
  ],
  "morphology_type": "franka_9dof_modified"
}