{
  "num_nodes": 10,
  "node_features": [
    [
      0.0,
      0.0,
      0.0,
      0.0,
      0
    ],
    [
      -3.0406850411996293,
      2.997681881505426,
      2.175,
      0.0,
      1
    ],
    [
      -3.0380066674386823,
      2.9406722126539715,
      2.175,
      0.0,
      1
    ],
    [
      -3.066821224390054,
      2.9865138591143543,
      2.175,
      0.0,
      1
    ],
    [
      -2.917047786901281,
      3.0192711021988936,
      2.175,
      0.0,
      1
    ],
    [
      -2.929322542331358,
      3.014558147894707,
      2.175,
      0.0,
      1
    ],
    [
      -3.0604972660288485,
      3.0414051212409157,
      2.175,
      0.0,
      1
    ],
    [
      -3.0659329994566176,
      3.027426728034786,
      2.175,
      0.0,
      1
    ],
    [
      -3.0360359165699857,
      2.974171613921602,
      2.175,
      0.33,
      1
    ],
    [
      -3.0248663079907785,
      3.032811371889705,
      2.175,
      0.33,
      2
    ]
  ],
  "adjacency_matrix": [
    [
      0,
      1,
      0,
      0,
      0,
      0,
      0,
      0,
      0,
      0
    ],
    [
      1,
      0,
      1,
      0,
      0,
      0,
      0,
      0,
      0,
      0
    ],
    [
      0,
      1,
      0,
      1,
      0,
      0,
      0,
      0,
      0,
      0
    ],
    [
      0,
      0,
      1,
      0,
      1,
      0,
      0,
      0,
      0,
      0
    ],
    [
      0,
      0,
      0,
      1,
      0,
      1,
      0,
      0,
      0,
      0
    ],
    [
      0,
      0,
      0,
      0,
      1,
      0,
      1,
      0,
      0,
      0
    ],
    [
      0,
      0,
      0,
      0,
      0,
      1,
      0,
      1,
      0,
      0
    ],
    [
      0,
      0,
      0,
      0,
      0,
      0,
      1,
      0,
      1,
      0
    ],
    [
      0,
      0,
      0,
      0,
      0,
      0,
      0,
      1,
      0,
      1
    ],
    [
      0,
      0,
      0,
      0,
      0,
      0,
      0,
      0,
      1,
      0
    ]
  ],
  "dh_parameters": [
    [
      0.0,
      0.333,
      0.0,
      1.5707963267948966
    ],
    [
      0.0,
      0.0,
      0.0,
      -1.5707963267948966
    ],
    [
      0.0,
      0.316,
      0.0,
      1.5707963267948966
    ],
    [
      0.0825,
      0.0,
      0.0,
      1.5707963267948966
    ],
    [
      -0.0825,
      0.384,
      0.0,
      -1.5707963267948966
    ],
    [
      0.0,
      0.0,
      0.0,
      1.5707963267948966
    ],
    [
      0.088,
      0.107,
      0.0,
      0.0
    ]
  ],
  "morphology_type": "franka_9dof_modified"
}