{
  "num_nodes": 10,
  "node_features": [
    [
      0.0,
      0.0,
      0.0,
      0.0,
      0
    ],
    [
      -2.9684592449139924,
      2.947483810041917,
      2.175,
      0.0,
      1
    ],
    [
      -2.926931000389808,
      2.9278406453114787,
      2.175,
      0.0,
      1
    ],
    [
      -2.9203262186114127,
      3.0276559719161127,
      2.175,
      0.0,
      1
    ],
    [
      -2.912010990267741,
      2.9794791485551047,
      2.175,
      0.0,
      1
    ],
    [
      -2.9122158048191684,
      2.927084342466781,
      2.175,
      0.0,
      1
    ],
    [
      -3.0461523861655384,
      3.016997072135204,
      2.175,
      0.0,
      1
    ],
    [
      -3.065879907919002,
      3.001588214449517,
      2.175,
      0.0,
      1
    ],
    [
      -3.004684639737685,
      2.917160792267975,
      2.175,
      0.33,
      1
    ],
    [
      -2.9241868662477275,
      2.9243174194830615,
      2.175,
      0.33,
      2
    ]
  ],
  "adjacency_matrix": [
    [
      0,
      1,
      0,
      0,
      0,
      0,
      0,
      0,
      0,
      0
    ],
    [
      1,
      0,
      1,
      0,
      0,
      0,
      0,
      0,
      0,
      0
    ],
    [
      0,
      1,
      0,
      1,
      0,
      0,
      0,
      0,
      0,
      0
    ],
    [
      0,
      0,
      1,
      0,
      1,
      0,
      0,
      0,
      0,
      0
    ],
    [
      0,
      0,
      0,
      1,
      0,
      1,
      0,
      0,
      0,
      0
    ],
    [
      0,
      0,
      0,
      0,
      1,
      0,
      1,
      0,
      0,
      0
    ],
    [
      0,
      0,
      0,
      0,
      0,
      1,
      0,
      1,
      0,
      0
    ],
    [
      0,
      0,
      0,
      0,
      0,
      0,
      1,
      0,
      1,
      0
    ],
    [
      0,
      0,
      0,
      0,
      0,
      0,
      0,
      1,
      0,
      1
    ],
    [
      0,
      0,
      0,
      0,
      0,
      0,
      0,
      0,
      1,
      0
    ]
  ],
  "dh_parameters": [
    [
      0.0,
      0.333,
      0.0,
      1.5707963267948966
    ],
    [
      0.0,
      0.0,
      0.0,
      -1.5707963267948966
    ],
    [
      0.0,
      0.316,
      0.0,
      1.5707963267948966
    ],
    [
      0.0825,
      0.0,
      0.0,
      1.5707963267948966
    ],
    [
      -0.0825,
      0.384,
      0.0,
      -1.5707963267948966
    ],
    [
      0.0,
      0.0,
      0.0,
      1.5707963267948966
    ],
    [
      0.088,
      0.107,
      0.0,
      0.0
    ]
  ],
  "morphology_type": "franka_9dof_modified"
}