{
  "num_nodes": 10,
  "node_features": [
    [
      0.0,
      0.0,
      0.0,
      0.0,
      0
    ],
    [
      -2.9845009462456904,
      3.0671026083850474,
      2.175,
      0.0,
      1
    ],
    [
      -3.0386734339049357,
      2.921261685927027,
      2.175,
      0.0,
      1
    ],
    [
      -2.9036805554643483,
      3.051264921649624,
      2.175,
      0.0,
      1
    ],
    [
      -3.0593774475860465,
      2.9708651534364963,
      2.175,
      0.0,
      1
    ],
    [
      -2.9998087440798704,
      3.0184063251883493,
      2.175,
      0.0,
      1
    ],
    [
      -3.043513117485361,
      2.9072186790616152,
      2.175,
      0.0,
      1
    ],
    [
      -2.9310909161385537,
      3.0678216382827967,
      2.175,
      0.0,
      1
    ],
    [
      -2.906656170970873,
      2.954149045849775,
      2.175,
      0.33,
      1
    ],
    [
      -2.993449331404076,
      3.024476191943515,
      2.175,
      0.33,
      2
    ]
  ],
  "adjacency_matrix": [
    [
      0,
      1,
      0,
      0,
      0,
      0,
      0,
      0,
      0,
      0
    ],
    [
      1,
      0,
      1,
      0,
      0,
      0,
      0,
      0,
      0,
      0
    ],
    [
      0,
      1,
      0,
      1,
      0,
      0,
      0,
      0,
      0,
      0
    ],
    [
      0,
      0,
      1,
      0,
      1,
      0,
      0,
      0,
      0,
      0
    ],
    [
      0,
      0,
      0,
      1,
      0,
      1,
      0,
      0,
      0,
      0
    ],
    [
      0,
      0,
      0,
      0,
      1,
      0,
      1,
      0,
      0,
      0
    ],
    [
      0,
      0,
      0,
      0,
      0,
      1,
      0,
      1,
      0,
      0
    ],
    [
      0,
      0,
      0,
      0,
      0,
      0,
      1,
      0,
      1,
      0
    ],
    [
      0,
      0,
      0,
      0,
      0,
      0,
      0,
      1,
      0,
      1
    ],
    [
      0,
      0,
      0,
      0,
      0,
      0,
      0,
      0,
      1,
      0
    ]
  ],
  "dh_parameters": [
    [
      0.0,
      0.333,
      0.0,
      1.5707963267948966
    ],
    [
      0.0,
      0.0,
      0.0,
      -1.5707963267948966
    ],
    [
      0.0,
      0.316,
      0.0,
      1.5707963267948966
    ],
    [
      0.0825,
      0.0,
      0.0,
      1.5707963267948966
    ],
    [
      -0.0825,
      0.384,
      0.0,
      -1.5707963267948966
    ],
    [
      0.0,
      0.0,
      0.0,
      1.5707963267948966
    ],
    [
      0.088,
      0.107,
      0.0,
      0.0
    ]
  ],
  "morphology_type": "franka_9dof_modified"
}