{
  "num_nodes": 10,
  "node_features": [
    [
      0.0,
      0.0,
      0.0,
      0.0,
      0
    ],
    [
      -3.02921195690855,
      2.9537790668620723,
      2.175,
      0.0,
      1
    ],
    [
      -2.9886297332025187,
      2.954221594154091,
      2.175,
      0.0,
      1
    ],
    [
      -2.9509965483721396,
      2.994760904286173,
      2.175,
      0.0,
      1
    ],
    [
      -2.963852574515963,
      2.947313871555034,
      2.175,
      0.0,
      1
    ],
    [
      -2.9730442932915166,
      3.063975052765608,
      2.175,
      0.0,
      1
    ],
    [
      -3.0583089568705546,
      2.965707066031534,
      2.175,
      0.0,
      1
    ],
    [
      -2.9361643612144115,
      2.9405137546584292,
      2.175,
      0.0,
      1
    ],
    [
      -3.067079650637109,
      2.970222161492949,
      2.175,
      0.33,
      1
    ],
    [
      -3.0384084204038944,
      2.9056932334632632,
      2.175,
      0.33,
      2
    ]
  ],
  "adjacency_matrix": [
    [
      0,
      1,
      0,
      0,
      0,
      0,
      0,
      0,
      0,
      0
    ],
    [
      1,
      0,
      1,
      0,
      0,
      0,
      0,
      0,
      0,
      0
    ],
    [
      0,
      1,
      0,
      1,
      0,
      0,
      0,
      0,
      0,
      0
    ],
    [
      0,
      0,
      1,
      0,
      1,
      0,
      0,
      0,
      0,
      0
    ],
    [
      0,
      0,
      0,
      1,
      0,
      1,
      0,
      0,
      0,
      0
    ],
    [
      0,
      0,
      0,
      0,
      1,
      0,
      1,
      0,
      0,
      0
    ],
    [
      0,
      0,
      0,
      0,
      0,
      1,
      0,
      1,
      0,
      0
    ],
    [
      0,
      0,
      0,
      0,
      0,
      0,
      1,
      0,
      1,
      0
    ],
    [
      0,
      0,
      0,
      0,
      0,
      0,
      0,
      1,
      0,
      1
    ],
    [
      0,
      0,
      0,
      0,
      0,
      0,
      0,
      0,
      1,
      0
    ]
  ],
  "dh_parameters": [
    [
      0.0,
      0.333,
      0.0,
      1.5707963267948966
    ],
    [
      0.0,
      0.0,
      0.0,
      -1.5707963267948966
    ],
    [
      0.0,
      0.316,
      0.0,
      1.5707963267948966
    ],
    [
      0.0825,
      0.0,
      0.0,
      1.5707963267948966
    ],
    [
      -0.0825,
      0.384,
      0.0,
      -1.5707963267948966
    ],
    [
      0.0,
      0.0,
      0.0,
      1.5707963267948966
    ],
    [
      0.088,
      0.107,
      0.0,
      0.0
    ]
  ],
  "morphology_type": "franka_9dof_modified"
}