{
  "num_nodes": 10,
  "node_features": [
    [
      0.0,
      0.0,
      0.0,
      0.0,
      0
    ],
    [
      -3.061166068419714,
      3.0298119072987313,
      2.175,
      0.0,
      1
    ],
    [
      -2.9096883866905565,
      3.013991636692772,
      2.175,
      0.0,
      1
    ],
    [
      -2.9967836370374905,
      2.9398785015717572,
      2.175,
      0.0,
      1
    ],
    [
      -3.0263143534760872,
      2.900221662200943,
      2.175,
      0.0,
      1
    ],
    [
      -2.926843624002514,
      3.025232273052032,
      2.175,
      0.0,
      1
    ],
    [
      -2.986103756559611,
      2.9160665567257196,
      2.175,
      0.0,
      1
    ],
    [
      -2.9173352565476933,
      2.92360077650242,
      2.175,
      0.0,
      1
    ],
    [
      -3.02009492956774,
      3.0442515383041577,
      2.175,
      0.33,
      1
    ],
    [
      -2.9602374283624706,
      3.044915059535975,
      2.175,
      0.33,
      2
    ]
  ],
  "adjacency_matrix": [
    [
      0,
      1,
      0,
      0,
      0,
      0,
      0,
      0,
      0,
      0
    ],
    [
      1,
      0,
      1,
      0,
      0,
      0,
      0,
      0,
      0,
      0
    ],
    [
      0,
      1,
      0,
      1,
      0,
      0,
      0,
      0,
      0,
      0
    ],
    [
      0,
      0,
      1,
      0,
      1,
      0,
      0,
      0,
      0,
      0
    ],
    [
      0,
      0,
      0,
      1,
      0,
      1,
      0,
      0,
      0,
      0
    ],
    [
      0,
      0,
      0,
      0,
      1,
      0,
      1,
      0,
      0,
      0
    ],
    [
      0,
      0,
      0,
      0,
      0,
      1,
      0,
      1,
      0,
      0
    ],
    [
      0,
      0,
      0,
      0,
      0,
      0,
      1,
      0,
      1,
      0
    ],
    [
      0,
      0,
      0,
      0,
      0,
      0,
      0,
      1,
      0,
      1
    ],
    [
      0,
      0,
      0,
      0,
      0,
      0,
      0,
      0,
      1,
      0
    ]
  ],
  "dh_parameters": [
    [
      0.0,
      0.333,
      0.0,
      1.5707963267948966
    ],
    [
      0.0,
      0.0,
      0.0,
      -1.5707963267948966
    ],
    [
      0.0,
      0.316,
      0.0,
      1.5707963267948966
    ],
    [
      0.0825,
      0.0,
      0.0,
      1.5707963267948966
    ],
    [
      -0.0825,
      0.384,
      0.0,
      -1.5707963267948966
    ],
    [
      0.0,
      0.0,
      0.0,
      1.5707963267948966
    ],
    [
      0.088,
      0.107,
      0.0,
      0.0
    ]
  ],
  "morphology_type": "franka_9dof_modified"
}