{
  "num_nodes": 10,
  "node_features": [
    [
      0.0,
      0.0,
      0.0,
      0.0,
      0
    ],
    [
      -2.9085040021619,
      2.9249941277341347,
      2.175,
      0.0,
      1
    ],
    [
      -2.9014054209255455,
      2.971406505933565,
      2.175,
      0.0,
      1
    ],
    [
      -2.9700592195877165,
      2.9866131976176007,
      2.175,
      0.0,
      1
    ],
    [
      -3.038386859428406,
      3.0456387185730986,
      2.175,
      0.0,
      1
    ],
    [
      -2.960953314295343,
      2.934862997625527,
      2.175,
      0.0,
      1
    ],
    [
      -2.9130183426747585,
      2.9313145454976954,
      2.175,
      0.0,
      1
    ],
    [
      -3.0288691019081186,
      3.0662204819259653,
      2.175,
      0.0,
      1
    ],
    [
      -2.9003433566322983,
      3.0144964162685697,
      2.175,
      0.33,
      1
    ],
    [
      -3.0597827604550534,
      3.0239480895206334,
      2.175,
      0.33,
      2
    ]
  ],
  "adjacency_matrix": [
    [
      0,
      1,
      0,
      0,
      0,
      0,
      0,
      0,
      0,
      0
    ],
    [
      1,
      0,
      1,
      0,
      0,
      0,
      0,
      0,
      0,
      0
    ],
    [
      0,
      1,
      0,
      1,
      0,
      0,
      0,
      0,
      0,
      0
    ],
    [
      0,
      0,
      1,
      0,
      1,
      0,
      0,
      0,
      0,
      0
    ],
    [
      0,
      0,
      0,
      1,
      0,
      1,
      0,
      0,
      0,
      0
    ],
    [
      0,
      0,
      0,
      0,
      1,
      0,
      1,
      0,
      0,
      0
    ],
    [
      0,
      0,
      0,
      0,
      0,
      1,
      0,
      1,
      0,
      0
    ],
    [
      0,
      0,
      0,
      0,
      0,
      0,
      1,
      0,
      1,
      0
    ],
    [
      0,
      0,
      0,
      0,
      0,
      0,
      0,
      1,
      0,
      1
    ],
    [
      0,
      0,
      0,
      0,
      0,
      0,
      0,
      0,
      1,
      0
    ]
  ],
  "dh_parameters": [
    [
      0.0,
      0.333,
      0.0,
      1.5707963267948966
    ],
    [
      0.0,
      0.0,
      0.0,
      -1.5707963267948966
    ],
    [
      0.0,
      0.316,
      0.0,
      1.5707963267948966
    ],
    [
      0.0825,
      0.0,
      0.0,
      1.5707963267948966
    ],
    [
      -0.0825,
      0.384,
      0.0,
      -1.5707963267948966
    ],
    [
      0.0,
      0.0,
      0.0,
      1.5707963267948966
    ],
    [
      0.088,
      0.107,
      0.0,
      0.0
    ]
  ],
  "morphology_type": "franka_9dof_modified"
}