{
  "num_nodes": 9,
  "node_features": [
    [
      0.0,
      0.0,
      0.0,
      0.0,
      0
    ],
    [
      -3.03316673933983,
      3.038526289285568,
      2.175,
      0.0,
      1
    ],
    [
      -3.039387476037795,
      3.045544901018483,
      2.175,
      0.0,
      1
    ],
    [
      -2.912318148005434,
      2.9657118041339343,
      2.175,
      0.0,
      1
    ],
    [
      -2.967819162389667,
      3.034886988173927,
      2.175,
      0.0,
      1
    ],
    [
      -2.9554924475070306,
      2.9472596174511727,
      2.175,
      0.0,
      1
    ],
    [
      -2.92260489302681,
      3.0039467249754597,
      2.175,
      0.0,
      1
    ],
    [
      -2.9816979715976752,
      2.9605642916920507,
      2.175,
      0.0,
      1
    ],
    [
      -3.0291629322542675,
      2.920250630424068,
      2.175,
      0.33,
      2
    ]
  ],
  "adjacency_matrix": [
    [
      0,
      1,
      0,
      0,
      0,
      0,
      0,
      0,
      0
    ],
    [
      1,
      0,
      1,
      0,
      0,
      0,
      0,
      0,
      0
    ],
    [
      0,
      1,
      0,
      1,
      0,
      0,
      0,
      0,
      0
    ],
    [
      0,
      0,
      1,
      0,
      1,
      0,
      0,
      0,
      0
    ],
    [
      0,
      0,
      0,
      1,
      0,
      1,
      0,
      0,
      0
    ],
    [
      0,
      0,
      0,
      0,
      1,
      0,
      1,
      0,
      0
    ],
    [
      0,
      0,
      0,
      0,
      0,
      1,
      0,
      1,
      0
    ],
    [
      0,
      0,
      0,
      0,
      0,
      0,
      1,
      0,
      1
    ],
    [
      0,
      0,
      0,
      0,
      0,
      0,
      0,
      1,
      0
    ]
  ],
  "dh_parameters": [
    [
      0.0,
      0.333,
      0.0,
      1.5707963267948966
    ],
    [
      0.0,
      0.0,
      0.0,
      -1.5707963267948966
    ],
    [
      0.0,
      0.316,
      0.0,
      1.5707963267948966
    ],
    [
      0.0825,
      0.0,
      0.0,
      1.5707963267948966
    ],
    [
      -0.0825,
      0.384,
      0.0,
      -1.5707963267948966
    ],
    [
      0.0,
      0.0,
      0.0,
      1.5707963267948966
    ],
    [
      0.088,
      0.107,
      0.0,
      0.0
    ]
  ],
  "morphology_type": "franka_8dof_modified"
}