{
  "num_nodes": 10,
  "node_features": [
    [
      0.0,
      0.0,
      0.0,
      0.0,
      0
    ],
    [
      -2.977244271792021,
      2.94305537105967,
      2.175,
      0.0,
      1
    ],
    [
      -2.9512776967398873,
      2.9205901980845734,
      2.175,
      0.0,
      1
    ],
    [
      -2.926715539532348,
      2.993628182002733,
      2.175,
      0.0,
      1
    ],
    [
      -2.979570874017086,
      3.002436056679211,
      2.175,
      0.0,
      1
    ],
    [
      -2.958858921929404,
      3.0457617135753576,
      2.175,
      0.0,
      1
    ],
    [
      -2.925585263002922,
      3.023755686459699,
      2.175,
      0.0,
      1
    ],
    [
      -3.0398306319647714,
      2.977173803716027,
      2.175,
      0.0,
      1
    ],
    [
      -2.9494898996279018,
      3.0217462455664115,
      2.175,
      0.33,
      1
    ],
    [
      -2.9788581107998695,
      3.029311990353689,
      2.175,
      0.33,
      2
    ]
  ],
  "adjacency_matrix": [
    [
      0,
      1,
      0,
      0,
      0,
      0,
      0,
      0,
      0,
      0
    ],
    [
      1,
      0,
      1,
      0,
      0,
      0,
      0,
      0,
      0,
      0
    ],
    [
      0,
      1,
      0,
      1,
      0,
      0,
      0,
      0,
      0,
      0
    ],
    [
      0,
      0,
      1,
      0,
      1,
      0,
      0,
      0,
      0,
      0
    ],
    [
      0,
      0,
      0,
      1,
      0,
      1,
      0,
      0,
      0,
      0
    ],
    [
      0,
      0,
      0,
      0,
      1,
      0,
      1,
      0,
      0,
      0
    ],
    [
      0,
      0,
      0,
      0,
      0,
      1,
      0,
      1,
      0,
      0
    ],
    [
      0,
      0,
      0,
      0,
      0,
      0,
      1,
      0,
      1,
      0
    ],
    [
      0,
      0,
      0,
      0,
      0,
      0,
      0,
      1,
      0,
      1
    ],
    [
      0,
      0,
      0,
      0,
      0,
      0,
      0,
      0,
      1,
      0
    ]
  ],
  "dh_parameters": [
    [
      0.0,
      0.333,
      0.0,
      1.5707963267948966
    ],
    [
      0.0,
      0.0,
      0.0,
      -1.5707963267948966
    ],
    [
      0.0,
      0.316,
      0.0,
      1.5707963267948966
    ],
    [
      0.0825,
      0.0,
      0.0,
      1.5707963267948966
    ],
    [
      -0.0825,
      0.384,
      0.0,
      -1.5707963267948966
    ],
    [
      0.0,
      0.0,
      0.0,
      1.5707963267948966
    ],
    [
      0.088,
      0.107,
      0.0,
      0.0
    ]
  ],
  "morphology_type": "franka_9dof_modified"
}