{
  "num_nodes": 10,
  "node_features": [
    [
      0.0,
      0.0,
      0.0,
      0.0,
      0
    ],
    [
      -2.957954717873968,
      3.039264932790703,
      2.175,
      0.0,
      1
    ],
    [
      -2.9078479924015235,
      3.0149871401976043,
      2.175,
      0.0,
      1
    ],
    [
      -2.997981645980647,
      2.9472288969660445,
      2.175,
      0.0,
      1
    ],
    [
      -2.9161011462627457,
      3.0091902082476225,
      2.175,
      0.0,
      1
    ],
    [
      -2.9922455366103295,
      2.9746030555340646,
      2.175,
      0.0,
      1
    ],
    [
      -2.9607649325207896,
      3.018374012577494,
      2.175,
      0.0,
      1
    ],
    [
      -2.9036125386019997,
      2.9648146781233815,
      2.175,
      0.0,
      1
    ],
    [
      -2.9129325697786728,
      3.047921240746608,
      2.175,
      0.33,
      1
    ],
    [
      -2.966103956693116,
      3.019428501907755,
      2.175,
      0.33,
      2
    ]
  ],
  "adjacency_matrix": [
    [
      0,
      1,
      0,
      0,
      0,
      0,
      0,
      0,
      0,
      0
    ],
    [
      1,
      0,
      1,
      0,
      0,
      0,
      0,
      0,
      0,
      0
    ],
    [
      0,
      1,
      0,
      1,
      0,
      0,
      0,
      0,
      0,
      0
    ],
    [
      0,
      0,
      1,
      0,
      1,
      0,
      0,
      0,
      0,
      0
    ],
    [
      0,
      0,
      0,
      1,
      0,
      1,
      0,
      0,
      0,
      0
    ],
    [
      0,
      0,
      0,
      0,
      1,
      0,
      1,
      0,
      0,
      0
    ],
    [
      0,
      0,
      0,
      0,
      0,
      1,
      0,
      1,
      0,
      0
    ],
    [
      0,
      0,
      0,
      0,
      0,
      0,
      1,
      0,
      1,
      0
    ],
    [
      0,
      0,
      0,
      0,
      0,
      0,
      0,
      1,
      0,
      1
    ],
    [
      0,
      0,
      0,
      0,
      0,
      0,
      0,
      0,
      1,
      0
    ]
  ],
  "dh_parameters": [
    [
      0.0,
      0.333,
      0.0,
      1.5707963267948966
    ],
    [
      0.0,
      0.0,
      0.0,
      -1.5707963267948966
    ],
    [
      0.0,
      0.316,
      0.0,
      1.5707963267948966
    ],
    [
      0.0825,
      0.0,
      0.0,
      1.5707963267948966
    ],
    [
      -0.0825,
      0.384,
      0.0,
      -1.5707963267948966
    ],
    [
      0.0,
      0.0,
      0.0,
      1.5707963267948966
    ],
    [
      0.088,
      0.107,
      0.0,
      0.0
    ]
  ],
  "morphology_type": "franka_9dof_modified"
}