{
  "num_nodes": 10,
  "node_features": [
    [
      0.0,
      0.0,
      0.0,
      0.0,
      0
    ],
    [
      -3.0469351793335564,
      2.9626274245887543,
      2.175,
      0.0,
      1
    ],
    [
      -2.9296450183491167,
      2.9535622137339885,
      2.175,
      0.0,
      1
    ],
    [
      -2.9895011823152413,
      2.967877167834961,
      2.175,
      0.0,
      1
    ],
    [
      -2.956246645323252,
      2.955520998777742,
      2.175,
      0.0,
      1
    ],
    [
      -2.929489665206135,
      2.908253136091344,
      2.175,
      0.0,
      1
    ],
    [
      -2.9603960371381737,
      2.9274892785078523,
      2.175,
      0.0,
      1
    ],
    [
      -2.9141492502732103,
      2.9530200159995075,
      2.175,
      0.0,
      1
    ],
    [
      -2.9018648107428873,
      2.997825639705425,
      2.175,
      0.33,
      1
    ],
    [
      -2.9673008194578645,
      2.9556606322020222,
      2.175,
      0.33,
      2
    ]
  ],
  "adjacency_matrix": [
    [
      0,
      1,
      0,
      0,
      0,
      0,
      0,
      0,
      0,
      0
    ],
    [
      1,
      0,
      1,
      0,
      0,
      0,
      0,
      0,
      0,
      0
    ],
    [
      0,
      1,
      0,
      1,
      0,
      0,
      0,
      0,
      0,
      0
    ],
    [
      0,
      0,
      1,
      0,
      1,
      0,
      0,
      0,
      0,
      0
    ],
    [
      0,
      0,
      0,
      1,
      0,
      1,
      0,
      0,
      0,
      0
    ],
    [
      0,
      0,
      0,
      0,
      1,
      0,
      1,
      0,
      0,
      0
    ],
    [
      0,
      0,
      0,
      0,
      0,
      1,
      0,
      1,
      0,
      0
    ],
    [
      0,
      0,
      0,
      0,
      0,
      0,
      1,
      0,
      1,
      0
    ],
    [
      0,
      0,
      0,
      0,
      0,
      0,
      0,
      1,
      0,
      1
    ],
    [
      0,
      0,
      0,
      0,
      0,
      0,
      0,
      0,
      1,
      0
    ]
  ],
  "dh_parameters": [
    [
      0.0,
      0.333,
      0.0,
      1.5707963267948966
    ],
    [
      0.0,
      0.0,
      0.0,
      -1.5707963267948966
    ],
    [
      0.0,
      0.316,
      0.0,
      1.5707963267948966
    ],
    [
      0.0825,
      0.0,
      0.0,
      1.5707963267948966
    ],
    [
      -0.0825,
      0.384,
      0.0,
      -1.5707963267948966
    ],
    [
      0.0,
      0.0,
      0.0,
      1.5707963267948966
    ],
    [
      0.088,
      0.107,
      0.0,
      0.0
    ]
  ],
  "morphology_type": "franka_9dof_modified"
}