{
  "num_nodes": 10,
  "node_features": [
    [
      0.0,
      0.0,
      0.0,
      0.0,
      0
    ],
    [
      -2.9548105486832323,
      2.9458818126103217,
      2.175,
      0.0,
      1
    ],
    [
      -3.054426726928268,
      3.05833244360842,
      2.175,
      0.0,
      1
    ],
    [
      -2.927699899780645,
      3.050801028477998,
      2.175,
      0.0,
      1
    ],
    [
      -3.0243765209323312,
      3.0570183673484608,
      2.175,
      0.0,
      1
    ],
    [
      -2.9640780857393714,
      2.91303194123497,
      2.175,
      0.0,
      1
    ],
    [
      -3.057904990485702,
      2.920404188317695,
      2.175,
      0.0,
      1
    ],
    [
      -3.0683733941824616,
      2.9200179491384413,
      2.175,
      0.0,
      1
    ],
    [
      -2.9955759175438645,
      3.0221217115869665,
      2.175,
      0.33,
      1
    ],
    [
      -2.95593932502256,
      2.9700331458175295,
      2.175,
      0.33,
      2
    ]
  ],
  "adjacency_matrix": [
    [
      0,
      1,
      0,
      0,
      0,
      0,
      0,
      0,
      0,
      0
    ],
    [
      1,
      0,
      1,
      0,
      0,
      0,
      0,
      0,
      0,
      0
    ],
    [
      0,
      1,
      0,
      1,
      0,
      0,
      0,
      0,
      0,
      0
    ],
    [
      0,
      0,
      1,
      0,
      1,
      0,
      0,
      0,
      0,
      0
    ],
    [
      0,
      0,
      0,
      1,
      0,
      1,
      0,
      0,
      0,
      0
    ],
    [
      0,
      0,
      0,
      0,
      1,
      0,
      1,
      0,
      0,
      0
    ],
    [
      0,
      0,
      0,
      0,
      0,
      1,
      0,
      1,
      0,
      0
    ],
    [
      0,
      0,
      0,
      0,
      0,
      0,
      1,
      0,
      1,
      0
    ],
    [
      0,
      0,
      0,
      0,
      0,
      0,
      0,
      1,
      0,
      1
    ],
    [
      0,
      0,
      0,
      0,
      0,
      0,
      0,
      0,
      1,
      0
    ]
  ],
  "dh_parameters": [
    [
      0.0,
      0.333,
      0.0,
      1.5707963267948966
    ],
    [
      0.0,
      0.0,
      0.0,
      -1.5707963267948966
    ],
    [
      0.0,
      0.316,
      0.0,
      1.5707963267948966
    ],
    [
      0.0825,
      0.0,
      0.0,
      1.5707963267948966
    ],
    [
      -0.0825,
      0.384,
      0.0,
      -1.5707963267948966
    ],
    [
      0.0,
      0.0,
      0.0,
      1.5707963267948966
    ],
    [
      0.088,
      0.107,
      0.0,
      0.0
    ]
  ],
  "morphology_type": "franka_9dof_modified"
}