{
  "num_nodes": 10,
  "node_features": [
    [
      0.0,
      0.0,
      0.0,
      0.0,
      0
    ],
    [
      -3.059821730770126,
      3.0330300399948795,
      2.175,
      0.0,
      1
    ],
    [
      -2.9987521418378025,
      3.068778964376265,
      2.175,
      0.0,
      1
    ],
    [
      -3.0484007663817665,
      2.9207120241814963,
      2.175,
      0.0,
      1
    ],
    [
      -2.9217939134790067,
      2.988639148295406,
      2.175,
      0.0,
      1
    ],
    [
      -3.028241324436624,
      3.066520169216033,
      2.175,
      0.0,
      1
    ],
    [
      -3.0288310053582044,
      3.0596304187242565,
      2.175,
      0.0,
      1
    ],
    [
      -3.0419003272844454,
      3.0337356290072,
      2.175,
      0.0,
      1
    ],
    [
      -3.021288718845656,
      2.969962829653942,
      2.175,
      0.33,
      1
    ],
    [
      -3.0537101252864205,
      3.0303958717344126,
      2.175,
      0.33,
      2
    ]
  ],
  "adjacency_matrix": [
    [
      0,
      1,
      0,
      0,
      0,
      0,
      0,
      0,
      0,
      0
    ],
    [
      1,
      0,
      1,
      0,
      0,
      0,
      0,
      0,
      0,
      0
    ],
    [
      0,
      1,
      0,
      1,
      0,
      0,
      0,
      0,
      0,
      0
    ],
    [
      0,
      0,
      1,
      0,
      1,
      0,
      0,
      0,
      0,
      0
    ],
    [
      0,
      0,
      0,
      1,
      0,
      1,
      0,
      0,
      0,
      0
    ],
    [
      0,
      0,
      0,
      0,
      1,
      0,
      1,
      0,
      0,
      0
    ],
    [
      0,
      0,
      0,
      0,
      0,
      1,
      0,
      1,
      0,
      0
    ],
    [
      0,
      0,
      0,
      0,
      0,
      0,
      1,
      0,
      1,
      0
    ],
    [
      0,
      0,
      0,
      0,
      0,
      0,
      0,
      1,
      0,
      1
    ],
    [
      0,
      0,
      0,
      0,
      0,
      0,
      0,
      0,
      1,
      0
    ]
  ],
  "dh_parameters": [
    [
      0.0,
      0.333,
      0.0,
      1.5707963267948966
    ],
    [
      0.0,
      0.0,
      0.0,
      -1.5707963267948966
    ],
    [
      0.0,
      0.316,
      0.0,
      1.5707963267948966
    ],
    [
      0.0825,
      0.0,
      0.0,
      1.5707963267948966
    ],
    [
      -0.0825,
      0.384,
      0.0,
      -1.5707963267948966
    ],
    [
      0.0,
      0.0,
      0.0,
      1.5707963267948966
    ],
    [
      0.088,
      0.107,
      0.0,
      0.0
    ]
  ],
  "morphology_type": "franka_9dof_modified"
}