{
  "num_nodes": 10,
  "node_features": [
    [
      0.0,
      0.0,
      0.0,
      0.0,
      0
    ],
    [
      -2.959483812159448,
      3.0068797140057715,
      2.175,
      0.0,
      1
    ],
    [
      -3.012993034083477,
      2.9443799037927487,
      2.175,
      0.0,
      1
    ],
    [
      -2.9522364510037837,
      2.9278168062352985,
      2.175,
      0.0,
      1
    ],
    [
      -3.027382020582099,
      3.001772387814232,
      2.175,
      0.0,
      1
    ],
    [
      -2.9093773569302677,
      2.935202771277416,
      2.175,
      0.0,
      1
    ],
    [
      -3.0630641598737753,
      3.010225831237878,
      2.175,
      0.0,
      1
    ],
    [
      -2.9868033949150012,
      2.9406028832952225,
      2.175,
      0.0,
      1
    ],
    [
      -3.034624396340454,
      3.022084708036711,
      2.175,
      0.33,
      1
    ],
    [
      -3.0504998348141226,
      3.0439956075098196,
      2.175,
      0.33,
      2
    ]
  ],
  "adjacency_matrix": [
    [
      0,
      1,
      0,
      0,
      0,
      0,
      0,
      0,
      0,
      0
    ],
    [
      1,
      0,
      1,
      0,
      0,
      0,
      0,
      0,
      0,
      0
    ],
    [
      0,
      1,
      0,
      1,
      0,
      0,
      0,
      0,
      0,
      0
    ],
    [
      0,
      0,
      1,
      0,
      1,
      0,
      0,
      0,
      0,
      0
    ],
    [
      0,
      0,
      0,
      1,
      0,
      1,
      0,
      0,
      0,
      0
    ],
    [
      0,
      0,
      0,
      0,
      1,
      0,
      1,
      0,
      0,
      0
    ],
    [
      0,
      0,
      0,
      0,
      0,
      1,
      0,
      1,
      0,
      0
    ],
    [
      0,
      0,
      0,
      0,
      0,
      0,
      1,
      0,
      1,
      0
    ],
    [
      0,
      0,
      0,
      0,
      0,
      0,
      0,
      1,
      0,
      1
    ],
    [
      0,
      0,
      0,
      0,
      0,
      0,
      0,
      0,
      1,
      0
    ]
  ],
  "dh_parameters": [
    [
      0.0,
      0.333,
      0.0,
      1.5707963267948966
    ],
    [
      0.0,
      0.0,
      0.0,
      -1.5707963267948966
    ],
    [
      0.0,
      0.316,
      0.0,
      1.5707963267948966
    ],
    [
      0.0825,
      0.0,
      0.0,
      1.5707963267948966
    ],
    [
      -0.0825,
      0.384,
      0.0,
      -1.5707963267948966
    ],
    [
      0.0,
      0.0,
      0.0,
      1.5707963267948966
    ],
    [
      0.088,
      0.107,
      0.0,
      0.0
    ]
  ],
  "morphology_type": "franka_9dof_modified"
}