{
  "num_nodes": 10,
  "node_features": [
    [
      0.0,
      0.0,
      0.0,
      0.0,
      0
    ],
    [
      -2.98757582400147,
      2.98695854913726,
      2.175,
      0.0,
      1
    ],
    [
      -2.905128921688756,
      2.9665334518821487,
      2.175,
      0.0,
      1
    ],
    [
      -2.948561703566445,
      2.9379502716916788,
      2.175,
      0.0,
      1
    ],
    [
      -2.999240977748174,
      2.9077989654421623,
      2.175,
      0.0,
      1
    ],
    [
      -2.976079196467504,
      2.9457075897499876,
      2.175,
      0.0,
      1
    ],
    [
      -2.9216917482719307,
      2.986582897677645,
      2.175,
      0.0,
      1
    ],
    [
      -2.9879712800161973,
      2.903930116205794,
      2.175,
      0.0,
      1
    ],
    [
      -2.9890276014995796,
      2.975654658529836,
      2.175,
      0.33,
      1
    ],
    [
      -2.928475638676342,
      2.938301590672669,
      2.175,
      0.33,
      2
    ]
  ],
  "adjacency_matrix": [
    [
      0,
      1,
      0,
      0,
      0,
      0,
      0,
      0,
      0,
      0
    ],
    [
      1,
      0,
      1,
      0,
      0,
      0,
      0,
      0,
      0,
      0
    ],
    [
      0,
      1,
      0,
      1,
      0,
      0,
      0,
      0,
      0,
      0
    ],
    [
      0,
      0,
      1,
      0,
      1,
      0,
      0,
      0,
      0,
      0
    ],
    [
      0,
      0,
      0,
      1,
      0,
      1,
      0,
      0,
      0,
      0
    ],
    [
      0,
      0,
      0,
      0,
      1,
      0,
      1,
      0,
      0,
      0
    ],
    [
      0,
      0,
      0,
      0,
      0,
      1,
      0,
      1,
      0,
      0
    ],
    [
      0,
      0,
      0,
      0,
      0,
      0,
      1,
      0,
      1,
      0
    ],
    [
      0,
      0,
      0,
      0,
      0,
      0,
      0,
      1,
      0,
      1
    ],
    [
      0,
      0,
      0,
      0,
      0,
      0,
      0,
      0,
      1,
      0
    ]
  ],
  "dh_parameters": [
    [
      0.0,
      0.333,
      0.0,
      1.5707963267948966
    ],
    [
      0.0,
      0.0,
      0.0,
      -1.5707963267948966
    ],
    [
      0.0,
      0.316,
      0.0,
      1.5707963267948966
    ],
    [
      0.0825,
      0.0,
      0.0,
      1.5707963267948966
    ],
    [
      -0.0825,
      0.384,
      0.0,
      -1.5707963267948966
    ],
    [
      0.0,
      0.0,
      0.0,
      1.5707963267948966
    ],
    [
      0.088,
      0.107,
      0.0,
      0.0
    ]
  ],
  "morphology_type": "franka_9dof_modified"
}