{
  "num_nodes": 10,
  "node_features": [
    [
      0.0,
      0.0,
      0.0,
      0.0,
      0
    ],
    [
      -2.993096425001432,
      3.002496194099024,
      2.175,
      0.0,
      1
    ],
    [
      -3.0452263000475224,
      3.053350466830881,
      2.175,
      0.0,
      1
    ],
    [
      -3.0421881093832055,
      2.9706970959257757,
      2.175,
      0.0,
      1
    ],
    [
      -3.0487592843057403,
      2.967203034597135,
      2.175,
      0.0,
      1
    ],
    [
      -2.937145411199939,
      2.9760795264418687,
      2.175,
      0.0,
      1
    ],
    [
      -2.930203893982534,
      3.067779234566272,
      2.175,
      0.0,
      1
    ],
    [
      -2.927378231576587,
      3.047679087809953,
      2.175,
      0.0,
      1
    ],
    [
      -2.9455757653150396,
      3.0310211343753686,
      2.175,
      0.33,
      1
    ],
    [
      -3.005797500549165,
      3.015758742117056,
      2.175,
      0.33,
      2
    ]
  ],
  "adjacency_matrix": [
    [
      0,
      1,
      0,
      0,
      0,
      0,
      0,
      0,
      0,
      0
    ],
    [
      1,
      0,
      1,
      0,
      0,
      0,
      0,
      0,
      0,
      0
    ],
    [
      0,
      1,
      0,
      1,
      0,
      0,
      0,
      0,
      0,
      0
    ],
    [
      0,
      0,
      1,
      0,
      1,
      0,
      0,
      0,
      0,
      0
    ],
    [
      0,
      0,
      0,
      1,
      0,
      1,
      0,
      0,
      0,
      0
    ],
    [
      0,
      0,
      0,
      0,
      1,
      0,
      1,
      0,
      0,
      0
    ],
    [
      0,
      0,
      0,
      0,
      0,
      1,
      0,
      1,
      0,
      0
    ],
    [
      0,
      0,
      0,
      0,
      0,
      0,
      1,
      0,
      1,
      0
    ],
    [
      0,
      0,
      0,
      0,
      0,
      0,
      0,
      1,
      0,
      1
    ],
    [
      0,
      0,
      0,
      0,
      0,
      0,
      0,
      0,
      1,
      0
    ]
  ],
  "dh_parameters": [
    [
      0.0,
      0.333,
      0.0,
      1.5707963267948966
    ],
    [
      0.0,
      0.0,
      0.0,
      -1.5707963267948966
    ],
    [
      0.0,
      0.316,
      0.0,
      1.5707963267948966
    ],
    [
      0.0825,
      0.0,
      0.0,
      1.5707963267948966
    ],
    [
      -0.0825,
      0.384,
      0.0,
      -1.5707963267948966
    ],
    [
      0.0,
      0.0,
      0.0,
      1.5707963267948966
    ],
    [
      0.088,
      0.107,
      0.0,
      0.0
    ]
  ],
  "morphology_type": "franka_9dof_modified"
}