{
  "num_nodes": 10,
  "node_features": [
    [
      0.0,
      0.0,
      0.0,
      0.0,
      0
    ],
    [
      -2.9559159986742674,
      2.920302954694866,
      2.175,
      0.0,
      1
    ],
    [
      -2.9303694814397145,
      3.0453138833713544,
      2.175,
      0.0,
      1
    ],
    [
      -2.9657570300039713,
      2.99589075596353,
      2.175,
      0.0,
      1
    ],
    [
      -2.919661060509339,
      2.975154773553342,
      2.175,
      0.0,
      1
    ],
    [
      -3.039212589151704,
      3.0112340588002455,
      2.175,
      0.0,
      1
    ],
    [
      -2.9215491951079593,
      2.90233656512299,
      2.175,
      0.0,
      1
    ],
    [
      -2.9174491893762267,
      3.0040050810811105,
      2.175,
      0.0,
      1
    ],
    [
      -3.0119684524127175,
      3.0390334798731167,
      2.175,
      0.33,
      1
    ],
    [
      -3.0511699692434324,
      3.0354530857638196,
      2.175,
      0.33,
      2
    ]
  ],
  "adjacency_matrix": [
    [
      0,
      1,
      0,
      0,
      0,
      0,
      0,
      0,
      0,
      0
    ],
    [
      1,
      0,
      1,
      0,
      0,
      0,
      0,
      0,
      0,
      0
    ],
    [
      0,
      1,
      0,
      1,
      0,
      0,
      0,
      0,
      0,
      0
    ],
    [
      0,
      0,
      1,
      0,
      1,
      0,
      0,
      0,
      0,
      0
    ],
    [
      0,
      0,
      0,
      1,
      0,
      1,
      0,
      0,
      0,
      0
    ],
    [
      0,
      0,
      0,
      0,
      1,
      0,
      1,
      0,
      0,
      0
    ],
    [
      0,
      0,
      0,
      0,
      0,
      1,
      0,
      1,
      0,
      0
    ],
    [
      0,
      0,
      0,
      0,
      0,
      0,
      1,
      0,
      1,
      0
    ],
    [
      0,
      0,
      0,
      0,
      0,
      0,
      0,
      1,
      0,
      1
    ],
    [
      0,
      0,
      0,
      0,
      0,
      0,
      0,
      0,
      1,
      0
    ]
  ],
  "dh_parameters": [
    [
      0.0,
      0.333,
      0.0,
      1.5707963267948966
    ],
    [
      0.0,
      0.0,
      0.0,
      -1.5707963267948966
    ],
    [
      0.0,
      0.316,
      0.0,
      1.5707963267948966
    ],
    [
      0.0825,
      0.0,
      0.0,
      1.5707963267948966
    ],
    [
      -0.0825,
      0.384,
      0.0,
      -1.5707963267948966
    ],
    [
      0.0,
      0.0,
      0.0,
      1.5707963267948966
    ],
    [
      0.088,
      0.107,
      0.0,
      0.0
    ]
  ],
  "morphology_type": "franka_9dof_modified"
}