{
  "num_nodes": 7,
  "node_features": [
    [
      0.0,
      0.0,
      0.0,
      0.0,
      0
    ],
    [
      -2.9601192664485096,
      3.0656306648607194,
      2.175,
      0.0,
      1
    ],
    [
      -3.0208568620885266,
      2.9046662916626493,
      2.175,
      0.0,
      1
    ],
    [
      -2.9721096484993943,
      3.0467028209980485,
      2.175,
      0.0,
      1
    ],
    [
      -2.922772723526779,
      3.0645767878287127,
      2.175,
      0.0,
      1
    ],
    [
      -2.9455528525343517,
      2.9197055494148647,
      2.175,
      0.0,
      1
    ],
    [
      -2.9201196345220364,
      3.0057231363041588,
      2.175,
      0.0,
      2
    ]
  ],
  "adjacency_matrix": [
    [
      0,
      1,
      0,
      0,
      0,
      0,
      0
    ],
    [
      1,
      0,
      1,
      0,
      0,
      0,
      0
    ],
    [
      0,
      1,
      0,
      1,
      0,
      0,
      0
    ],
    [
      0,
      0,
      1,
      0,
      1,
      0,
      0
    ],
    [
      0,
      0,
      0,
      1,
      0,
      1,
      0
    ],
    [
      0,
      0,
      0,
      0,
      1,
      0,
      1
    ],
    [
      0,
      0,
      0,
      0,
      0,
      1,
      0
    ]
  ],
  "dh_parameters": [
    [
      0.0,
      0.333,
      0.0,
      1.5707963267948966
    ],
    [
      0.0,
      0.0,
      0.0,
      -1.5707963267948966
    ],
    [
      0.0,
      0.316,
      0.0,
      1.5707963267948966
    ],
    [
      0.0825,
      0.0,
      0.0,
      1.5707963267948966
    ],
    [
      -0.0825,
      0.384,
      0.0,
      -1.5707963267948966
    ],
    [
      0.0,
      0.0,
      0.0,
      1.5707963267948966
    ]
  ],
  "morphology_type": "franka_6dof_modified"
}