{
  "num_nodes": 10,
  "node_features": [
    [
      0.0,
      0.0,
      0.0,
      0.0,
      0
    ],
    [
      -2.959245939462801,
      2.9157431751490366,
      2.175,
      0.0,
      1
    ],
    [
      -2.915384987994042,
      3.0431290928233055,
      2.175,
      0.0,
      1
    ],
    [
      -2.96545775064281,
      2.911823676051157,
      2.175,
      0.0,
      1
    ],
    [
      -3.032492633843394,
      2.9281989249615905,
      2.175,
      0.0,
      1
    ],
    [
      -2.947675567239681,
      3.0405102821178907,
      2.175,
      0.0,
      1
    ],
    [
      -2.926412415639037,
      2.962411899918269,
      2.175,
      0.0,
      1
    ],
    [
      -3.0636505085749124,
      2.957213207329995,
      2.175,
      0.0,
      1
    ],
    [
      -3.0254213865416126,
      2.909776209646648,
      2.175,
      0.33,
      1
    ],
    [
      -3.009460598751507,
      2.9830494568210972,
      2.175,
      0.33,
      2
    ]
  ],
  "adjacency_matrix": [
    [
      0,
      1,
      0,
      0,
      0,
      0,
      0,
      0,
      0,
      0
    ],
    [
      1,
      0,
      1,
      0,
      0,
      0,
      0,
      0,
      0,
      0
    ],
    [
      0,
      1,
      0,
      1,
      0,
      0,
      0,
      0,
      0,
      0
    ],
    [
      0,
      0,
      1,
      0,
      1,
      0,
      0,
      0,
      0,
      0
    ],
    [
      0,
      0,
      0,
      1,
      0,
      1,
      0,
      0,
      0,
      0
    ],
    [
      0,
      0,
      0,
      0,
      1,
      0,
      1,
      0,
      0,
      0
    ],
    [
      0,
      0,
      0,
      0,
      0,
      1,
      0,
      1,
      0,
      0
    ],
    [
      0,
      0,
      0,
      0,
      0,
      0,
      1,
      0,
      1,
      0
    ],
    [
      0,
      0,
      0,
      0,
      0,
      0,
      0,
      1,
      0,
      1
    ],
    [
      0,
      0,
      0,
      0,
      0,
      0,
      0,
      0,
      1,
      0
    ]
  ],
  "dh_parameters": [
    [
      0.0,
      0.333,
      0.0,
      1.5707963267948966
    ],
    [
      0.0,
      0.0,
      0.0,
      -1.5707963267948966
    ],
    [
      0.0,
      0.316,
      0.0,
      1.5707963267948966
    ],
    [
      0.0825,
      0.0,
      0.0,
      1.5707963267948966
    ],
    [
      -0.0825,
      0.384,
      0.0,
      -1.5707963267948966
    ],
    [
      0.0,
      0.0,
      0.0,
      1.5707963267948966
    ],
    [
      0.088,
      0.107,
      0.0,
      0.0
    ]
  ],
  "morphology_type": "franka_9dof_modified"
}