{
  "num_nodes": 6,
  "node_features": [
    [
      0.0,
      0.0,
      0.0,
      0.0,
      0
    ],
    [
      -2.96752356199717,
      3.066804129885183,
      2.175,
      0.0,
      1
    ],
    [
      -2.926860478183255,
      2.9037643829955155,
      2.175,
      0.0,
      1
    ],
    [
      -3.0392986006214615,
      2.9227695031475984,
      2.175,
      0.0,
      1
    ],
    [
      -3.065435621033113,
      2.907115874896459,
      2.175,
      0.0,
      1
    ],
    [
      -3.020828705780097,
      2.9375638359941716,
      2.175,
      0.0,
      2
    ]
  ],
  "adjacency_matrix": [
    [
      0,
      1,
      0,
      0,
      0,
      0
    ],
    [
      1,
      0,
      1,
      0,
      0,
      0
    ],
    [
      0,
      1,
      0,
      1,
      0,
      0
    ],
    [
      0,
      0,
      1,
      0,
      1,
      0
    ],
    [
      0,
      0,
      0,
      1,
      0,
      1
    ],
    [
      0,
      0,
      0,
      0,
      1,
      0
    ]
  ],
  "dh_parameters": [
    [
      0.0,
      0.333,
      0.0,
      1.5707963267948966
    ],
    [
      0.0,
      0.0,
      0.0,
      -1.5707963267948966
    ],
    [
      0.0,
      0.316,
      0.0,
      1.5707963267948966
    ],
    [
      0.0825,
      0.0,
      0.0,
      1.5707963267948966
    ],
    [
      -0.0825,
      0.384,
      0.0,
      -1.5707963267948966
    ]
  ],
  "morphology_type": "franka_5dof_modified"
}