{
  "num_nodes": 10,
  "node_features": [
    [
      0.0,
      0.0,
      0.0,
      0.0,
      0
    ],
    [
      -2.951928070986167,
      2.9332245449376098,
      2.175,
      0.0,
      1
    ],
    [
      -2.949256607852874,
      2.911614898410896,
      2.175,
      0.0,
      1
    ],
    [
      -3.014120068274084,
      3.0001505190420175,
      2.175,
      0.0,
      1
    ],
    [
      -2.9327378734214173,
      2.9563274944437543,
      2.175,
      0.0,
      1
    ],
    [
      -2.9947402010708037,
      2.952566161350811,
      2.175,
      0.0,
      1
    ],
    [
      -3.014822280983098,
      2.977062209994577,
      2.175,
      0.0,
      1
    ],
    [
      -3.0307435999555254,
      3.047142397028898,
      2.175,
      0.0,
      1
    ],
    [
      -3.0623465195245942,
      2.996197930697363,
      2.175,
      0.33,
      1
    ],
    [
      -3.042200827638748,
      2.938560450965353,
      2.175,
      0.33,
      2
    ]
  ],
  "adjacency_matrix": [
    [
      0,
      1,
      0,
      0,
      0,
      0,
      0,
      0,
      0,
      0
    ],
    [
      1,
      0,
      1,
      0,
      0,
      0,
      0,
      0,
      0,
      0
    ],
    [
      0,
      1,
      0,
      1,
      0,
      0,
      0,
      0,
      0,
      0
    ],
    [
      0,
      0,
      1,
      0,
      1,
      0,
      0,
      0,
      0,
      0
    ],
    [
      0,
      0,
      0,
      1,
      0,
      1,
      0,
      0,
      0,
      0
    ],
    [
      0,
      0,
      0,
      0,
      1,
      0,
      1,
      0,
      0,
      0
    ],
    [
      0,
      0,
      0,
      0,
      0,
      1,
      0,
      1,
      0,
      0
    ],
    [
      0,
      0,
      0,
      0,
      0,
      0,
      1,
      0,
      1,
      0
    ],
    [
      0,
      0,
      0,
      0,
      0,
      0,
      0,
      1,
      0,
      1
    ],
    [
      0,
      0,
      0,
      0,
      0,
      0,
      0,
      0,
      1,
      0
    ]
  ],
  "dh_parameters": [
    [
      0.0,
      0.333,
      0.0,
      1.5707963267948966
    ],
    [
      0.0,
      0.0,
      0.0,
      -1.5707963267948966
    ],
    [
      0.0,
      0.316,
      0.0,
      1.5707963267948966
    ],
    [
      0.0825,
      0.0,
      0.0,
      1.5707963267948966
    ],
    [
      -0.0825,
      0.384,
      0.0,
      -1.5707963267948966
    ],
    [
      0.0,
      0.0,
      0.0,
      1.5707963267948966
    ],
    [
      0.088,
      0.107,
      0.0,
      0.0
    ]
  ],
  "morphology_type": "franka_9dof_modified"
}