{
  "num_nodes": 10,
  "node_features": [
    [
      0.0,
      0.0,
      0.0,
      0.0,
      0
    ],
    [
      -3.0585812105902126,
      3.0159264843387916,
      2.175,
      0.0,
      1
    ],
    [
      -2.9309946322326166,
      3.011563626100136,
      2.175,
      0.0,
      1
    ],
    [
      -3.06837715597332,
      2.9513339926083755,
      2.175,
      0.0,
      1
    ],
    [
      -2.9962277009782747,
      2.94712023667067,
      2.175,
      0.0,
      1
    ],
    [
      -3.0273300355990878,
      2.9644498823977226,
      2.175,
      0.0,
      1
    ],
    [
      -3.0160639255442008,
      3.0313175142376787,
      2.175,
      0.0,
      1
    ],
    [
      -3.0317541130009182,
      2.959802517438936,
      2.175,
      0.0,
      1
    ],
    [
      -2.983880240216954,
      2.9184996329587296,
      2.175,
      0.33,
      1
    ],
    [
      -2.928607465204069,
      2.92390422652293,
      2.175,
      0.33,
      2
    ]
  ],
  "adjacency_matrix": [
    [
      0,
      1,
      0,
      0,
      0,
      0,
      0,
      0,
      0,
      0
    ],
    [
      1,
      0,
      1,
      0,
      0,
      0,
      0,
      0,
      0,
      0
    ],
    [
      0,
      1,
      0,
      1,
      0,
      0,
      0,
      0,
      0,
      0
    ],
    [
      0,
      0,
      1,
      0,
      1,
      0,
      0,
      0,
      0,
      0
    ],
    [
      0,
      0,
      0,
      1,
      0,
      1,
      0,
      0,
      0,
      0
    ],
    [
      0,
      0,
      0,
      0,
      1,
      0,
      1,
      0,
      0,
      0
    ],
    [
      0,
      0,
      0,
      0,
      0,
      1,
      0,
      1,
      0,
      0
    ],
    [
      0,
      0,
      0,
      0,
      0,
      0,
      1,
      0,
      1,
      0
    ],
    [
      0,
      0,
      0,
      0,
      0,
      0,
      0,
      1,
      0,
      1
    ],
    [
      0,
      0,
      0,
      0,
      0,
      0,
      0,
      0,
      1,
      0
    ]
  ],
  "dh_parameters": [
    [
      0.0,
      0.333,
      0.0,
      1.5707963267948966
    ],
    [
      0.0,
      0.0,
      0.0,
      -1.5707963267948966
    ],
    [
      0.0,
      0.316,
      0.0,
      1.5707963267948966
    ],
    [
      0.0825,
      0.0,
      0.0,
      1.5707963267948966
    ],
    [
      -0.0825,
      0.384,
      0.0,
      -1.5707963267948966
    ],
    [
      0.0,
      0.0,
      0.0,
      1.5707963267948966
    ],
    [
      0.088,
      0.107,
      0.0,
      0.0
    ]
  ],
  "morphology_type": "franka_9dof_modified"
}