{
  "num_nodes": 10,
  "node_features": [
    [
      0.0,
      0.0,
      0.0,
      0.0,
      0
    ],
    [
      -3.0126491475969988,
      3.00544498355494,
      2.175,
      0.0,
      1
    ],
    [
      -2.9107190544248747,
      2.9844558353588218,
      2.175,
      0.0,
      1
    ],
    [
      -2.920708853965013,
      3.0451030760357027,
      2.175,
      0.0,
      1
    ],
    [
      -2.980874538602322,
      2.9840715395929966,
      2.175,
      0.0,
      1
    ],
    [
      -2.9268888648498637,
      2.9765547128847567,
      2.175,
      0.0,
      1
    ],
    [
      -2.9352038353119565,
      3.052272537542928,
      2.175,
      0.0,
      1
    ],
    [
      -3.049235396628921,
      2.9574126078008773,
      2.175,
      0.0,
      1
    ],
    [
      -2.9971993322673844,
      3.021686381442867,
      2.175,
      0.33,
      1
    ],
    [
      -2.9327381135412827,
      2.9854109681166126,
      2.175,
      0.33,
      2
    ]
  ],
  "adjacency_matrix": [
    [
      0,
      1,
      0,
      0,
      0,
      0,
      0,
      0,
      0,
      0
    ],
    [
      1,
      0,
      1,
      0,
      0,
      0,
      0,
      0,
      0,
      0
    ],
    [
      0,
      1,
      0,
      1,
      0,
      0,
      0,
      0,
      0,
      0
    ],
    [
      0,
      0,
      1,
      0,
      1,
      0,
      0,
      0,
      0,
      0
    ],
    [
      0,
      0,
      0,
      1,
      0,
      1,
      0,
      0,
      0,
      0
    ],
    [
      0,
      0,
      0,
      0,
      1,
      0,
      1,
      0,
      0,
      0
    ],
    [
      0,
      0,
      0,
      0,
      0,
      1,
      0,
      1,
      0,
      0
    ],
    [
      0,
      0,
      0,
      0,
      0,
      0,
      1,
      0,
      1,
      0
    ],
    [
      0,
      0,
      0,
      0,
      0,
      0,
      0,
      1,
      0,
      1
    ],
    [
      0,
      0,
      0,
      0,
      0,
      0,
      0,
      0,
      1,
      0
    ]
  ],
  "dh_parameters": [
    [
      0.0,
      0.333,
      0.0,
      1.5707963267948966
    ],
    [
      0.0,
      0.0,
      0.0,
      -1.5707963267948966
    ],
    [
      0.0,
      0.316,
      0.0,
      1.5707963267948966
    ],
    [
      0.0825,
      0.0,
      0.0,
      1.5707963267948966
    ],
    [
      -0.0825,
      0.384,
      0.0,
      -1.5707963267948966
    ],
    [
      0.0,
      0.0,
      0.0,
      1.5707963267948966
    ],
    [
      0.088,
      0.107,
      0.0,
      0.0
    ]
  ],
  "morphology_type": "franka_9dof_modified"
}