{
  "num_nodes": 10,
  "node_features": [
    [
      0.0,
      0.0,
      0.0,
      0.0,
      0
    ],
    [
      -2.9686866286682942,
      3.0261107252431856,
      2.175,
      0.0,
      1
    ],
    [
      -3.0508846806667735,
      2.98884256025506,
      2.175,
      0.0,
      1
    ],
    [
      -3.0000976771228314,
      2.9592599164483206,
      2.175,
      0.0,
      1
    ],
    [
      -3.0150936762797524,
      2.951827628212419,
      2.175,
      0.0,
      1
    ],
    [
      -2.9218475101427828,
      2.973501343710525,
      2.175,
      0.0,
      1
    ],
    [
      -3.055060079262572,
      2.9937571190617787,
      2.175,
      0.0,
      1
    ],
    [
      -2.9627425041410973,
      2.9068189407015876,
      2.175,
      0.0,
      1
    ],
    [
      -3.002804752202738,
      3.0568022166130833,
      2.175,
      0.33,
      1
    ],
    [
      -3.0140604581012234,
      2.9005929195365856,
      2.175,
      0.33,
      2
    ]
  ],
  "adjacency_matrix": [
    [
      0,
      1,
      0,
      0,
      0,
      0,
      0,
      0,
      0,
      0
    ],
    [
      1,
      0,
      1,
      0,
      0,
      0,
      0,
      0,
      0,
      0
    ],
    [
      0,
      1,
      0,
      1,
      0,
      0,
      0,
      0,
      0,
      0
    ],
    [
      0,
      0,
      1,
      0,
      1,
      0,
      0,
      0,
      0,
      0
    ],
    [
      0,
      0,
      0,
      1,
      0,
      1,
      0,
      0,
      0,
      0
    ],
    [
      0,
      0,
      0,
      0,
      1,
      0,
      1,
      0,
      0,
      0
    ],
    [
      0,
      0,
      0,
      0,
      0,
      1,
      0,
      1,
      0,
      0
    ],
    [
      0,
      0,
      0,
      0,
      0,
      0,
      1,
      0,
      1,
      0
    ],
    [
      0,
      0,
      0,
      0,
      0,
      0,
      0,
      1,
      0,
      1
    ],
    [
      0,
      0,
      0,
      0,
      0,
      0,
      0,
      0,
      1,
      0
    ]
  ],
  "dh_parameters": [
    [
      0.0,
      0.333,
      0.0,
      1.5707963267948966
    ],
    [
      0.0,
      0.0,
      0.0,
      -1.5707963267948966
    ],
    [
      0.0,
      0.316,
      0.0,
      1.5707963267948966
    ],
    [
      0.0825,
      0.0,
      0.0,
      1.5707963267948966
    ],
    [
      -0.0825,
      0.384,
      0.0,
      -1.5707963267948966
    ],
    [
      0.0,
      0.0,
      0.0,
      1.5707963267948966
    ],
    [
      0.088,
      0.107,
      0.0,
      0.0
    ]
  ],
  "morphology_type": "franka_9dof_modified"
}