{
  "num_nodes": 10,
  "node_features": [
    [
      0.0,
      0.0,
      0.0,
      0.0,
      0
    ],
    [
      -2.982226416794059,
      3.0218811301655037,
      2.175,
      0.0,
      1
    ],
    [
      -2.960189398068685,
      2.9143472954157836,
      2.175,
      0.0,
      1
    ],
    [
      -2.903122186289892,
      3.033589760522164,
      2.175,
      0.0,
      1
    ],
    [
      -3.00222087565017,
      2.953456040708607,
      2.175,
      0.0,
      1
    ],
    [
      -2.917516767487919,
      3.0622600838489036,
      2.175,
      0.0,
      1
    ],
    [
      -3.01828461140968,
      3.036702697527148,
      2.175,
      0.0,
      1
    ],
    [
      -3.00042875832878,
      2.9893673955071205,
      2.175,
      0.0,
      1
    ],
    [
      -2.9619614550146856,
      3.0641068483476954,
      2.175,
      0.33,
      1
    ],
    [
      -2.984822792594638,
      2.9252398330011813,
      2.175,
      0.33,
      2
    ]
  ],
  "adjacency_matrix": [
    [
      0,
      1,
      0,
      0,
      0,
      0,
      0,
      0,
      0,
      0
    ],
    [
      1,
      0,
      1,
      0,
      0,
      0,
      0,
      0,
      0,
      0
    ],
    [
      0,
      1,
      0,
      1,
      0,
      0,
      0,
      0,
      0,
      0
    ],
    [
      0,
      0,
      1,
      0,
      1,
      0,
      0,
      0,
      0,
      0
    ],
    [
      0,
      0,
      0,
      1,
      0,
      1,
      0,
      0,
      0,
      0
    ],
    [
      0,
      0,
      0,
      0,
      1,
      0,
      1,
      0,
      0,
      0
    ],
    [
      0,
      0,
      0,
      0,
      0,
      1,
      0,
      1,
      0,
      0
    ],
    [
      0,
      0,
      0,
      0,
      0,
      0,
      1,
      0,
      1,
      0
    ],
    [
      0,
      0,
      0,
      0,
      0,
      0,
      0,
      1,
      0,
      1
    ],
    [
      0,
      0,
      0,
      0,
      0,
      0,
      0,
      0,
      1,
      0
    ]
  ],
  "dh_parameters": [
    [
      0.0,
      0.333,
      0.0,
      1.5707963267948966
    ],
    [
      0.0,
      0.0,
      0.0,
      -1.5707963267948966
    ],
    [
      0.0,
      0.316,
      0.0,
      1.5707963267948966
    ],
    [
      0.0825,
      0.0,
      0.0,
      1.5707963267948966
    ],
    [
      -0.0825,
      0.384,
      0.0,
      -1.5707963267948966
    ],
    [
      0.0,
      0.0,
      0.0,
      1.5707963267948966
    ],
    [
      0.088,
      0.107,
      0.0,
      0.0
    ]
  ],
  "morphology_type": "franka_9dof_modified"
}