{
  "num_nodes": 10,
  "node_features": [
    [
      0.0,
      0.0,
      0.0,
      0.0,
      0
    ],
    [
      -3.0321397684757163,
      2.916595485455808,
      2.175,
      0.0,
      1
    ],
    [
      -2.9094243745663353,
      3.0658574919062174,
      2.175,
      0.0,
      1
    ],
    [
      -3.019877308366345,
      2.931833872490168,
      2.175,
      0.0,
      1
    ],
    [
      -2.9032780343232667,
      3.041545071752247,
      2.175,
      0.0,
      1
    ],
    [
      -2.954138786813356,
      2.959428800555675,
      2.175,
      0.0,
      1
    ],
    [
      -3.0370752073717995,
      2.96944931957211,
      2.175,
      0.0,
      1
    ],
    [
      -3.069901871084872,
      2.937632633566843,
      2.175,
      0.0,
      1
    ],
    [
      -3.0110126179419243,
      3.0620649582333805,
      2.175,
      0.33,
      1
    ],
    [
      -2.9183666672748796,
      2.900382895952431,
      2.175,
      0.33,
      2
    ]
  ],
  "adjacency_matrix": [
    [
      0,
      1,
      0,
      0,
      0,
      0,
      0,
      0,
      0,
      0
    ],
    [
      1,
      0,
      1,
      0,
      0,
      0,
      0,
      0,
      0,
      0
    ],
    [
      0,
      1,
      0,
      1,
      0,
      0,
      0,
      0,
      0,
      0
    ],
    [
      0,
      0,
      1,
      0,
      1,
      0,
      0,
      0,
      0,
      0
    ],
    [
      0,
      0,
      0,
      1,
      0,
      1,
      0,
      0,
      0,
      0
    ],
    [
      0,
      0,
      0,
      0,
      1,
      0,
      1,
      0,
      0,
      0
    ],
    [
      0,
      0,
      0,
      0,
      0,
      1,
      0,
      1,
      0,
      0
    ],
    [
      0,
      0,
      0,
      0,
      0,
      0,
      1,
      0,
      1,
      0
    ],
    [
      0,
      0,
      0,
      0,
      0,
      0,
      0,
      1,
      0,
      1
    ],
    [
      0,
      0,
      0,
      0,
      0,
      0,
      0,
      0,
      1,
      0
    ]
  ],
  "dh_parameters": [
    [
      0.0,
      0.333,
      0.0,
      1.5707963267948966
    ],
    [
      0.0,
      0.0,
      0.0,
      -1.5707963267948966
    ],
    [
      0.0,
      0.316,
      0.0,
      1.5707963267948966
    ],
    [
      0.0825,
      0.0,
      0.0,
      1.5707963267948966
    ],
    [
      -0.0825,
      0.384,
      0.0,
      -1.5707963267948966
    ],
    [
      0.0,
      0.0,
      0.0,
      1.5707963267948966
    ],
    [
      0.088,
      0.107,
      0.0,
      0.0
    ]
  ],
  "morphology_type": "franka_9dof_modified"
}