{
  "num_nodes": 10,
  "node_features": [
    [
      0.0,
      0.0,
      0.0,
      0.0,
      0
    ],
    [
      -2.9204816179349624,
      3.0008608186090315,
      2.175,
      0.0,
      1
    ],
    [
      -2.987387495426014,
      2.903144863411621,
      2.175,
      0.0,
      1
    ],
    [
      -3.0319572716184644,
      2.920096114628799,
      2.175,
      0.0,
      1
    ],
    [
      -2.994768191855524,
      2.998885793449928,
      2.175,
      0.0,
      1
    ],
    [
      -3.0383888632486142,
      3.0185610418740123,
      2.175,
      0.0,
      1
    ],
    [
      -3.0283770760255826,
      2.935397896359308,
      2.175,
      0.0,
      1
    ],
    [
      -2.9881067158495083,
      3.030659078521239,
      2.175,
      0.0,
      1
    ],
    [
      -2.9532119334783373,
      2.9003772766456146,
      2.175,
      0.33,
      1
    ],
    [
      -2.9099482895004383,
      3.0037732065219545,
      2.175,
      0.33,
      2
    ]
  ],
  "adjacency_matrix": [
    [
      0,
      1,
      0,
      0,
      0,
      0,
      0,
      0,
      0,
      0
    ],
    [
      1,
      0,
      1,
      0,
      0,
      0,
      0,
      0,
      0,
      0
    ],
    [
      0,
      1,
      0,
      1,
      0,
      0,
      0,
      0,
      0,
      0
    ],
    [
      0,
      0,
      1,
      0,
      1,
      0,
      0,
      0,
      0,
      0
    ],
    [
      0,
      0,
      0,
      1,
      0,
      1,
      0,
      0,
      0,
      0
    ],
    [
      0,
      0,
      0,
      0,
      1,
      0,
      1,
      0,
      0,
      0
    ],
    [
      0,
      0,
      0,
      0,
      0,
      1,
      0,
      1,
      0,
      0
    ],
    [
      0,
      0,
      0,
      0,
      0,
      0,
      1,
      0,
      1,
      0
    ],
    [
      0,
      0,
      0,
      0,
      0,
      0,
      0,
      1,
      0,
      1
    ],
    [
      0,
      0,
      0,
      0,
      0,
      0,
      0,
      0,
      1,
      0
    ]
  ],
  "dh_parameters": [
    [
      0.0,
      0.333,
      0.0,
      1.5707963267948966
    ],
    [
      0.0,
      0.0,
      0.0,
      -1.5707963267948966
    ],
    [
      0.0,
      0.316,
      0.0,
      1.5707963267948966
    ],
    [
      0.0825,
      0.0,
      0.0,
      1.5707963267948966
    ],
    [
      -0.0825,
      0.384,
      0.0,
      -1.5707963267948966
    ],
    [
      0.0,
      0.0,
      0.0,
      1.5707963267948966
    ],
    [
      0.088,
      0.107,
      0.0,
      0.0
    ]
  ],
  "morphology_type": "franka_9dof_modified"
}