{
  "num_nodes": 9,
  "node_features": [
    [
      0.0,
      0.0,
      0.0,
      0.0,
      0
    ],
    [
      -2.935248456898466,
      2.9989983356830017,
      2.175,
      0.0,
      1
    ],
    [
      -2.9275765942146963,
      3.0097924081623333,
      2.175,
      0.0,
      1
    ],
    [
      -3.004902445066966,
      2.9287230769708383,
      2.175,
      0.0,
      1
    ],
    [
      -2.9846350062836917,
      3.0201721661409353,
      2.175,
      0.0,
      1
    ],
    [
      -2.9634351901983975,
      3.0080469351443337,
      2.175,
      0.0,
      1
    ],
    [
      -2.9607672623900476,
      2.9510862875458486,
      2.175,
      0.0,
      1
    ],
    [
      -3.069650720078908,
      3.0428677369994594,
      2.175,
      0.0,
      1
    ],
    [
      -2.9840356864109507,
      3.0471575370204533,
      2.175,
      0.33,
      2
    ]
  ],
  "adjacency_matrix": [
    [
      0,
      1,
      0,
      0,
      0,
      0,
      0,
      0,
      0
    ],
    [
      1,
      0,
      1,
      0,
      0,
      0,
      0,
      0,
      0
    ],
    [
      0,
      1,
      0,
      1,
      0,
      0,
      0,
      0,
      0
    ],
    [
      0,
      0,
      1,
      0,
      1,
      0,
      0,
      0,
      0
    ],
    [
      0,
      0,
      0,
      1,
      0,
      1,
      0,
      0,
      0
    ],
    [
      0,
      0,
      0,
      0,
      1,
      0,
      1,
      0,
      0
    ],
    [
      0,
      0,
      0,
      0,
      0,
      1,
      0,
      1,
      0
    ],
    [
      0,
      0,
      0,
      0,
      0,
      0,
      1,
      0,
      1
    ],
    [
      0,
      0,
      0,
      0,
      0,
      0,
      0,
      1,
      0
    ]
  ],
  "dh_parameters": [
    [
      0.0,
      0.333,
      0.0,
      1.5707963267948966
    ],
    [
      0.0,
      0.0,
      0.0,
      -1.5707963267948966
    ],
    [
      0.0,
      0.316,
      0.0,
      1.5707963267948966
    ],
    [
      0.0825,
      0.0,
      0.0,
      1.5707963267948966
    ],
    [
      -0.0825,
      0.384,
      0.0,
      -1.5707963267948966
    ],
    [
      0.0,
      0.0,
      0.0,
      1.5707963267948966
    ],
    [
      0.088,
      0.107,
      0.0,
      0.0
    ]
  ],
  "morphology_type": "franka_8dof_modified"
}