{
  "num_nodes": 10,
  "node_features": [
    [
      0.0,
      0.0,
      0.0,
      0.0,
      0
    ],
    [
      -2.907493944692453,
      2.9109461517587034,
      2.175,
      0.0,
      1
    ],
    [
      -2.9562387591922463,
      3.0049380808324364,
      2.175,
      0.0,
      1
    ],
    [
      -2.9201510430739686,
      2.9000501799747394,
      2.175,
      0.0,
      1
    ],
    [
      -2.9776127716760667,
      3.045568730947834,
      2.175,
      0.0,
      1
    ],
    [
      -2.975990084432234,
      3.00522781007807,
      2.175,
      0.0,
      1
    ],
    [
      -2.952959211363028,
      3.024745098507093,
      2.175,
      0.0,
      1
    ],
    [
      -3.01754131477502,
      3.02102634955313,
      2.175,
      0.0,
      1
    ],
    [
      -2.9502072165587943,
      2.9704183050209645,
      2.175,
      0.33,
      1
    ],
    [
      -3.0281142877937173,
      2.9062799344881856,
      2.175,
      0.33,
      2
    ]
  ],
  "adjacency_matrix": [
    [
      0,
      1,
      0,
      0,
      0,
      0,
      0,
      0,
      0,
      0
    ],
    [
      1,
      0,
      1,
      0,
      0,
      0,
      0,
      0,
      0,
      0
    ],
    [
      0,
      1,
      0,
      1,
      0,
      0,
      0,
      0,
      0,
      0
    ],
    [
      0,
      0,
      1,
      0,
      1,
      0,
      0,
      0,
      0,
      0
    ],
    [
      0,
      0,
      0,
      1,
      0,
      1,
      0,
      0,
      0,
      0
    ],
    [
      0,
      0,
      0,
      0,
      1,
      0,
      1,
      0,
      0,
      0
    ],
    [
      0,
      0,
      0,
      0,
      0,
      1,
      0,
      1,
      0,
      0
    ],
    [
      0,
      0,
      0,
      0,
      0,
      0,
      1,
      0,
      1,
      0
    ],
    [
      0,
      0,
      0,
      0,
      0,
      0,
      0,
      1,
      0,
      1
    ],
    [
      0,
      0,
      0,
      0,
      0,
      0,
      0,
      0,
      1,
      0
    ]
  ],
  "dh_parameters": [
    [
      0.0,
      0.333,
      0.0,
      1.5707963267948966
    ],
    [
      0.0,
      0.0,
      0.0,
      -1.5707963267948966
    ],
    [
      0.0,
      0.316,
      0.0,
      1.5707963267948966
    ],
    [
      0.0825,
      0.0,
      0.0,
      1.5707963267948966
    ],
    [
      -0.0825,
      0.384,
      0.0,
      -1.5707963267948966
    ],
    [
      0.0,
      0.0,
      0.0,
      1.5707963267948966
    ],
    [
      0.088,
      0.107,
      0.0,
      0.0
    ]
  ],
  "morphology_type": "franka_9dof_modified"
}