{
  "num_nodes": 10,
  "node_features": [
    [
      0.0,
      0.0,
      0.0,
      0.0,
      0
    ],
    [
      -2.9538480791273214,
      2.9262857894643033,
      2.175,
      0.0,
      1
    ],
    [
      -3.0667043147047854,
      2.9100223039474926,
      2.175,
      0.0,
      1
    ],
    [
      -3.0191168156358352,
      2.9585244976003953,
      2.175,
      0.0,
      1
    ],
    [
      -2.901640607609569,
      2.9687564808482376,
      2.175,
      0.0,
      1
    ],
    [
      -2.995693242456811,
      2.9728259213018178,
      2.175,
      0.0,
      1
    ],
    [
      -2.903604445872422,
      2.917943768888344,
      2.175,
      0.0,
      1
    ],
    [
      -3.0013612007383244,
      2.982232703081922,
      2.175,
      0.0,
      1
    ],
    [
      -2.9633779832001452,
      2.9680671003342494,
      2.175,
      0.33,
      1
    ],
    [
      -3.068199494996088,
      3.0323290228306807,
      2.175,
      0.33,
      2
    ]
  ],
  "adjacency_matrix": [
    [
      0,
      1,
      0,
      0,
      0,
      0,
      0,
      0,
      0,
      0
    ],
    [
      1,
      0,
      1,
      0,
      0,
      0,
      0,
      0,
      0,
      0
    ],
    [
      0,
      1,
      0,
      1,
      0,
      0,
      0,
      0,
      0,
      0
    ],
    [
      0,
      0,
      1,
      0,
      1,
      0,
      0,
      0,
      0,
      0
    ],
    [
      0,
      0,
      0,
      1,
      0,
      1,
      0,
      0,
      0,
      0
    ],
    [
      0,
      0,
      0,
      0,
      1,
      0,
      1,
      0,
      0,
      0
    ],
    [
      0,
      0,
      0,
      0,
      0,
      1,
      0,
      1,
      0,
      0
    ],
    [
      0,
      0,
      0,
      0,
      0,
      0,
      1,
      0,
      1,
      0
    ],
    [
      0,
      0,
      0,
      0,
      0,
      0,
      0,
      1,
      0,
      1
    ],
    [
      0,
      0,
      0,
      0,
      0,
      0,
      0,
      0,
      1,
      0
    ]
  ],
  "dh_parameters": [
    [
      0.0,
      0.333,
      0.0,
      1.5707963267948966
    ],
    [
      0.0,
      0.0,
      0.0,
      -1.5707963267948966
    ],
    [
      0.0,
      0.316,
      0.0,
      1.5707963267948966
    ],
    [
      0.0825,
      0.0,
      0.0,
      1.5707963267948966
    ],
    [
      -0.0825,
      0.384,
      0.0,
      -1.5707963267948966
    ],
    [
      0.0,
      0.0,
      0.0,
      1.5707963267948966
    ],
    [
      0.088,
      0.107,
      0.0,
      0.0
    ]
  ],
  "morphology_type": "franka_9dof_modified"
}