{
  "num_nodes": 10,
  "node_features": [
    [
      0.0,
      0.0,
      0.0,
      0.0,
      0
    ],
    [
      -3.062904449259516,
      2.9293564102174394,
      2.175,
      0.0,
      1
    ],
    [
      -2.932822017249929,
      3.012818501153749,
      2.175,
      0.0,
      1
    ],
    [
      -3.0192973863838795,
      2.9364971065127534,
      2.175,
      0.0,
      1
    ],
    [
      -3.0500296709667882,
      2.9826543662177443,
      2.175,
      0.0,
      1
    ],
    [
      -2.92604572258587,
      3.0632193092436784,
      2.175,
      0.0,
      1
    ],
    [
      -3.046660568296644,
      2.9684869651108476,
      2.175,
      0.0,
      1
    ],
    [
      -2.960358062804838,
      3.0228781783812204,
      2.175,
      0.0,
      1
    ],
    [
      -2.983165319195298,
      2.9256794907589,
      2.175,
      0.33,
      1
    ],
    [
      -3.021125026950448,
      2.921124808175489,
      2.175,
      0.33,
      2
    ]
  ],
  "adjacency_matrix": [
    [
      0,
      1,
      0,
      0,
      0,
      0,
      0,
      0,
      0,
      0
    ],
    [
      1,
      0,
      1,
      0,
      0,
      0,
      0,
      0,
      0,
      0
    ],
    [
      0,
      1,
      0,
      1,
      0,
      0,
      0,
      0,
      0,
      0
    ],
    [
      0,
      0,
      1,
      0,
      1,
      0,
      0,
      0,
      0,
      0
    ],
    [
      0,
      0,
      0,
      1,
      0,
      1,
      0,
      0,
      0,
      0
    ],
    [
      0,
      0,
      0,
      0,
      1,
      0,
      1,
      0,
      0,
      0
    ],
    [
      0,
      0,
      0,
      0,
      0,
      1,
      0,
      1,
      0,
      0
    ],
    [
      0,
      0,
      0,
      0,
      0,
      0,
      1,
      0,
      1,
      0
    ],
    [
      0,
      0,
      0,
      0,
      0,
      0,
      0,
      1,
      0,
      1
    ],
    [
      0,
      0,
      0,
      0,
      0,
      0,
      0,
      0,
      1,
      0
    ]
  ],
  "dh_parameters": [
    [
      0.0,
      0.333,
      0.0,
      1.5707963267948966
    ],
    [
      0.0,
      0.0,
      0.0,
      -1.5707963267948966
    ],
    [
      0.0,
      0.316,
      0.0,
      1.5707963267948966
    ],
    [
      0.0825,
      0.0,
      0.0,
      1.5707963267948966
    ],
    [
      -0.0825,
      0.384,
      0.0,
      -1.5707963267948966
    ],
    [
      0.0,
      0.0,
      0.0,
      1.5707963267948966
    ],
    [
      0.088,
      0.107,
      0.0,
      0.0
    ]
  ],
  "morphology_type": "franka_9dof_modified"
}