{
  "num_nodes": 10,
  "node_features": [
    [
      0.0,
      0.0,
      0.0,
      0.0,
      0
    ],
    [
      -2.9862814950407817,
      2.977085322398279,
      2.175,
      0.0,
      1
    ],
    [
      -3.0483607208723793,
      3.0044176213289844,
      2.175,
      0.0,
      1
    ],
    [
      -2.9046607833344185,
      3.05817632961307,
      2.175,
      0.0,
      1
    ],
    [
      -2.9930346801966103,
      2.9162616025840196,
      2.175,
      0.0,
      1
    ],
    [
      -3.02633986875438,
      3.0692018474171756,
      2.175,
      0.0,
      1
    ],
    [
      -3.0265633713379967,
      2.998892953999657,
      2.175,
      0.0,
      1
    ],
    [
      -3.013073670509965,
      2.916879585100322,
      2.175,
      0.0,
      1
    ],
    [
      -3.012779749360151,
      2.9191198393535576,
      2.175,
      0.33,
      1
    ],
    [
      -2.984692875366204,
      3.0141782286308265,
      2.175,
      0.33,
      2
    ]
  ],
  "adjacency_matrix": [
    [
      0,
      1,
      0,
      0,
      0,
      0,
      0,
      0,
      0,
      0
    ],
    [
      1,
      0,
      1,
      0,
      0,
      0,
      0,
      0,
      0,
      0
    ],
    [
      0,
      1,
      0,
      1,
      0,
      0,
      0,
      0,
      0,
      0
    ],
    [
      0,
      0,
      1,
      0,
      1,
      0,
      0,
      0,
      0,
      0
    ],
    [
      0,
      0,
      0,
      1,
      0,
      1,
      0,
      0,
      0,
      0
    ],
    [
      0,
      0,
      0,
      0,
      1,
      0,
      1,
      0,
      0,
      0
    ],
    [
      0,
      0,
      0,
      0,
      0,
      1,
      0,
      1,
      0,
      0
    ],
    [
      0,
      0,
      0,
      0,
      0,
      0,
      1,
      0,
      1,
      0
    ],
    [
      0,
      0,
      0,
      0,
      0,
      0,
      0,
      1,
      0,
      1
    ],
    [
      0,
      0,
      0,
      0,
      0,
      0,
      0,
      0,
      1,
      0
    ]
  ],
  "dh_parameters": [
    [
      0.0,
      0.333,
      0.0,
      1.5707963267948966
    ],
    [
      0.0,
      0.0,
      0.0,
      -1.5707963267948966
    ],
    [
      0.0,
      0.316,
      0.0,
      1.5707963267948966
    ],
    [
      0.0825,
      0.0,
      0.0,
      1.5707963267948966
    ],
    [
      -0.0825,
      0.384,
      0.0,
      -1.5707963267948966
    ],
    [
      0.0,
      0.0,
      0.0,
      1.5707963267948966
    ],
    [
      0.088,
      0.107,
      0.0,
      0.0
    ]
  ],
  "morphology_type": "franka_9dof_modified"
}