{
  "num_nodes": 10,
  "node_features": [
    [
      0.0,
      0.0,
      0.0,
      0.0,
      0
    ],
    [
      -3.062874347113594,
      2.954653317556401,
      2.175,
      0.0,
      1
    ],
    [
      -2.9262391941314805,
      3.0292347792612557,
      2.175,
      0.0,
      1
    ],
    [
      -2.9880373492869747,
      3.0452632783151348,
      2.175,
      0.0,
      1
    ],
    [
      -2.9816111284631224,
      3.0193313522787806,
      2.175,
      0.0,
      1
    ],
    [
      -3.0497122865306134,
      2.9106744277865553,
      2.175,
      0.0,
      1
    ],
    [
      -2.9231474760649743,
      2.944143165591941,
      2.175,
      0.0,
      1
    ],
    [
      -2.9207088986809047,
      3.028264508541879,
      2.175,
      0.0,
      1
    ],
    [
      -2.954663150300327,
      2.9827233310109826,
      2.175,
      0.33,
      1
    ],
    [
      -2.910713436276235,
      2.9544565730368793,
      2.175,
      0.33,
      2
    ]
  ],
  "adjacency_matrix": [
    [
      0,
      1,
      0,
      0,
      0,
      0,
      0,
      0,
      0,
      0
    ],
    [
      1,
      0,
      1,
      0,
      0,
      0,
      0,
      0,
      0,
      0
    ],
    [
      0,
      1,
      0,
      1,
      0,
      0,
      0,
      0,
      0,
      0
    ],
    [
      0,
      0,
      1,
      0,
      1,
      0,
      0,
      0,
      0,
      0
    ],
    [
      0,
      0,
      0,
      1,
      0,
      1,
      0,
      0,
      0,
      0
    ],
    [
      0,
      0,
      0,
      0,
      1,
      0,
      1,
      0,
      0,
      0
    ],
    [
      0,
      0,
      0,
      0,
      0,
      1,
      0,
      1,
      0,
      0
    ],
    [
      0,
      0,
      0,
      0,
      0,
      0,
      1,
      0,
      1,
      0
    ],
    [
      0,
      0,
      0,
      0,
      0,
      0,
      0,
      1,
      0,
      1
    ],
    [
      0,
      0,
      0,
      0,
      0,
      0,
      0,
      0,
      1,
      0
    ]
  ],
  "dh_parameters": [
    [
      0.0,
      0.333,
      0.0,
      1.5707963267948966
    ],
    [
      0.0,
      0.0,
      0.0,
      -1.5707963267948966
    ],
    [
      0.0,
      0.316,
      0.0,
      1.5707963267948966
    ],
    [
      0.0825,
      0.0,
      0.0,
      1.5707963267948966
    ],
    [
      -0.0825,
      0.384,
      0.0,
      -1.5707963267948966
    ],
    [
      0.0,
      0.0,
      0.0,
      1.5707963267948966
    ],
    [
      0.088,
      0.107,
      0.0,
      0.0
    ]
  ],
  "morphology_type": "franka_9dof_modified"
}