{
  "num_nodes": 10,
  "node_features": [
    [
      0.0,
      0.0,
      0.0,
      0.0,
      0
    ],
    [
      -2.9096579064656636,
      3.025967529076613,
      2.175,
      0.0,
      1
    ],
    [
      -3.0209028750042544,
      3.005203451674786,
      2.175,
      0.0,
      1
    ],
    [
      -3.0577692214294694,
      3.032492180228706,
      2.175,
      0.0,
      1
    ],
    [
      -2.935095866557899,
      3.055016396996348,
      2.175,
      0.0,
      1
    ],
    [
      -2.995979190840222,
      3.021581043897229,
      2.175,
      0.0,
      1
    ],
    [
      -3.061110219877529,
      3.047672969240199,
      2.175,
      0.0,
      1
    ],
    [
      -2.9522600295112507,
      2.9141395914581816,
      2.175,
      0.0,
      1
    ],
    [
      -3.0664435608694967,
      2.944948604212479,
      2.175,
      0.33,
      1
    ],
    [
      -2.9904579477385007,
      3.047982804524706,
      2.175,
      0.33,
      2
    ]
  ],
  "adjacency_matrix": [
    [
      0,
      1,
      0,
      0,
      0,
      0,
      0,
      0,
      0,
      0
    ],
    [
      1,
      0,
      1,
      0,
      0,
      0,
      0,
      0,
      0,
      0
    ],
    [
      0,
      1,
      0,
      1,
      0,
      0,
      0,
      0,
      0,
      0
    ],
    [
      0,
      0,
      1,
      0,
      1,
      0,
      0,
      0,
      0,
      0
    ],
    [
      0,
      0,
      0,
      1,
      0,
      1,
      0,
      0,
      0,
      0
    ],
    [
      0,
      0,
      0,
      0,
      1,
      0,
      1,
      0,
      0,
      0
    ],
    [
      0,
      0,
      0,
      0,
      0,
      1,
      0,
      1,
      0,
      0
    ],
    [
      0,
      0,
      0,
      0,
      0,
      0,
      1,
      0,
      1,
      0
    ],
    [
      0,
      0,
      0,
      0,
      0,
      0,
      0,
      1,
      0,
      1
    ],
    [
      0,
      0,
      0,
      0,
      0,
      0,
      0,
      0,
      1,
      0
    ]
  ],
  "dh_parameters": [
    [
      0.0,
      0.333,
      0.0,
      1.5707963267948966
    ],
    [
      0.0,
      0.0,
      0.0,
      -1.5707963267948966
    ],
    [
      0.0,
      0.316,
      0.0,
      1.5707963267948966
    ],
    [
      0.0825,
      0.0,
      0.0,
      1.5707963267948966
    ],
    [
      -0.0825,
      0.384,
      0.0,
      -1.5707963267948966
    ],
    [
      0.0,
      0.0,
      0.0,
      1.5707963267948966
    ],
    [
      0.088,
      0.107,
      0.0,
      0.0
    ]
  ],
  "morphology_type": "franka_9dof_modified"
}