{
  "num_nodes": 10,
  "node_features": [
    [
      0.0,
      0.0,
      0.0,
      0.0,
      0
    ],
    [
      -3.0295741272597043,
      3.0160148347012306,
      2.175,
      0.0,
      1
    ],
    [
      -2.9159542638326146,
      3.0204081746516187,
      2.175,
      0.0,
      1
    ],
    [
      -2.988903782838068,
      2.9166464821700555,
      2.175,
      0.0,
      1
    ],
    [
      -2.9118594555308235,
      3.0658361361517055,
      2.175,
      0.0,
      1
    ],
    [
      -3.0286880898621584,
      3.058361074550048,
      2.175,
      0.0,
      1
    ],
    [
      -2.97773060189121,
      2.9384198505862775,
      2.175,
      0.0,
      1
    ],
    [
      -2.9269264065197063,
      3.0501784050055267,
      2.175,
      0.0,
      1
    ],
    [
      -2.906459860364186,
      2.956213556803349,
      2.175,
      0.33,
      1
    ],
    [
      -2.9834041774376523,
      2.980433460602186,
      2.175,
      0.33,
      2
    ]
  ],
  "adjacency_matrix": [
    [
      0,
      1,
      0,
      0,
      0,
      0,
      0,
      0,
      0,
      0
    ],
    [
      1,
      0,
      1,
      0,
      0,
      0,
      0,
      0,
      0,
      0
    ],
    [
      0,
      1,
      0,
      1,
      0,
      0,
      0,
      0,
      0,
      0
    ],
    [
      0,
      0,
      1,
      0,
      1,
      0,
      0,
      0,
      0,
      0
    ],
    [
      0,
      0,
      0,
      1,
      0,
      1,
      0,
      0,
      0,
      0
    ],
    [
      0,
      0,
      0,
      0,
      1,
      0,
      1,
      0,
      0,
      0
    ],
    [
      0,
      0,
      0,
      0,
      0,
      1,
      0,
      1,
      0,
      0
    ],
    [
      0,
      0,
      0,
      0,
      0,
      0,
      1,
      0,
      1,
      0
    ],
    [
      0,
      0,
      0,
      0,
      0,
      0,
      0,
      1,
      0,
      1
    ],
    [
      0,
      0,
      0,
      0,
      0,
      0,
      0,
      0,
      1,
      0
    ]
  ],
  "dh_parameters": [
    [
      0.0,
      0.333,
      0.0,
      1.5707963267948966
    ],
    [
      0.0,
      0.0,
      0.0,
      -1.5707963267948966
    ],
    [
      0.0,
      0.316,
      0.0,
      1.5707963267948966
    ],
    [
      0.0825,
      0.0,
      0.0,
      1.5707963267948966
    ],
    [
      -0.0825,
      0.384,
      0.0,
      -1.5707963267948966
    ],
    [
      0.0,
      0.0,
      0.0,
      1.5707963267948966
    ],
    [
      0.088,
      0.107,
      0.0,
      0.0
    ]
  ],
  "morphology_type": "franka_9dof_modified"
}