{
  "num_nodes": 7,
  "node_features": [
    [
      0.0,
      0.0,
      0.0,
      0.0,
      0
    ],
    [
      -3.056071914149128,
      3.0088208383833277,
      2.175,
      0.0,
      1
    ],
    [
      -2.9837321244109085,
      2.942116309273482,
      2.175,
      0.0,
      1
    ],
    [
      -2.9219231475416962,
      2.9083511310684083,
      2.175,
      0.0,
      1
    ],
    [
      -3.0158616833523513,
      2.9795949644453485,
      2.175,
      0.0,
      1
    ],
    [
      -2.977332816558142,
      3.0202865559255003,
      2.175,
      0.0,
      1
    ],
    [
      -3.0631460873924667,
      3.0042172461303407,
      2.175,
      0.0,
      2
    ]
  ],
  "adjacency_matrix": [
    [
      0,
      1,
      0,
      0,
      0,
      0,
      0
    ],
    [
      1,
      0,
      1,
      0,
      0,
      0,
      0
    ],
    [
      0,
      1,
      0,
      1,
      0,
      0,
      0
    ],
    [
      0,
      0,
      1,
      0,
      1,
      0,
      0
    ],
    [
      0,
      0,
      0,
      1,
      0,
      1,
      0
    ],
    [
      0,
      0,
      0,
      0,
      1,
      0,
      1
    ],
    [
      0,
      0,
      0,
      0,
      0,
      1,
      0
    ]
  ],
  "dh_parameters": [
    [
      0.0,
      0.333,
      0.0,
      1.5707963267948966
    ],
    [
      0.0,
      0.0,
      0.0,
      -1.5707963267948966
    ],
    [
      0.0,
      0.316,
      0.0,
      1.5707963267948966
    ],
    [
      0.0825,
      0.0,
      0.0,
      1.5707963267948966
    ],
    [
      -0.0825,
      0.384,
      0.0,
      -1.5707963267948966
    ],
    [
      0.0,
      0.0,
      0.0,
      1.5707963267948966
    ]
  ],
  "morphology_type": "franka_6dof_modified"
}