{
  "num_nodes": 10,
  "node_features": [
    [
      0.0,
      0.0,
      0.0,
      0.0,
      0
    ],
    [
      -2.9454194901542436,
      2.9763513788911933,
      2.175,
      0.0,
      1
    ],
    [
      -2.9421905252345724,
      3.066898391000232,
      2.175,
      0.0,
      1
    ],
    [
      -2.905196172588284,
      3.012875961062553,
      2.175,
      0.0,
      1
    ],
    [
      -3.0255953339446098,
      3.0531988098435496,
      2.175,
      0.0,
      1
    ],
    [
      -3.055492018759208,
      3.027856012273138,
      2.175,
      0.0,
      1
    ],
    [
      -3.0237275625393365,
      3.06733786938117,
      2.175,
      0.0,
      1
    ],
    [
      -2.998064972589659,
      2.9602584806989696,
      2.175,
      0.0,
      1
    ],
    [
      -3.0130513332947273,
      3.02779869088352,
      2.175,
      0.33,
      1
    ],
    [
      -3.040506593639586,
      2.9029450851713703,
      2.175,
      0.33,
      2
    ]
  ],
  "adjacency_matrix": [
    [
      0,
      1,
      0,
      0,
      0,
      0,
      0,
      0,
      0,
      0
    ],
    [
      1,
      0,
      1,
      0,
      0,
      0,
      0,
      0,
      0,
      0
    ],
    [
      0,
      1,
      0,
      1,
      0,
      0,
      0,
      0,
      0,
      0
    ],
    [
      0,
      0,
      1,
      0,
      1,
      0,
      0,
      0,
      0,
      0
    ],
    [
      0,
      0,
      0,
      1,
      0,
      1,
      0,
      0,
      0,
      0
    ],
    [
      0,
      0,
      0,
      0,
      1,
      0,
      1,
      0,
      0,
      0
    ],
    [
      0,
      0,
      0,
      0,
      0,
      1,
      0,
      1,
      0,
      0
    ],
    [
      0,
      0,
      0,
      0,
      0,
      0,
      1,
      0,
      1,
      0
    ],
    [
      0,
      0,
      0,
      0,
      0,
      0,
      0,
      1,
      0,
      1
    ],
    [
      0,
      0,
      0,
      0,
      0,
      0,
      0,
      0,
      1,
      0
    ]
  ],
  "dh_parameters": [
    [
      0.0,
      0.333,
      0.0,
      1.5707963267948966
    ],
    [
      0.0,
      0.0,
      0.0,
      -1.5707963267948966
    ],
    [
      0.0,
      0.316,
      0.0,
      1.5707963267948966
    ],
    [
      0.0825,
      0.0,
      0.0,
      1.5707963267948966
    ],
    [
      -0.0825,
      0.384,
      0.0,
      -1.5707963267948966
    ],
    [
      0.0,
      0.0,
      0.0,
      1.5707963267948966
    ],
    [
      0.088,
      0.107,
      0.0,
      0.0
    ]
  ],
  "morphology_type": "franka_9dof_modified"
}