{
  "num_nodes": 9,
  "node_features": [
    [
      0.0,
      0.0,
      0.0,
      0.0,
      0
    ],
    [
      -3.012739944489977,
      2.9687897363903177,
      2.175,
      0.0,
      1
    ],
    [
      -3.0515568895425935,
      3.0344019608133035,
      2.175,
      0.0,
      1
    ],
    [
      -2.952400812333175,
      3.06585304532412,
      2.175,
      0.0,
      1
    ],
    [
      -2.9306182694354055,
      2.9770080334798146,
      2.175,
      0.0,
      1
    ],
    [
      -2.9934475388170254,
      2.948557390606794,
      2.175,
      0.0,
      1
    ],
    [
      -3.0588685412915995,
      2.9175262201851058,
      2.175,
      0.0,
      1
    ],
    [
      -3.0676165195103566,
      2.9150955385077966,
      2.175,
      0.0,
      1
    ],
    [
      -3.0267733330811812,
      3.0552150458354244,
      2.175,
      0.33,
      2
    ]
  ],
  "adjacency_matrix": [
    [
      0,
      1,
      0,
      0,
      0,
      0,
      0,
      0,
      0
    ],
    [
      1,
      0,
      1,
      0,
      0,
      0,
      0,
      0,
      0
    ],
    [
      0,
      1,
      0,
      1,
      0,
      0,
      0,
      0,
      0
    ],
    [
      0,
      0,
      1,
      0,
      1,
      0,
      0,
      0,
      0
    ],
    [
      0,
      0,
      0,
      1,
      0,
      1,
      0,
      0,
      0
    ],
    [
      0,
      0,
      0,
      0,
      1,
      0,
      1,
      0,
      0
    ],
    [
      0,
      0,
      0,
      0,
      0,
      1,
      0,
      1,
      0
    ],
    [
      0,
      0,
      0,
      0,
      0,
      0,
      1,
      0,
      1
    ],
    [
      0,
      0,
      0,
      0,
      0,
      0,
      0,
      1,
      0
    ]
  ],
  "dh_parameters": [
    [
      0.0,
      0.333,
      0.0,
      1.5707963267948966
    ],
    [
      0.0,
      0.0,
      0.0,
      -1.5707963267948966
    ],
    [
      0.0,
      0.316,
      0.0,
      1.5707963267948966
    ],
    [
      0.0825,
      0.0,
      0.0,
      1.5707963267948966
    ],
    [
      -0.0825,
      0.384,
      0.0,
      -1.5707963267948966
    ],
    [
      0.0,
      0.0,
      0.0,
      1.5707963267948966
    ],
    [
      0.088,
      0.107,
      0.0,
      0.0
    ]
  ],
  "morphology_type": "franka_8dof_modified"
}