{
  "num_nodes": 10,
  "node_features": [
    [
      0.0,
      0.0,
      0.0,
      0.0,
      0
    ],
    [
      -3.0253102712560827,
      2.924118784911828,
      2.175,
      0.0,
      1
    ],
    [
      -3.0591382621968184,
      3.0673495601964302,
      2.175,
      0.0,
      1
    ],
    [
      -3.0012882059817367,
      3.055564446162889,
      2.175,
      0.0,
      1
    ],
    [
      -2.9425940500689847,
      2.939641802367018,
      2.175,
      0.0,
      1
    ],
    [
      -2.9246294428930875,
      3.0534742197312923,
      2.175,
      0.0,
      1
    ],
    [
      -2.9073138320202254,
      3.0280544608972018,
      2.175,
      0.0,
      1
    ],
    [
      -3.058418571731276,
      2.951032339508427,
      2.175,
      0.0,
      1
    ],
    [
      -2.9760211490908444,
      3.02698508555576,
      2.175,
      0.33,
      1
    ],
    [
      -3.0092316887651065,
      3.0291194113740403,
      2.175,
      0.33,
      2
    ]
  ],
  "adjacency_matrix": [
    [
      0,
      1,
      0,
      0,
      0,
      0,
      0,
      0,
      0,
      0
    ],
    [
      1,
      0,
      1,
      0,
      0,
      0,
      0,
      0,
      0,
      0
    ],
    [
      0,
      1,
      0,
      1,
      0,
      0,
      0,
      0,
      0,
      0
    ],
    [
      0,
      0,
      1,
      0,
      1,
      0,
      0,
      0,
      0,
      0
    ],
    [
      0,
      0,
      0,
      1,
      0,
      1,
      0,
      0,
      0,
      0
    ],
    [
      0,
      0,
      0,
      0,
      1,
      0,
      1,
      0,
      0,
      0
    ],
    [
      0,
      0,
      0,
      0,
      0,
      1,
      0,
      1,
      0,
      0
    ],
    [
      0,
      0,
      0,
      0,
      0,
      0,
      1,
      0,
      1,
      0
    ],
    [
      0,
      0,
      0,
      0,
      0,
      0,
      0,
      1,
      0,
      1
    ],
    [
      0,
      0,
      0,
      0,
      0,
      0,
      0,
      0,
      1,
      0
    ]
  ],
  "dh_parameters": [
    [
      0.0,
      0.333,
      0.0,
      1.5707963267948966
    ],
    [
      0.0,
      0.0,
      0.0,
      -1.5707963267948966
    ],
    [
      0.0,
      0.316,
      0.0,
      1.5707963267948966
    ],
    [
      0.0825,
      0.0,
      0.0,
      1.5707963267948966
    ],
    [
      -0.0825,
      0.384,
      0.0,
      -1.5707963267948966
    ],
    [
      0.0,
      0.0,
      0.0,
      1.5707963267948966
    ],
    [
      0.088,
      0.107,
      0.0,
      0.0
    ]
  ],
  "morphology_type": "franka_9dof_modified"
}