{
  "num_nodes": 10,
  "node_features": [
    [
      0.0,
      0.0,
      0.0,
      0.0,
      0
    ],
    [
      -2.9864483070395806,
      2.990658422451015,
      2.175,
      0.0,
      1
    ],
    [
      -3.03554090594474,
      3.00655912215726,
      2.175,
      0.0,
      1
    ],
    [
      -2.9946881028282353,
      2.9092741024927364,
      2.175,
      0.0,
      1
    ],
    [
      -2.9299213860212703,
      2.9221901068312373,
      2.175,
      0.0,
      1
    ],
    [
      -2.946114624605796,
      3.0141675325287856,
      2.175,
      0.0,
      1
    ],
    [
      -3.0668239715714196,
      2.9637110335213714,
      2.175,
      0.0,
      1
    ],
    [
      -2.9589819511438566,
      3.067283249351651,
      2.175,
      0.0,
      1
    ],
    [
      -2.9981805375751702,
      2.973935370344215,
      2.175,
      0.33,
      1
    ],
    [
      -2.9756111260544595,
      2.954363824902944,
      2.175,
      0.33,
      2
    ]
  ],
  "adjacency_matrix": [
    [
      0,
      1,
      0,
      0,
      0,
      0,
      0,
      0,
      0,
      0
    ],
    [
      1,
      0,
      1,
      0,
      0,
      0,
      0,
      0,
      0,
      0
    ],
    [
      0,
      1,
      0,
      1,
      0,
      0,
      0,
      0,
      0,
      0
    ],
    [
      0,
      0,
      1,
      0,
      1,
      0,
      0,
      0,
      0,
      0
    ],
    [
      0,
      0,
      0,
      1,
      0,
      1,
      0,
      0,
      0,
      0
    ],
    [
      0,
      0,
      0,
      0,
      1,
      0,
      1,
      0,
      0,
      0
    ],
    [
      0,
      0,
      0,
      0,
      0,
      1,
      0,
      1,
      0,
      0
    ],
    [
      0,
      0,
      0,
      0,
      0,
      0,
      1,
      0,
      1,
      0
    ],
    [
      0,
      0,
      0,
      0,
      0,
      0,
      0,
      1,
      0,
      1
    ],
    [
      0,
      0,
      0,
      0,
      0,
      0,
      0,
      0,
      1,
      0
    ]
  ],
  "dh_parameters": [
    [
      0.0,
      0.333,
      0.0,
      1.5707963267948966
    ],
    [
      0.0,
      0.0,
      0.0,
      -1.5707963267948966
    ],
    [
      0.0,
      0.316,
      0.0,
      1.5707963267948966
    ],
    [
      0.0825,
      0.0,
      0.0,
      1.5707963267948966
    ],
    [
      -0.0825,
      0.384,
      0.0,
      -1.5707963267948966
    ],
    [
      0.0,
      0.0,
      0.0,
      1.5707963267948966
    ],
    [
      0.088,
      0.107,
      0.0,
      0.0
    ]
  ],
  "morphology_type": "franka_9dof_modified"
}