{
  "num_nodes": 10,
  "node_features": [
    [
      0.0,
      0.0,
      0.0,
      0.0,
      0
    ],
    [
      -2.9020672628857125,
      3.0031592450126534,
      2.175,
      0.0,
      1
    ],
    [
      -3.0486661468156697,
      3.0290831837646723,
      2.175,
      0.0,
      1
    ],
    [
      -3.032433935574424,
      2.9011069996335177,
      2.175,
      0.0,
      1
    ],
    [
      -3.035662333578537,
      2.9688423814513074,
      2.175,
      0.0,
      1
    ],
    [
      -2.965668708125322,
      2.924887308320322,
      2.175,
      0.0,
      1
    ],
    [
      -3.0693979262646094,
      2.9927859749942045,
      2.175,
      0.0,
      1
    ],
    [
      -3.06011669635944,
      3.0153773268358814,
      2.175,
      0.0,
      1
    ],
    [
      -2.9440433025422834,
      3.019798479706321,
      2.175,
      0.33,
      1
    ],
    [
      -3.0120592861752313,
      2.9960094341639136,
      2.175,
      0.33,
      2
    ]
  ],
  "adjacency_matrix": [
    [
      0,
      1,
      0,
      0,
      0,
      0,
      0,
      0,
      0,
      0
    ],
    [
      1,
      0,
      1,
      0,
      0,
      0,
      0,
      0,
      0,
      0
    ],
    [
      0,
      1,
      0,
      1,
      0,
      0,
      0,
      0,
      0,
      0
    ],
    [
      0,
      0,
      1,
      0,
      1,
      0,
      0,
      0,
      0,
      0
    ],
    [
      0,
      0,
      0,
      1,
      0,
      1,
      0,
      0,
      0,
      0
    ],
    [
      0,
      0,
      0,
      0,
      1,
      0,
      1,
      0,
      0,
      0
    ],
    [
      0,
      0,
      0,
      0,
      0,
      1,
      0,
      1,
      0,
      0
    ],
    [
      0,
      0,
      0,
      0,
      0,
      0,
      1,
      0,
      1,
      0
    ],
    [
      0,
      0,
      0,
      0,
      0,
      0,
      0,
      1,
      0,
      1
    ],
    [
      0,
      0,
      0,
      0,
      0,
      0,
      0,
      0,
      1,
      0
    ]
  ],
  "dh_parameters": [
    [
      0.0,
      0.333,
      0.0,
      1.5707963267948966
    ],
    [
      0.0,
      0.0,
      0.0,
      -1.5707963267948966
    ],
    [
      0.0,
      0.316,
      0.0,
      1.5707963267948966
    ],
    [
      0.0825,
      0.0,
      0.0,
      1.5707963267948966
    ],
    [
      -0.0825,
      0.384,
      0.0,
      -1.5707963267948966
    ],
    [
      0.0,
      0.0,
      0.0,
      1.5707963267948966
    ],
    [
      0.088,
      0.107,
      0.0,
      0.0
    ]
  ],
  "morphology_type": "franka_9dof_modified"
}