{
  "num_nodes": 10,
  "node_features": [
    [
      0.0,
      0.0,
      0.0,
      0.0,
      0
    ],
    [
      -2.911832392469168,
      2.953542074684205,
      2.175,
      0.0,
      1
    ],
    [
      -3.0004202308108034,
      3.0464962734216763,
      2.175,
      0.0,
      1
    ],
    [
      -2.9024882088802215,
      2.937101347862933,
      2.175,
      0.0,
      1
    ],
    [
      -2.9064283582792294,
      3.0338448267728713,
      2.175,
      0.0,
      1
    ],
    [
      -3.058510651291209,
      3.003124419073497,
      2.175,
      0.0,
      1
    ],
    [
      -3.033972707367005,
      3.0380960025353674,
      2.175,
      0.0,
      1
    ],
    [
      -2.9956577322482083,
      2.9681325778043823,
      2.175,
      0.0,
      1
    ],
    [
      -2.96468625818354,
      3.0680388326983588,
      2.175,
      0.33,
      1
    ],
    [
      -2.971191569259145,
      2.9283067454011693,
      2.175,
      0.33,
      2
    ]
  ],
  "adjacency_matrix": [
    [
      0,
      1,
      0,
      0,
      0,
      0,
      0,
      0,
      0,
      0
    ],
    [
      1,
      0,
      1,
      0,
      0,
      0,
      0,
      0,
      0,
      0
    ],
    [
      0,
      1,
      0,
      1,
      0,
      0,
      0,
      0,
      0,
      0
    ],
    [
      0,
      0,
      1,
      0,
      1,
      0,
      0,
      0,
      0,
      0
    ],
    [
      0,
      0,
      0,
      1,
      0,
      1,
      0,
      0,
      0,
      0
    ],
    [
      0,
      0,
      0,
      0,
      1,
      0,
      1,
      0,
      0,
      0
    ],
    [
      0,
      0,
      0,
      0,
      0,
      1,
      0,
      1,
      0,
      0
    ],
    [
      0,
      0,
      0,
      0,
      0,
      0,
      1,
      0,
      1,
      0
    ],
    [
      0,
      0,
      0,
      0,
      0,
      0,
      0,
      1,
      0,
      1
    ],
    [
      0,
      0,
      0,
      0,
      0,
      0,
      0,
      0,
      1,
      0
    ]
  ],
  "dh_parameters": [
    [
      0.0,
      0.333,
      0.0,
      1.5707963267948966
    ],
    [
      0.0,
      0.0,
      0.0,
      -1.5707963267948966
    ],
    [
      0.0,
      0.316,
      0.0,
      1.5707963267948966
    ],
    [
      0.0825,
      0.0,
      0.0,
      1.5707963267948966
    ],
    [
      -0.0825,
      0.384,
      0.0,
      -1.5707963267948966
    ],
    [
      0.0,
      0.0,
      0.0,
      1.5707963267948966
    ],
    [
      0.088,
      0.107,
      0.0,
      0.0
    ]
  ],
  "morphology_type": "franka_9dof_modified"
}