{
  "num_nodes": 9,
  "node_features": [
    [
      0.0,
      0.0,
      0.0,
      0.0,
      0
    ],
    [
      -3.021139000564161,
      3.03904893494739,
      2.175,
      0.0,
      1
    ],
    [
      -3.0336935910517284,
      3.0351047135821614,
      2.175,
      0.0,
      1
    ],
    [
      -2.9140941923246575,
      2.906889064632642,
      2.175,
      0.0,
      1
    ],
    [
      -2.987540794240804,
      3.0292952577894257,
      2.175,
      0.0,
      1
    ],
    [
      -2.9365874613528065,
      2.9459104126620614,
      2.175,
      0.0,
      1
    ],
    [
      -3.0272901394361664,
      3.063701631176791,
      2.175,
      0.0,
      1
    ],
    [
      -2.9657559226446506,
      3.0557540688843603,
      2.175,
      0.0,
      1
    ],
    [
      -2.9361518505091087,
      2.9152900244444733,
      2.175,
      0.33,
      2
    ]
  ],
  "adjacency_matrix": [
    [
      0,
      1,
      0,
      0,
      0,
      0,
      0,
      0,
      0
    ],
    [
      1,
      0,
      1,
      0,
      0,
      0,
      0,
      0,
      0
    ],
    [
      0,
      1,
      0,
      1,
      0,
      0,
      0,
      0,
      0
    ],
    [
      0,
      0,
      1,
      0,
      1,
      0,
      0,
      0,
      0
    ],
    [
      0,
      0,
      0,
      1,
      0,
      1,
      0,
      0,
      0
    ],
    [
      0,
      0,
      0,
      0,
      1,
      0,
      1,
      0,
      0
    ],
    [
      0,
      0,
      0,
      0,
      0,
      1,
      0,
      1,
      0
    ],
    [
      0,
      0,
      0,
      0,
      0,
      0,
      1,
      0,
      1
    ],
    [
      0,
      0,
      0,
      0,
      0,
      0,
      0,
      1,
      0
    ]
  ],
  "dh_parameters": [
    [
      0.0,
      0.333,
      0.0,
      1.5707963267948966
    ],
    [
      0.0,
      0.0,
      0.0,
      -1.5707963267948966
    ],
    [
      0.0,
      0.316,
      0.0,
      1.5707963267948966
    ],
    [
      0.0825,
      0.0,
      0.0,
      1.5707963267948966
    ],
    [
      -0.0825,
      0.384,
      0.0,
      -1.5707963267948966
    ],
    [
      0.0,
      0.0,
      0.0,
      1.5707963267948966
    ],
    [
      0.088,
      0.107,
      0.0,
      0.0
    ]
  ],
  "morphology_type": "franka_8dof_modified"
}