{
  "num_nodes": 10,
  "node_features": [
    [
      0.0,
      0.0,
      0.0,
      0.0,
      0
    ],
    [
      -2.965168134825157,
      3.051058952857811,
      2.175,
      0.0,
      1
    ],
    [
      -3.067172348118317,
      2.9567257061759586,
      2.175,
      0.0,
      1
    ],
    [
      -2.964621959896122,
      2.9513076879992797,
      2.175,
      0.0,
      1
    ],
    [
      -3.060081681323533,
      3.06350620740472,
      2.175,
      0.0,
      1
    ],
    [
      -2.973610289594212,
      2.98854706036824,
      2.175,
      0.0,
      1
    ],
    [
      -3.0443194328609713,
      3.0146527148539577,
      2.175,
      0.0,
      1
    ],
    [
      -3.0439156865760277,
      3.0402123442868794,
      2.175,
      0.0,
      1
    ],
    [
      -2.9333510682420716,
      3.0440251629663995,
      2.175,
      0.33,
      1
    ],
    [
      -2.970047409639938,
      3.016775697570051,
      2.175,
      0.33,
      2
    ]
  ],
  "adjacency_matrix": [
    [
      0,
      1,
      0,
      0,
      0,
      0,
      0,
      0,
      0,
      0
    ],
    [
      1,
      0,
      1,
      0,
      0,
      0,
      0,
      0,
      0,
      0
    ],
    [
      0,
      1,
      0,
      1,
      0,
      0,
      0,
      0,
      0,
      0
    ],
    [
      0,
      0,
      1,
      0,
      1,
      0,
      0,
      0,
      0,
      0
    ],
    [
      0,
      0,
      0,
      1,
      0,
      1,
      0,
      0,
      0,
      0
    ],
    [
      0,
      0,
      0,
      0,
      1,
      0,
      1,
      0,
      0,
      0
    ],
    [
      0,
      0,
      0,
      0,
      0,
      1,
      0,
      1,
      0,
      0
    ],
    [
      0,
      0,
      0,
      0,
      0,
      0,
      1,
      0,
      1,
      0
    ],
    [
      0,
      0,
      0,
      0,
      0,
      0,
      0,
      1,
      0,
      1
    ],
    [
      0,
      0,
      0,
      0,
      0,
      0,
      0,
      0,
      1,
      0
    ]
  ],
  "dh_parameters": [
    [
      0.0,
      0.333,
      0.0,
      1.5707963267948966
    ],
    [
      0.0,
      0.0,
      0.0,
      -1.5707963267948966
    ],
    [
      0.0,
      0.316,
      0.0,
      1.5707963267948966
    ],
    [
      0.0825,
      0.0,
      0.0,
      1.5707963267948966
    ],
    [
      -0.0825,
      0.384,
      0.0,
      -1.5707963267948966
    ],
    [
      0.0,
      0.0,
      0.0,
      1.5707963267948966
    ],
    [
      0.088,
      0.107,
      0.0,
      0.0
    ]
  ],
  "morphology_type": "franka_9dof_modified"
}