{
  "num_nodes": 10,
  "node_features": [
    [
      0.0,
      0.0,
      0.0,
      0.0,
      0
    ],
    [
      -2.907717621412894,
      3.022478541838023,
      2.175,
      0.0,
      1
    ],
    [
      -2.901470049373399,
      3.0658857044714347,
      2.175,
      0.0,
      1
    ],
    [
      -3.0698367421468915,
      3.038752641622147,
      2.175,
      0.0,
      1
    ],
    [
      -2.9584786555837734,
      2.9492116063126446,
      2.175,
      0.0,
      1
    ],
    [
      -3.006369819746932,
      2.972753088528379,
      2.175,
      0.0,
      1
    ],
    [
      -3.0032997165363797,
      3.030017711617514,
      2.175,
      0.0,
      1
    ],
    [
      -3.0000637791621676,
      2.902824241450946,
      2.175,
      0.0,
      1
    ],
    [
      -3.0044690528833486,
      3.029286754544406,
      2.175,
      0.33,
      1
    ],
    [
      -3.0546685085839838,
      3.0190771281225586,
      2.175,
      0.33,
      2
    ]
  ],
  "adjacency_matrix": [
    [
      0,
      1,
      0,
      0,
      0,
      0,
      0,
      0,
      0,
      0
    ],
    [
      1,
      0,
      1,
      0,
      0,
      0,
      0,
      0,
      0,
      0
    ],
    [
      0,
      1,
      0,
      1,
      0,
      0,
      0,
      0,
      0,
      0
    ],
    [
      0,
      0,
      1,
      0,
      1,
      0,
      0,
      0,
      0,
      0
    ],
    [
      0,
      0,
      0,
      1,
      0,
      1,
      0,
      0,
      0,
      0
    ],
    [
      0,
      0,
      0,
      0,
      1,
      0,
      1,
      0,
      0,
      0
    ],
    [
      0,
      0,
      0,
      0,
      0,
      1,
      0,
      1,
      0,
      0
    ],
    [
      0,
      0,
      0,
      0,
      0,
      0,
      1,
      0,
      1,
      0
    ],
    [
      0,
      0,
      0,
      0,
      0,
      0,
      0,
      1,
      0,
      1
    ],
    [
      0,
      0,
      0,
      0,
      0,
      0,
      0,
      0,
      1,
      0
    ]
  ],
  "dh_parameters": [
    [
      0.0,
      0.333,
      0.0,
      1.5707963267948966
    ],
    [
      0.0,
      0.0,
      0.0,
      -1.5707963267948966
    ],
    [
      0.0,
      0.316,
      0.0,
      1.5707963267948966
    ],
    [
      0.0825,
      0.0,
      0.0,
      1.5707963267948966
    ],
    [
      -0.0825,
      0.384,
      0.0,
      -1.5707963267948966
    ],
    [
      0.0,
      0.0,
      0.0,
      1.5707963267948966
    ],
    [
      0.088,
      0.107,
      0.0,
      0.0
    ]
  ],
  "morphology_type": "franka_9dof_modified"
}