{
  "num_nodes": 9,
  "node_features": [
    [
      0.0,
      0.0,
      0.0,
      0.0,
      0
    ],
    [
      -2.966542924242851,
      2.9278525580414416,
      2.175,
      0.0,
      1
    ],
    [
      -3.0286691355792725,
      2.9234258607328374,
      2.175,
      0.0,
      1
    ],
    [
      -3.0261931626668592,
      3.0239875892052095,
      2.175,
      0.0,
      1
    ],
    [
      -3.0430155043751355,
      2.9278581150302023,
      2.175,
      0.0,
      1
    ],
    [
      -3.0677882244122947,
      3.0112752469977746,
      2.175,
      0.0,
      1
    ],
    [
      -2.9058260138346754,
      2.948971015058242,
      2.175,
      0.0,
      1
    ],
    [
      -2.9419985762692114,
      3.038806614887021,
      2.175,
      0.0,
      1
    ],
    [
      -3.0083894964386606,
      2.9187956906558554,
      2.175,
      0.33,
      2
    ]
  ],
  "adjacency_matrix": [
    [
      0,
      1,
      0,
      0,
      0,
      0,
      0,
      0,
      0
    ],
    [
      1,
      0,
      1,
      0,
      0,
      0,
      0,
      0,
      0
    ],
    [
      0,
      1,
      0,
      1,
      0,
      0,
      0,
      0,
      0
    ],
    [
      0,
      0,
      1,
      0,
      1,
      0,
      0,
      0,
      0
    ],
    [
      0,
      0,
      0,
      1,
      0,
      1,
      0,
      0,
      0
    ],
    [
      0,
      0,
      0,
      0,
      1,
      0,
      1,
      0,
      0
    ],
    [
      0,
      0,
      0,
      0,
      0,
      1,
      0,
      1,
      0
    ],
    [
      0,
      0,
      0,
      0,
      0,
      0,
      1,
      0,
      1
    ],
    [
      0,
      0,
      0,
      0,
      0,
      0,
      0,
      1,
      0
    ]
  ],
  "dh_parameters": [
    [
      0.0,
      0.333,
      0.0,
      1.5707963267948966
    ],
    [
      0.0,
      0.0,
      0.0,
      -1.5707963267948966
    ],
    [
      0.0,
      0.316,
      0.0,
      1.5707963267948966
    ],
    [
      0.0825,
      0.0,
      0.0,
      1.5707963267948966
    ],
    [
      -0.0825,
      0.384,
      0.0,
      -1.5707963267948966
    ],
    [
      0.0,
      0.0,
      0.0,
      1.5707963267948966
    ],
    [
      0.088,
      0.107,
      0.0,
      0.0
    ]
  ],
  "morphology_type": "franka_8dof_modified"
}