{
  "num_nodes": 10,
  "node_features": [
    [
      0.0,
      0.0,
      0.0,
      0.0,
      0
    ],
    [
      -2.927490751647002,
      2.905672712096657,
      2.175,
      0.0,
      1
    ],
    [
      -2.9912735372039814,
      2.9965387937099606,
      2.175,
      0.0,
      1
    ],
    [
      -3.0659959109883763,
      2.9618266421195925,
      2.175,
      0.0,
      1
    ],
    [
      -3.0408766142073738,
      3.0459860865548323,
      2.175,
      0.0,
      1
    ],
    [
      -3.0144978688727537,
      3.008633392134663,
      2.175,
      0.0,
      1
    ],
    [
      -3.0393092150787195,
      2.9834007485619347,
      2.175,
      0.0,
      1
    ],
    [
      -2.9634855539004783,
      2.952637922187091,
      2.175,
      0.0,
      1
    ],
    [
      -3.0693788069859305,
      3.0180552249849617,
      2.175,
      0.33,
      1
    ],
    [
      -2.973736136829405,
      2.9144028013635723,
      2.175,
      0.33,
      2
    ]
  ],
  "adjacency_matrix": [
    [
      0,
      1,
      0,
      0,
      0,
      0,
      0,
      0,
      0,
      0
    ],
    [
      1,
      0,
      1,
      0,
      0,
      0,
      0,
      0,
      0,
      0
    ],
    [
      0,
      1,
      0,
      1,
      0,
      0,
      0,
      0,
      0,
      0
    ],
    [
      0,
      0,
      1,
      0,
      1,
      0,
      0,
      0,
      0,
      0
    ],
    [
      0,
      0,
      0,
      1,
      0,
      1,
      0,
      0,
      0,
      0
    ],
    [
      0,
      0,
      0,
      0,
      1,
      0,
      1,
      0,
      0,
      0
    ],
    [
      0,
      0,
      0,
      0,
      0,
      1,
      0,
      1,
      0,
      0
    ],
    [
      0,
      0,
      0,
      0,
      0,
      0,
      1,
      0,
      1,
      0
    ],
    [
      0,
      0,
      0,
      0,
      0,
      0,
      0,
      1,
      0,
      1
    ],
    [
      0,
      0,
      0,
      0,
      0,
      0,
      0,
      0,
      1,
      0
    ]
  ],
  "dh_parameters": [
    [
      0.0,
      0.333,
      0.0,
      1.5707963267948966
    ],
    [
      0.0,
      0.0,
      0.0,
      -1.5707963267948966
    ],
    [
      0.0,
      0.316,
      0.0,
      1.5707963267948966
    ],
    [
      0.0825,
      0.0,
      0.0,
      1.5707963267948966
    ],
    [
      -0.0825,
      0.384,
      0.0,
      -1.5707963267948966
    ],
    [
      0.0,
      0.0,
      0.0,
      1.5707963267948966
    ],
    [
      0.088,
      0.107,
      0.0,
      0.0
    ]
  ],
  "morphology_type": "franka_9dof_modified"
}