{
  "num_nodes": 10,
  "node_features": [
    [
      0.0,
      0.0,
      0.0,
      0.0,
      0
    ],
    [
      -2.9172095552968105,
      2.944587070679971,
      2.175,
      0.0,
      1
    ],
    [
      -2.949510044022899,
      3.0647057965474365,
      2.175,
      0.0,
      1
    ],
    [
      -2.993156773417232,
      2.9362722995983033,
      2.175,
      0.0,
      1
    ],
    [
      -2.919535922137914,
      2.9436668701984194,
      2.175,
      0.0,
      1
    ],
    [
      -2.978563542422151,
      3.051989708019185,
      2.175,
      0.0,
      1
    ],
    [
      -2.9406321915408498,
      3.031086412591655,
      2.175,
      0.0,
      1
    ],
    [
      -2.9303657365309226,
      3.0151158039512524,
      2.175,
      0.0,
      1
    ],
    [
      -3.0481656478189887,
      2.960971537209398,
      2.175,
      0.33,
      1
    ],
    [
      -2.902977863112261,
      2.939059247932926,
      2.175,
      0.33,
      2
    ]
  ],
  "adjacency_matrix": [
    [
      0,
      1,
      0,
      0,
      0,
      0,
      0,
      0,
      0,
      0
    ],
    [
      1,
      0,
      1,
      0,
      0,
      0,
      0,
      0,
      0,
      0
    ],
    [
      0,
      1,
      0,
      1,
      0,
      0,
      0,
      0,
      0,
      0
    ],
    [
      0,
      0,
      1,
      0,
      1,
      0,
      0,
      0,
      0,
      0
    ],
    [
      0,
      0,
      0,
      1,
      0,
      1,
      0,
      0,
      0,
      0
    ],
    [
      0,
      0,
      0,
      0,
      1,
      0,
      1,
      0,
      0,
      0
    ],
    [
      0,
      0,
      0,
      0,
      0,
      1,
      0,
      1,
      0,
      0
    ],
    [
      0,
      0,
      0,
      0,
      0,
      0,
      1,
      0,
      1,
      0
    ],
    [
      0,
      0,
      0,
      0,
      0,
      0,
      0,
      1,
      0,
      1
    ],
    [
      0,
      0,
      0,
      0,
      0,
      0,
      0,
      0,
      1,
      0
    ]
  ],
  "dh_parameters": [
    [
      0.0,
      0.333,
      0.0,
      1.5707963267948966
    ],
    [
      0.0,
      0.0,
      0.0,
      -1.5707963267948966
    ],
    [
      0.0,
      0.316,
      0.0,
      1.5707963267948966
    ],
    [
      0.0825,
      0.0,
      0.0,
      1.5707963267948966
    ],
    [
      -0.0825,
      0.384,
      0.0,
      -1.5707963267948966
    ],
    [
      0.0,
      0.0,
      0.0,
      1.5707963267948966
    ],
    [
      0.088,
      0.107,
      0.0,
      0.0
    ]
  ],
  "morphology_type": "franka_9dof_modified"
}