{
  "num_nodes": 10,
  "node_features": [
    [
      0.0,
      0.0,
      0.0,
      0.0,
      0
    ],
    [
      -2.92358551634285,
      2.902690392891801,
      2.175,
      0.0,
      1
    ],
    [
      -2.9932972532807804,
      2.922485626190413,
      2.175,
      0.0,
      1
    ],
    [
      -3.0488665475547188,
      2.9237887148981287,
      2.175,
      0.0,
      1
    ],
    [
      -2.9950688322699937,
      2.961088548288436,
      2.175,
      0.0,
      1
    ],
    [
      -2.9328524758164702,
      3.0059501122139833,
      2.175,
      0.0,
      1
    ],
    [
      -2.9965008962829134,
      3.013839336394547,
      2.175,
      0.0,
      1
    ],
    [
      -2.964250293203622,
      2.9812711641145984,
      2.175,
      0.0,
      1
    ],
    [
      -3.04744430173015,
      2.9247965827554396,
      2.175,
      0.33,
      1
    ],
    [
      -2.9363838528725954,
      3.034542095979919,
      2.175,
      0.33,
      2
    ]
  ],
  "adjacency_matrix": [
    [
      0,
      1,
      0,
      0,
      0,
      0,
      0,
      0,
      0,
      0
    ],
    [
      1,
      0,
      1,
      0,
      0,
      0,
      0,
      0,
      0,
      0
    ],
    [
      0,
      1,
      0,
      1,
      0,
      0,
      0,
      0,
      0,
      0
    ],
    [
      0,
      0,
      1,
      0,
      1,
      0,
      0,
      0,
      0,
      0
    ],
    [
      0,
      0,
      0,
      1,
      0,
      1,
      0,
      0,
      0,
      0
    ],
    [
      0,
      0,
      0,
      0,
      1,
      0,
      1,
      0,
      0,
      0
    ],
    [
      0,
      0,
      0,
      0,
      0,
      1,
      0,
      1,
      0,
      0
    ],
    [
      0,
      0,
      0,
      0,
      0,
      0,
      1,
      0,
      1,
      0
    ],
    [
      0,
      0,
      0,
      0,
      0,
      0,
      0,
      1,
      0,
      1
    ],
    [
      0,
      0,
      0,
      0,
      0,
      0,
      0,
      0,
      1,
      0
    ]
  ],
  "dh_parameters": [
    [
      0.0,
      0.333,
      0.0,
      1.5707963267948966
    ],
    [
      0.0,
      0.0,
      0.0,
      -1.5707963267948966
    ],
    [
      0.0,
      0.316,
      0.0,
      1.5707963267948966
    ],
    [
      0.0825,
      0.0,
      0.0,
      1.5707963267948966
    ],
    [
      -0.0825,
      0.384,
      0.0,
      -1.5707963267948966
    ],
    [
      0.0,
      0.0,
      0.0,
      1.5707963267948966
    ],
    [
      0.088,
      0.107,
      0.0,
      0.0
    ]
  ],
  "morphology_type": "franka_9dof_modified"
}