{
  "num_nodes": 7,
  "node_features": [
    [
      0.0,
      0.0,
      0.0,
      0.0,
      0
    ],
    [
      -2.9371073340234757,
      3.035508105568993,
      2.175,
      0.0,
      1
    ],
    [
      -3.0027235831467327,
      2.996434391844564,
      2.175,
      0.0,
      1
    ],
    [
      -2.9263972008148214,
      2.905710213657699,
      2.175,
      0.0,
      1
    ],
    [
      -2.9351358742143527,
      3.006653338772911,
      2.175,
      0.0,
      1
    ],
    [
      -3.025264434714177,
      3.0576797884846405,
      2.175,
      0.0,
      1
    ],
    [
      -2.9217319823017047,
      3.0296465698202573,
      2.175,
      0.0,
      2
    ]
  ],
  "adjacency_matrix": [
    [
      0,
      1,
      0,
      0,
      0,
      0,
      0
    ],
    [
      1,
      0,
      1,
      0,
      0,
      0,
      0
    ],
    [
      0,
      1,
      0,
      1,
      0,
      0,
      0
    ],
    [
      0,
      0,
      1,
      0,
      1,
      0,
      0
    ],
    [
      0,
      0,
      0,
      1,
      0,
      1,
      0
    ],
    [
      0,
      0,
      0,
      0,
      1,
      0,
      1
    ],
    [
      0,
      0,
      0,
      0,
      0,
      1,
      0
    ]
  ],
  "dh_parameters": [
    [
      0.0,
      0.333,
      0.0,
      1.5707963267948966
    ],
    [
      0.0,
      0.0,
      0.0,
      -1.5707963267948966
    ],
    [
      0.0,
      0.316,
      0.0,
      1.5707963267948966
    ],
    [
      0.0825,
      0.0,
      0.0,
      1.5707963267948966
    ],
    [
      -0.0825,
      0.384,
      0.0,
      -1.5707963267948966
    ],
    [
      0.0,
      0.0,
      0.0,
      1.5707963267948966
    ]
  ],
  "morphology_type": "franka_6dof_modified"
}