{
  "num_nodes": 10,
  "node_features": [
    [
      0.0,
      0.0,
      0.0,
      0.0,
      0
    ],
    [
      -2.9118773305698458,
      3.0426524339115577,
      2.175,
      0.0,
      1
    ],
    [
      -3.0241738787824386,
      3.029472462404025,
      2.175,
      0.0,
      1
    ],
    [
      -2.9907220326202766,
      3.002032108811677,
      2.175,
      0.0,
      1
    ],
    [
      -3.0580122931725593,
      2.973445365499818,
      2.175,
      0.0,
      1
    ],
    [
      -2.971319178923318,
      2.929396537748348,
      2.175,
      0.0,
      1
    ],
    [
      -2.976530916292404,
      3.059353759493295,
      2.175,
      0.0,
      1
    ],
    [
      -3.0129143022131313,
      2.992864087417273,
      2.175,
      0.0,
      1
    ],
    [
      -3.003084978729409,
      3.027035235815903,
      2.175,
      0.33,
      1
    ],
    [
      -2.907834514987795,
      2.9449630830754323,
      2.175,
      0.33,
      2
    ]
  ],
  "adjacency_matrix": [
    [
      0,
      1,
      0,
      0,
      0,
      0,
      0,
      0,
      0,
      0
    ],
    [
      1,
      0,
      1,
      0,
      0,
      0,
      0,
      0,
      0,
      0
    ],
    [
      0,
      1,
      0,
      1,
      0,
      0,
      0,
      0,
      0,
      0
    ],
    [
      0,
      0,
      1,
      0,
      1,
      0,
      0,
      0,
      0,
      0
    ],
    [
      0,
      0,
      0,
      1,
      0,
      1,
      0,
      0,
      0,
      0
    ],
    [
      0,
      0,
      0,
      0,
      1,
      0,
      1,
      0,
      0,
      0
    ],
    [
      0,
      0,
      0,
      0,
      0,
      1,
      0,
      1,
      0,
      0
    ],
    [
      0,
      0,
      0,
      0,
      0,
      0,
      1,
      0,
      1,
      0
    ],
    [
      0,
      0,
      0,
      0,
      0,
      0,
      0,
      1,
      0,
      1
    ],
    [
      0,
      0,
      0,
      0,
      0,
      0,
      0,
      0,
      1,
      0
    ]
  ],
  "dh_parameters": [
    [
      0.0,
      0.333,
      0.0,
      1.5707963267948966
    ],
    [
      0.0,
      0.0,
      0.0,
      -1.5707963267948966
    ],
    [
      0.0,
      0.316,
      0.0,
      1.5707963267948966
    ],
    [
      0.0825,
      0.0,
      0.0,
      1.5707963267948966
    ],
    [
      -0.0825,
      0.384,
      0.0,
      -1.5707963267948966
    ],
    [
      0.0,
      0.0,
      0.0,
      1.5707963267948966
    ],
    [
      0.088,
      0.107,
      0.0,
      0.0
    ]
  ],
  "morphology_type": "franka_9dof_modified"
}