{
  "num_nodes": 10,
  "node_features": [
    [
      0.0,
      0.0,
      0.0,
      0.0,
      0
    ],
    [
      -2.9588738302388458,
      2.9409423948860525,
      2.175,
      0.0,
      1
    ],
    [
      -2.939696290555853,
      2.98558854495041,
      2.175,
      0.0,
      1
    ],
    [
      -2.9262031304498053,
      2.9359974306705987,
      2.175,
      0.0,
      1
    ],
    [
      -2.976849266875111,
      3.0533931972431865,
      2.175,
      0.0,
      1
    ],
    [
      -2.9423053242060924,
      2.9184207646577396,
      2.175,
      0.0,
      1
    ],
    [
      -3.0019209526955977,
      2.9350492405793562,
      2.175,
      0.0,
      1
    ],
    [
      -2.9137533355274496,
      3.0302477544960333,
      2.175,
      0.0,
      1
    ],
    [
      -3.053173813896071,
      3.009610759950799,
      2.175,
      0.33,
      1
    ],
    [
      -3.031263187972649,
      3.0322062532155765,
      2.175,
      0.33,
      2
    ]
  ],
  "adjacency_matrix": [
    [
      0,
      1,
      0,
      0,
      0,
      0,
      0,
      0,
      0,
      0
    ],
    [
      1,
      0,
      1,
      0,
      0,
      0,
      0,
      0,
      0,
      0
    ],
    [
      0,
      1,
      0,
      1,
      0,
      0,
      0,
      0,
      0,
      0
    ],
    [
      0,
      0,
      1,
      0,
      1,
      0,
      0,
      0,
      0,
      0
    ],
    [
      0,
      0,
      0,
      1,
      0,
      1,
      0,
      0,
      0,
      0
    ],
    [
      0,
      0,
      0,
      0,
      1,
      0,
      1,
      0,
      0,
      0
    ],
    [
      0,
      0,
      0,
      0,
      0,
      1,
      0,
      1,
      0,
      0
    ],
    [
      0,
      0,
      0,
      0,
      0,
      0,
      1,
      0,
      1,
      0
    ],
    [
      0,
      0,
      0,
      0,
      0,
      0,
      0,
      1,
      0,
      1
    ],
    [
      0,
      0,
      0,
      0,
      0,
      0,
      0,
      0,
      1,
      0
    ]
  ],
  "dh_parameters": [
    [
      0.0,
      0.333,
      0.0,
      1.5707963267948966
    ],
    [
      0.0,
      0.0,
      0.0,
      -1.5707963267948966
    ],
    [
      0.0,
      0.316,
      0.0,
      1.5707963267948966
    ],
    [
      0.0825,
      0.0,
      0.0,
      1.5707963267948966
    ],
    [
      -0.0825,
      0.384,
      0.0,
      -1.5707963267948966
    ],
    [
      0.0,
      0.0,
      0.0,
      1.5707963267948966
    ],
    [
      0.088,
      0.107,
      0.0,
      0.0
    ]
  ],
  "morphology_type": "franka_9dof_modified"
}