{
  "num_nodes": 10,
  "node_features": [
    [
      0.0,
      0.0,
      0.0,
      0.0,
      0
    ],
    [
      -2.9909232853804695,
      2.9408030400408767,
      2.175,
      0.0,
      1
    ],
    [
      -2.988962800404059,
      2.948608299846494,
      2.175,
      0.0,
      1
    ],
    [
      -3.035816051031225,
      2.9902676428626385,
      2.175,
      0.0,
      1
    ],
    [
      -2.92614951492706,
      2.9377898960445994,
      2.175,
      0.0,
      1
    ],
    [
      -2.976190870284438,
      3.0378181208003774,
      2.175,
      0.0,
      1
    ],
    [
      -3.0518565825474897,
      2.997444891457158,
      2.175,
      0.0,
      1
    ],
    [
      -2.967915205121126,
      2.9168559619217738,
      2.175,
      0.0,
      1
    ],
    [
      -2.9040453854304302,
      2.9534643519112245,
      2.175,
      0.33,
      1
    ],
    [
      -3.0671132850733547,
      2.9154178899113394,
      2.175,
      0.33,
      2
    ]
  ],
  "adjacency_matrix": [
    [
      0,
      1,
      0,
      0,
      0,
      0,
      0,
      0,
      0,
      0
    ],
    [
      1,
      0,
      1,
      0,
      0,
      0,
      0,
      0,
      0,
      0
    ],
    [
      0,
      1,
      0,
      1,
      0,
      0,
      0,
      0,
      0,
      0
    ],
    [
      0,
      0,
      1,
      0,
      1,
      0,
      0,
      0,
      0,
      0
    ],
    [
      0,
      0,
      0,
      1,
      0,
      1,
      0,
      0,
      0,
      0
    ],
    [
      0,
      0,
      0,
      0,
      1,
      0,
      1,
      0,
      0,
      0
    ],
    [
      0,
      0,
      0,
      0,
      0,
      1,
      0,
      1,
      0,
      0
    ],
    [
      0,
      0,
      0,
      0,
      0,
      0,
      1,
      0,
      1,
      0
    ],
    [
      0,
      0,
      0,
      0,
      0,
      0,
      0,
      1,
      0,
      1
    ],
    [
      0,
      0,
      0,
      0,
      0,
      0,
      0,
      0,
      1,
      0
    ]
  ],
  "dh_parameters": [
    [
      0.0,
      0.333,
      0.0,
      1.5707963267948966
    ],
    [
      0.0,
      0.0,
      0.0,
      -1.5707963267948966
    ],
    [
      0.0,
      0.316,
      0.0,
      1.5707963267948966
    ],
    [
      0.0825,
      0.0,
      0.0,
      1.5707963267948966
    ],
    [
      -0.0825,
      0.384,
      0.0,
      -1.5707963267948966
    ],
    [
      0.0,
      0.0,
      0.0,
      1.5707963267948966
    ],
    [
      0.088,
      0.107,
      0.0,
      0.0
    ]
  ],
  "morphology_type": "franka_9dof_modified"
}