{
  "num_nodes": 7,
  "node_features": [
    [
      0.0,
      0.0,
      0.0,
      0.0,
      0
    ],
    [
      -2.9513764633755866,
      3.0123162083088406,
      2.175,
      0.0,
      1
    ],
    [
      -3.051931959058528,
      3.0603782556380255,
      2.175,
      0.0,
      1
    ],
    [
      -3.0301716636367666,
      3.0424760667925446,
      2.175,
      0.0,
      1
    ],
    [
      -2.931205864607861,
      3.0586109392134597,
      2.175,
      0.0,
      1
    ],
    [
      -3.0287212646448505,
      3.00743974346074,
      2.175,
      0.0,
      1
    ],
    [
      -2.906264220872791,
      2.944067729550943,
      2.175,
      0.0,
      2
    ]
  ],
  "adjacency_matrix": [
    [
      0,
      1,
      0,
      0,
      0,
      0,
      0
    ],
    [
      1,
      0,
      1,
      0,
      0,
      0,
      0
    ],
    [
      0,
      1,
      0,
      1,
      0,
      0,
      0
    ],
    [
      0,
      0,
      1,
      0,
      1,
      0,
      0
    ],
    [
      0,
      0,
      0,
      1,
      0,
      1,
      0
    ],
    [
      0,
      0,
      0,
      0,
      1,
      0,
      1
    ],
    [
      0,
      0,
      0,
      0,
      0,
      1,
      0
    ]
  ],
  "dh_parameters": [
    [
      0.0,
      0.333,
      0.0,
      1.5707963267948966
    ],
    [
      0.0,
      0.0,
      0.0,
      -1.5707963267948966
    ],
    [
      0.0,
      0.316,
      0.0,
      1.5707963267948966
    ],
    [
      0.0825,
      0.0,
      0.0,
      1.5707963267948966
    ],
    [
      -0.0825,
      0.384,
      0.0,
      -1.5707963267948966
    ],
    [
      0.0,
      0.0,
      0.0,
      1.5707963267948966
    ]
  ],
  "morphology_type": "franka_6dof_modified"
}