{
  "num_nodes": 9,
  "node_features": [
    [
      0.0,
      0.0,
      0.0,
      0.0,
      0
    ],
    [
      -3.066939032701009,
      2.9316564083561847,
      2.175,
      0.0,
      1
    ],
    [
      -3.0272357287817293,
      2.9875871959414506,
      2.175,
      0.0,
      1
    ],
    [
      -2.9555412871871476,
      2.9916438707325193,
      2.175,
      0.0,
      1
    ],
    [
      -3.0591693475957387,
      2.9904591226703445,
      2.175,
      0.0,
      1
    ],
    [
      -2.9425772531561716,
      3.041012520831232,
      2.175,
      0.0,
      1
    ],
    [
      -2.9393790504323114,
      3.0093292067043675,
      2.175,
      0.0,
      1
    ],
    [
      -3.0654234192876766,
      2.9245253572206984,
      2.175,
      0.0,
      1
    ],
    [
      -2.947822089447397,
      3.04513002501266,
      2.175,
      0.33,
      2
    ]
  ],
  "adjacency_matrix": [
    [
      0,
      1,
      0,
      0,
      0,
      0,
      0,
      0,
      0
    ],
    [
      1,
      0,
      1,
      0,
      0,
      0,
      0,
      0,
      0
    ],
    [
      0,
      1,
      0,
      1,
      0,
      0,
      0,
      0,
      0
    ],
    [
      0,
      0,
      1,
      0,
      1,
      0,
      0,
      0,
      0
    ],
    [
      0,
      0,
      0,
      1,
      0,
      1,
      0,
      0,
      0
    ],
    [
      0,
      0,
      0,
      0,
      1,
      0,
      1,
      0,
      0
    ],
    [
      0,
      0,
      0,
      0,
      0,
      1,
      0,
      1,
      0
    ],
    [
      0,
      0,
      0,
      0,
      0,
      0,
      1,
      0,
      1
    ],
    [
      0,
      0,
      0,
      0,
      0,
      0,
      0,
      1,
      0
    ]
  ],
  "dh_parameters": [
    [
      0.0,
      0.333,
      0.0,
      1.5707963267948966
    ],
    [
      0.0,
      0.0,
      0.0,
      -1.5707963267948966
    ],
    [
      0.0,
      0.316,
      0.0,
      1.5707963267948966
    ],
    [
      0.0825,
      0.0,
      0.0,
      1.5707963267948966
    ],
    [
      -0.0825,
      0.384,
      0.0,
      -1.5707963267948966
    ],
    [
      0.0,
      0.0,
      0.0,
      1.5707963267948966
    ],
    [
      0.088,
      0.107,
      0.0,
      0.0
    ]
  ],
  "morphology_type": "franka_8dof_modified"
}