{
  "num_nodes": 10,
  "node_features": [
    [
      0.0,
      0.0,
      0.0,
      0.0,
      0
    ],
    [
      -2.9239772831840796,
      2.9831847349899214,
      2.175,
      0.0,
      1
    ],
    [
      -2.9608262759100525,
      2.9126209711416657,
      2.175,
      0.0,
      1
    ],
    [
      -2.9820749348831783,
      2.9278485413446975,
      2.175,
      0.0,
      1
    ],
    [
      -3.0254860790295695,
      2.9782956293694833,
      2.175,
      0.0,
      1
    ],
    [
      -3.047763694521078,
      3.0116859796490343,
      2.175,
      0.0,
      1
    ],
    [
      -2.9012797368935006,
      3.0311169586867464,
      2.175,
      0.0,
      1
    ],
    [
      -2.9603438617537248,
      3.0600208652078873,
      2.175,
      0.0,
      1
    ],
    [
      -3.0027893168224917,
      2.9151922073205854,
      2.175,
      0.33,
      1
    ],
    [
      -3.0018280966344806,
      3.0196304947458645,
      2.175,
      0.33,
      2
    ]
  ],
  "adjacency_matrix": [
    [
      0,
      1,
      0,
      0,
      0,
      0,
      0,
      0,
      0,
      0
    ],
    [
      1,
      0,
      1,
      0,
      0,
      0,
      0,
      0,
      0,
      0
    ],
    [
      0,
      1,
      0,
      1,
      0,
      0,
      0,
      0,
      0,
      0
    ],
    [
      0,
      0,
      1,
      0,
      1,
      0,
      0,
      0,
      0,
      0
    ],
    [
      0,
      0,
      0,
      1,
      0,
      1,
      0,
      0,
      0,
      0
    ],
    [
      0,
      0,
      0,
      0,
      1,
      0,
      1,
      0,
      0,
      0
    ],
    [
      0,
      0,
      0,
      0,
      0,
      1,
      0,
      1,
      0,
      0
    ],
    [
      0,
      0,
      0,
      0,
      0,
      0,
      1,
      0,
      1,
      0
    ],
    [
      0,
      0,
      0,
      0,
      0,
      0,
      0,
      1,
      0,
      1
    ],
    [
      0,
      0,
      0,
      0,
      0,
      0,
      0,
      0,
      1,
      0
    ]
  ],
  "dh_parameters": [
    [
      0.0,
      0.333,
      0.0,
      1.5707963267948966
    ],
    [
      0.0,
      0.0,
      0.0,
      -1.5707963267948966
    ],
    [
      0.0,
      0.316,
      0.0,
      1.5707963267948966
    ],
    [
      0.0825,
      0.0,
      0.0,
      1.5707963267948966
    ],
    [
      -0.0825,
      0.384,
      0.0,
      -1.5707963267948966
    ],
    [
      0.0,
      0.0,
      0.0,
      1.5707963267948966
    ],
    [
      0.088,
      0.107,
      0.0,
      0.0
    ]
  ],
  "morphology_type": "franka_9dof_modified"
}