{
  "num_nodes": 10,
  "node_features": [
    [
      0.0,
      0.0,
      0.0,
      0.0,
      0
    ],
    [
      -2.942805420073988,
      2.9661968738943894,
      2.175,
      0.0,
      1
    ],
    [
      -3.0022420390806817,
      3.0498818113851813,
      2.175,
      0.0,
      1
    ],
    [
      -2.9314262393948716,
      3.029493568521953,
      2.175,
      0.0,
      1
    ],
    [
      -3.064821258528824,
      3.003688313886554,
      2.175,
      0.0,
      1
    ],
    [
      -2.9977802727426806,
      2.9653988612424342,
      2.175,
      0.0,
      1
    ],
    [
      -3.024436216841574,
      2.973275709982503,
      2.175,
      0.0,
      1
    ],
    [
      -2.9059054951874144,
      2.9683905030232816,
      2.175,
      0.0,
      1
    ],
    [
      -2.9073986347366345,
      2.9819277890059745,
      2.175,
      0.33,
      1
    ],
    [
      -3.0414313360107665,
      2.938759913625298,
      2.175,
      0.33,
      2
    ]
  ],
  "adjacency_matrix": [
    [
      0,
      1,
      0,
      0,
      0,
      0,
      0,
      0,
      0,
      0
    ],
    [
      1,
      0,
      1,
      0,
      0,
      0,
      0,
      0,
      0,
      0
    ],
    [
      0,
      1,
      0,
      1,
      0,
      0,
      0,
      0,
      0,
      0
    ],
    [
      0,
      0,
      1,
      0,
      1,
      0,
      0,
      0,
      0,
      0
    ],
    [
      0,
      0,
      0,
      1,
      0,
      1,
      0,
      0,
      0,
      0
    ],
    [
      0,
      0,
      0,
      0,
      1,
      0,
      1,
      0,
      0,
      0
    ],
    [
      0,
      0,
      0,
      0,
      0,
      1,
      0,
      1,
      0,
      0
    ],
    [
      0,
      0,
      0,
      0,
      0,
      0,
      1,
      0,
      1,
      0
    ],
    [
      0,
      0,
      0,
      0,
      0,
      0,
      0,
      1,
      0,
      1
    ],
    [
      0,
      0,
      0,
      0,
      0,
      0,
      0,
      0,
      1,
      0
    ]
  ],
  "dh_parameters": [
    [
      0.0,
      0.333,
      0.0,
      1.5707963267948966
    ],
    [
      0.0,
      0.0,
      0.0,
      -1.5707963267948966
    ],
    [
      0.0,
      0.316,
      0.0,
      1.5707963267948966
    ],
    [
      0.0825,
      0.0,
      0.0,
      1.5707963267948966
    ],
    [
      -0.0825,
      0.384,
      0.0,
      -1.5707963267948966
    ],
    [
      0.0,
      0.0,
      0.0,
      1.5707963267948966
    ],
    [
      0.088,
      0.107,
      0.0,
      0.0
    ]
  ],
  "morphology_type": "franka_9dof_modified"
}