{
  "num_nodes": 10,
  "node_features": [
    [
      0.0,
      0.0,
      0.0,
      0.0,
      0
    ],
    [
      -2.9791935435481784,
      2.98902523086299,
      2.175,
      0.0,
      1
    ],
    [
      -2.9601849018873265,
      2.941504059272556,
      2.175,
      0.0,
      1
    ],
    [
      -3.0150973564434405,
      3.0401248222496147,
      2.175,
      0.0,
      1
    ],
    [
      -2.912843500364818,
      2.921319548928906,
      2.175,
      0.0,
      1
    ],
    [
      -2.924011532648613,
      2.91338605899067,
      2.175,
      0.0,
      1
    ],
    [
      -3.0443756580453045,
      3.050479142545141,
      2.175,
      0.0,
      1
    ],
    [
      -3.0229842754090486,
      2.9145886483182863,
      2.175,
      0.0,
      1
    ],
    [
      -3.0433052926490896,
      2.93240596956744,
      2.175,
      0.33,
      1
    ],
    [
      -2.9557326639200894,
      3.002550585409863,
      2.175,
      0.33,
      2
    ]
  ],
  "adjacency_matrix": [
    [
      0,
      1,
      0,
      0,
      0,
      0,
      0,
      0,
      0,
      0
    ],
    [
      1,
      0,
      1,
      0,
      0,
      0,
      0,
      0,
      0,
      0
    ],
    [
      0,
      1,
      0,
      1,
      0,
      0,
      0,
      0,
      0,
      0
    ],
    [
      0,
      0,
      1,
      0,
      1,
      0,
      0,
      0,
      0,
      0
    ],
    [
      0,
      0,
      0,
      1,
      0,
      1,
      0,
      0,
      0,
      0
    ],
    [
      0,
      0,
      0,
      0,
      1,
      0,
      1,
      0,
      0,
      0
    ],
    [
      0,
      0,
      0,
      0,
      0,
      1,
      0,
      1,
      0,
      0
    ],
    [
      0,
      0,
      0,
      0,
      0,
      0,
      1,
      0,
      1,
      0
    ],
    [
      0,
      0,
      0,
      0,
      0,
      0,
      0,
      1,
      0,
      1
    ],
    [
      0,
      0,
      0,
      0,
      0,
      0,
      0,
      0,
      1,
      0
    ]
  ],
  "dh_parameters": [
    [
      0.0,
      0.333,
      0.0,
      1.5707963267948966
    ],
    [
      0.0,
      0.0,
      0.0,
      -1.5707963267948966
    ],
    [
      0.0,
      0.316,
      0.0,
      1.5707963267948966
    ],
    [
      0.0825,
      0.0,
      0.0,
      1.5707963267948966
    ],
    [
      -0.0825,
      0.384,
      0.0,
      -1.5707963267948966
    ],
    [
      0.0,
      0.0,
      0.0,
      1.5707963267948966
    ],
    [
      0.088,
      0.107,
      0.0,
      0.0
    ]
  ],
  "morphology_type": "franka_9dof_modified"
}