{
  "num_nodes": 10,
  "node_features": [
    [
      0.0,
      0.0,
      0.0,
      0.0,
      0
    ],
    [
      -2.99616737663698,
      2.9139769412326464,
      2.175,
      0.0,
      1
    ],
    [
      -3.059361796607129,
      2.925460703449412,
      2.175,
      0.0,
      1
    ],
    [
      -2.9748519032993492,
      2.9065260390422916,
      2.175,
      0.0,
      1
    ],
    [
      -3.050432320300336,
      3.01950268010155,
      2.175,
      0.0,
      1
    ],
    [
      -3.0353310062348795,
      2.9501518193845295,
      2.175,
      0.0,
      1
    ],
    [
      -3.055318727919338,
      2.9408861224097267,
      2.175,
      0.0,
      1
    ],
    [
      -2.993618013647694,
      2.959999002586996,
      2.175,
      0.0,
      1
    ],
    [
      -2.904513213117351,
      3.060739330903918,
      2.175,
      0.33,
      1
    ],
    [
      -2.9065443424816606,
      3.043600395721625,
      2.175,
      0.33,
      2
    ]
  ],
  "adjacency_matrix": [
    [
      0,
      1,
      0,
      0,
      0,
      0,
      0,
      0,
      0,
      0
    ],
    [
      1,
      0,
      1,
      0,
      0,
      0,
      0,
      0,
      0,
      0
    ],
    [
      0,
      1,
      0,
      1,
      0,
      0,
      0,
      0,
      0,
      0
    ],
    [
      0,
      0,
      1,
      0,
      1,
      0,
      0,
      0,
      0,
      0
    ],
    [
      0,
      0,
      0,
      1,
      0,
      1,
      0,
      0,
      0,
      0
    ],
    [
      0,
      0,
      0,
      0,
      1,
      0,
      1,
      0,
      0,
      0
    ],
    [
      0,
      0,
      0,
      0,
      0,
      1,
      0,
      1,
      0,
      0
    ],
    [
      0,
      0,
      0,
      0,
      0,
      0,
      1,
      0,
      1,
      0
    ],
    [
      0,
      0,
      0,
      0,
      0,
      0,
      0,
      1,
      0,
      1
    ],
    [
      0,
      0,
      0,
      0,
      0,
      0,
      0,
      0,
      1,
      0
    ]
  ],
  "dh_parameters": [
    [
      0.0,
      0.333,
      0.0,
      1.5707963267948966
    ],
    [
      0.0,
      0.0,
      0.0,
      -1.5707963267948966
    ],
    [
      0.0,
      0.316,
      0.0,
      1.5707963267948966
    ],
    [
      0.0825,
      0.0,
      0.0,
      1.5707963267948966
    ],
    [
      -0.0825,
      0.384,
      0.0,
      -1.5707963267948966
    ],
    [
      0.0,
      0.0,
      0.0,
      1.5707963267948966
    ],
    [
      0.088,
      0.107,
      0.0,
      0.0
    ]
  ],
  "morphology_type": "franka_9dof_modified"
}