{
  "num_nodes": 10,
  "node_features": [
    [
      0.0,
      0.0,
      0.0,
      0.0,
      0
    ],
    [
      -3.010065962147719,
      2.9284692700125867,
      2.175,
      0.0,
      1
    ],
    [
      -2.9217002643833934,
      2.926572474574827,
      2.175,
      0.0,
      1
    ],
    [
      -3.024166217731733,
      3.0298260712791625,
      2.175,
      0.0,
      1
    ],
    [
      -2.9849030435075625,
      2.995884483104765,
      2.175,
      0.0,
      1
    ],
    [
      -2.9426073804059665,
      2.970524113177183,
      2.175,
      0.0,
      1
    ],
    [
      -2.939165307453076,
      3.0272319955868228,
      2.175,
      0.0,
      1
    ],
    [
      -2.916222501995154,
      2.909933863300476,
      2.175,
      0.0,
      1
    ],
    [
      -2.9986430856437387,
      3.00531433337107,
      2.175,
      0.33,
      1
    ],
    [
      -2.954003225638853,
      2.956932778952499,
      2.175,
      0.33,
      2
    ]
  ],
  "adjacency_matrix": [
    [
      0,
      1,
      0,
      0,
      0,
      0,
      0,
      0,
      0,
      0
    ],
    [
      1,
      0,
      1,
      0,
      0,
      0,
      0,
      0,
      0,
      0
    ],
    [
      0,
      1,
      0,
      1,
      0,
      0,
      0,
      0,
      0,
      0
    ],
    [
      0,
      0,
      1,
      0,
      1,
      0,
      0,
      0,
      0,
      0
    ],
    [
      0,
      0,
      0,
      1,
      0,
      1,
      0,
      0,
      0,
      0
    ],
    [
      0,
      0,
      0,
      0,
      1,
      0,
      1,
      0,
      0,
      0
    ],
    [
      0,
      0,
      0,
      0,
      0,
      1,
      0,
      1,
      0,
      0
    ],
    [
      0,
      0,
      0,
      0,
      0,
      0,
      1,
      0,
      1,
      0
    ],
    [
      0,
      0,
      0,
      0,
      0,
      0,
      0,
      1,
      0,
      1
    ],
    [
      0,
      0,
      0,
      0,
      0,
      0,
      0,
      0,
      1,
      0
    ]
  ],
  "dh_parameters": [
    [
      0.0,
      0.333,
      0.0,
      1.5707963267948966
    ],
    [
      0.0,
      0.0,
      0.0,
      -1.5707963267948966
    ],
    [
      0.0,
      0.316,
      0.0,
      1.5707963267948966
    ],
    [
      0.0825,
      0.0,
      0.0,
      1.5707963267948966
    ],
    [
      -0.0825,
      0.384,
      0.0,
      -1.5707963267948966
    ],
    [
      0.0,
      0.0,
      0.0,
      1.5707963267948966
    ],
    [
      0.088,
      0.107,
      0.0,
      0.0
    ]
  ],
  "morphology_type": "franka_9dof_modified"
}