{
  "num_nodes": 10,
  "node_features": [
    [
      0.0,
      0.0,
      0.0,
      0.0,
      0
    ],
    [
      -3.005017680279286,
      2.991242097234711,
      2.175,
      0.0,
      1
    ],
    [
      -3.01769237467179,
      2.958520596752695,
      2.175,
      0.0,
      1
    ],
    [
      -2.9968456585438967,
      2.971387917204426,
      2.175,
      0.0,
      1
    ],
    [
      -2.990765208998973,
      2.9311171129934843,
      2.175,
      0.0,
      1
    ],
    [
      -2.946781067179409,
      2.9017153199703856,
      2.175,
      0.0,
      1
    ],
    [
      -3.056046064707307,
      3.012595155636134,
      2.175,
      0.0,
      1
    ],
    [
      -3.0099729049471167,
      3.046835873058824,
      2.175,
      0.0,
      1
    ],
    [
      -3.051663472162687,
      2.9533465272335,
      2.175,
      0.33,
      1
    ],
    [
      -3.062812372076519,
      2.995714165811195,
      2.175,
      0.33,
      2
    ]
  ],
  "adjacency_matrix": [
    [
      0,
      1,
      0,
      0,
      0,
      0,
      0,
      0,
      0,
      0
    ],
    [
      1,
      0,
      1,
      0,
      0,
      0,
      0,
      0,
      0,
      0
    ],
    [
      0,
      1,
      0,
      1,
      0,
      0,
      0,
      0,
      0,
      0
    ],
    [
      0,
      0,
      1,
      0,
      1,
      0,
      0,
      0,
      0,
      0
    ],
    [
      0,
      0,
      0,
      1,
      0,
      1,
      0,
      0,
      0,
      0
    ],
    [
      0,
      0,
      0,
      0,
      1,
      0,
      1,
      0,
      0,
      0
    ],
    [
      0,
      0,
      0,
      0,
      0,
      1,
      0,
      1,
      0,
      0
    ],
    [
      0,
      0,
      0,
      0,
      0,
      0,
      1,
      0,
      1,
      0
    ],
    [
      0,
      0,
      0,
      0,
      0,
      0,
      0,
      1,
      0,
      1
    ],
    [
      0,
      0,
      0,
      0,
      0,
      0,
      0,
      0,
      1,
      0
    ]
  ],
  "dh_parameters": [
    [
      0.0,
      0.333,
      0.0,
      1.5707963267948966
    ],
    [
      0.0,
      0.0,
      0.0,
      -1.5707963267948966
    ],
    [
      0.0,
      0.316,
      0.0,
      1.5707963267948966
    ],
    [
      0.0825,
      0.0,
      0.0,
      1.5707963267948966
    ],
    [
      -0.0825,
      0.384,
      0.0,
      -1.5707963267948966
    ],
    [
      0.0,
      0.0,
      0.0,
      1.5707963267948966
    ],
    [
      0.088,
      0.107,
      0.0,
      0.0
    ]
  ],
  "morphology_type": "franka_9dof_modified"
}