{
  "num_nodes": 10,
  "node_features": [
    [
      0.0,
      0.0,
      0.0,
      0.0,
      0
    ],
    [
      -2.902701893701428,
      3.035316990144064,
      2.175,
      0.0,
      1
    ],
    [
      -2.9286408674354356,
      2.9998163362887165,
      2.175,
      0.0,
      1
    ],
    [
      -3.031825576224474,
      3.0530879841685508,
      2.175,
      0.0,
      1
    ],
    [
      -2.9148703301508343,
      2.958690234902888,
      2.175,
      0.0,
      1
    ],
    [
      -3.050510623507527,
      3.0664908976547265,
      2.175,
      0.0,
      1
    ],
    [
      -3.0672552414776777,
      2.9651446903744234,
      2.175,
      0.0,
      1
    ],
    [
      -3.006335074087152,
      2.9126633138126268,
      2.175,
      0.0,
      1
    ],
    [
      -2.985459387359703,
      2.9315803375206735,
      2.175,
      0.33,
      1
    ],
    [
      -3.0269070384288357,
      3.0173416324696434,
      2.175,
      0.33,
      2
    ]
  ],
  "adjacency_matrix": [
    [
      0,
      1,
      0,
      0,
      0,
      0,
      0,
      0,
      0,
      0
    ],
    [
      1,
      0,
      1,
      0,
      0,
      0,
      0,
      0,
      0,
      0
    ],
    [
      0,
      1,
      0,
      1,
      0,
      0,
      0,
      0,
      0,
      0
    ],
    [
      0,
      0,
      1,
      0,
      1,
      0,
      0,
      0,
      0,
      0
    ],
    [
      0,
      0,
      0,
      1,
      0,
      1,
      0,
      0,
      0,
      0
    ],
    [
      0,
      0,
      0,
      0,
      1,
      0,
      1,
      0,
      0,
      0
    ],
    [
      0,
      0,
      0,
      0,
      0,
      1,
      0,
      1,
      0,
      0
    ],
    [
      0,
      0,
      0,
      0,
      0,
      0,
      1,
      0,
      1,
      0
    ],
    [
      0,
      0,
      0,
      0,
      0,
      0,
      0,
      1,
      0,
      1
    ],
    [
      0,
      0,
      0,
      0,
      0,
      0,
      0,
      0,
      1,
      0
    ]
  ],
  "dh_parameters": [
    [
      0.0,
      0.333,
      0.0,
      1.5707963267948966
    ],
    [
      0.0,
      0.0,
      0.0,
      -1.5707963267948966
    ],
    [
      0.0,
      0.316,
      0.0,
      1.5707963267948966
    ],
    [
      0.0825,
      0.0,
      0.0,
      1.5707963267948966
    ],
    [
      -0.0825,
      0.384,
      0.0,
      -1.5707963267948966
    ],
    [
      0.0,
      0.0,
      0.0,
      1.5707963267948966
    ],
    [
      0.088,
      0.107,
      0.0,
      0.0
    ]
  ],
  "morphology_type": "franka_9dof_modified"
}