{
  "num_nodes": 10,
  "node_features": [
    [
      0.0,
      0.0,
      0.0,
      0.0,
      0
    ],
    [
      -3.056456377253234,
      3.0225923094812073,
      2.175,
      0.0,
      1
    ],
    [
      -3.025139514102331,
      3.0075579204631007,
      2.175,
      0.0,
      1
    ],
    [
      -2.9674350816513266,
      3.0183822314996984,
      2.175,
      0.0,
      1
    ],
    [
      -3.024553536758035,
      3.068765917948669,
      2.175,
      0.0,
      1
    ],
    [
      -2.9011833231666233,
      3.064235761562445,
      2.175,
      0.0,
      1
    ],
    [
      -2.9443150070503776,
      3.0220913497491257,
      2.175,
      0.0,
      1
    ],
    [
      -3.031004574834486,
      2.992001851825233,
      2.175,
      0.0,
      1
    ],
    [
      -2.943178852699973,
      2.974648439107365,
      2.175,
      0.33,
      1
    ],
    [
      -3.0448781435926664,
      2.9119731703064877,
      2.175,
      0.33,
      2
    ]
  ],
  "adjacency_matrix": [
    [
      0,
      1,
      0,
      0,
      0,
      0,
      0,
      0,
      0,
      0
    ],
    [
      1,
      0,
      1,
      0,
      0,
      0,
      0,
      0,
      0,
      0
    ],
    [
      0,
      1,
      0,
      1,
      0,
      0,
      0,
      0,
      0,
      0
    ],
    [
      0,
      0,
      1,
      0,
      1,
      0,
      0,
      0,
      0,
      0
    ],
    [
      0,
      0,
      0,
      1,
      0,
      1,
      0,
      0,
      0,
      0
    ],
    [
      0,
      0,
      0,
      0,
      1,
      0,
      1,
      0,
      0,
      0
    ],
    [
      0,
      0,
      0,
      0,
      0,
      1,
      0,
      1,
      0,
      0
    ],
    [
      0,
      0,
      0,
      0,
      0,
      0,
      1,
      0,
      1,
      0
    ],
    [
      0,
      0,
      0,
      0,
      0,
      0,
      0,
      1,
      0,
      1
    ],
    [
      0,
      0,
      0,
      0,
      0,
      0,
      0,
      0,
      1,
      0
    ]
  ],
  "dh_parameters": [
    [
      0.0,
      0.333,
      0.0,
      1.5707963267948966
    ],
    [
      0.0,
      0.0,
      0.0,
      -1.5707963267948966
    ],
    [
      0.0,
      0.316,
      0.0,
      1.5707963267948966
    ],
    [
      0.0825,
      0.0,
      0.0,
      1.5707963267948966
    ],
    [
      -0.0825,
      0.384,
      0.0,
      -1.5707963267948966
    ],
    [
      0.0,
      0.0,
      0.0,
      1.5707963267948966
    ],
    [
      0.088,
      0.107,
      0.0,
      0.0
    ]
  ],
  "morphology_type": "franka_9dof_modified"
}