{
  "num_nodes": 10,
  "node_features": [
    [
      0.0,
      0.0,
      0.0,
      0.0,
      0
    ],
    [
      -3.0328490974041324,
      2.9500149196768417,
      2.175,
      0.0,
      1
    ],
    [
      -3.031466934155243,
      2.900918668437886,
      2.175,
      0.0,
      1
    ],
    [
      -2.964178043839672,
      3.0103162820160296,
      2.175,
      0.0,
      1
    ],
    [
      -3.0370322647538064,
      2.951052439852221,
      2.175,
      0.0,
      1
    ],
    [
      -2.952273809949413,
      2.92662737701291,
      2.175,
      0.0,
      1
    ],
    [
      -2.9710471945277024,
      3.036492768705727,
      2.175,
      0.0,
      1
    ],
    [
      -3.0685782092120433,
      3.014258358085281,
      2.175,
      0.0,
      1
    ],
    [
      -3.028028698649678,
      3.03841139978884,
      2.175,
      0.33,
      1
    ],
    [
      -2.9802646681934615,
      3.062085221819217,
      2.175,
      0.33,
      2
    ]
  ],
  "adjacency_matrix": [
    [
      0,
      1,
      0,
      0,
      0,
      0,
      0,
      0,
      0,
      0
    ],
    [
      1,
      0,
      1,
      0,
      0,
      0,
      0,
      0,
      0,
      0
    ],
    [
      0,
      1,
      0,
      1,
      0,
      0,
      0,
      0,
      0,
      0
    ],
    [
      0,
      0,
      1,
      0,
      1,
      0,
      0,
      0,
      0,
      0
    ],
    [
      0,
      0,
      0,
      1,
      0,
      1,
      0,
      0,
      0,
      0
    ],
    [
      0,
      0,
      0,
      0,
      1,
      0,
      1,
      0,
      0,
      0
    ],
    [
      0,
      0,
      0,
      0,
      0,
      1,
      0,
      1,
      0,
      0
    ],
    [
      0,
      0,
      0,
      0,
      0,
      0,
      1,
      0,
      1,
      0
    ],
    [
      0,
      0,
      0,
      0,
      0,
      0,
      0,
      1,
      0,
      1
    ],
    [
      0,
      0,
      0,
      0,
      0,
      0,
      0,
      0,
      1,
      0
    ]
  ],
  "dh_parameters": [
    [
      0.0,
      0.333,
      0.0,
      1.5707963267948966
    ],
    [
      0.0,
      0.0,
      0.0,
      -1.5707963267948966
    ],
    [
      0.0,
      0.316,
      0.0,
      1.5707963267948966
    ],
    [
      0.0825,
      0.0,
      0.0,
      1.5707963267948966
    ],
    [
      -0.0825,
      0.384,
      0.0,
      -1.5707963267948966
    ],
    [
      0.0,
      0.0,
      0.0,
      1.5707963267948966
    ],
    [
      0.088,
      0.107,
      0.0,
      0.0
    ]
  ],
  "morphology_type": "franka_9dof_modified"
}