{
  "num_nodes": 10,
  "node_features": [
    [
      0.0,
      0.0,
      0.0,
      0.0,
      0
    ],
    [
      -2.9948304971694317,
      3.058834757013848,
      2.175,
      0.0,
      1
    ],
    [
      -3.0465484756237364,
      2.944637370873332,
      2.175,
      0.0,
      1
    ],
    [
      -2.9017107639054176,
      2.922024082869199,
      2.175,
      0.0,
      1
    ],
    [
      -2.9865007948199964,
      3.0335257274503857,
      2.175,
      0.0,
      1
    ],
    [
      -2.9221544671855915,
      3.0361421587829045,
      2.175,
      0.0,
      1
    ],
    [
      -2.9235073004711123,
      3.016683396541437,
      2.175,
      0.0,
      1
    ],
    [
      -2.9801567476122726,
      2.9249825255525685,
      2.175,
      0.0,
      1
    ],
    [
      -3.0451304751753034,
      2.9073386846816804,
      2.175,
      0.33,
      1
    ],
    [
      -3.021198459024627,
      2.9830240632986578,
      2.175,
      0.33,
      2
    ]
  ],
  "adjacency_matrix": [
    [
      0,
      1,
      0,
      0,
      0,
      0,
      0,
      0,
      0,
      0
    ],
    [
      1,
      0,
      1,
      0,
      0,
      0,
      0,
      0,
      0,
      0
    ],
    [
      0,
      1,
      0,
      1,
      0,
      0,
      0,
      0,
      0,
      0
    ],
    [
      0,
      0,
      1,
      0,
      1,
      0,
      0,
      0,
      0,
      0
    ],
    [
      0,
      0,
      0,
      1,
      0,
      1,
      0,
      0,
      0,
      0
    ],
    [
      0,
      0,
      0,
      0,
      1,
      0,
      1,
      0,
      0,
      0
    ],
    [
      0,
      0,
      0,
      0,
      0,
      1,
      0,
      1,
      0,
      0
    ],
    [
      0,
      0,
      0,
      0,
      0,
      0,
      1,
      0,
      1,
      0
    ],
    [
      0,
      0,
      0,
      0,
      0,
      0,
      0,
      1,
      0,
      1
    ],
    [
      0,
      0,
      0,
      0,
      0,
      0,
      0,
      0,
      1,
      0
    ]
  ],
  "dh_parameters": [
    [
      0.0,
      0.333,
      0.0,
      1.5707963267948966
    ],
    [
      0.0,
      0.0,
      0.0,
      -1.5707963267948966
    ],
    [
      0.0,
      0.316,
      0.0,
      1.5707963267948966
    ],
    [
      0.0825,
      0.0,
      0.0,
      1.5707963267948966
    ],
    [
      -0.0825,
      0.384,
      0.0,
      -1.5707963267948966
    ],
    [
      0.0,
      0.0,
      0.0,
      1.5707963267948966
    ],
    [
      0.088,
      0.107,
      0.0,
      0.0
    ]
  ],
  "morphology_type": "franka_9dof_modified"
}