{
  "num_nodes": 10,
  "node_features": [
    [
      0.0,
      0.0,
      0.0,
      0.0,
      0
    ],
    [
      -2.9490907181044026,
      2.9621765775793523,
      2.175,
      0.0,
      1
    ],
    [
      -3.065384735771838,
      2.970561391643232,
      2.175,
      0.0,
      1
    ],
    [
      -3.032586365094701,
      2.9560934360259927,
      2.175,
      0.0,
      1
    ],
    [
      -2.9952856347502723,
      2.907268556530052,
      2.175,
      0.0,
      1
    ],
    [
      -3.0170417254387845,
      2.91391498645873,
      2.175,
      0.0,
      1
    ],
    [
      -3.015875217074664,
      3.0238976667841007,
      2.175,
      0.0,
      1
    ],
    [
      -3.0012476568144524,
      3.0250796149541275,
      2.175,
      0.0,
      1
    ],
    [
      -3.0401062267119845,
      2.9695915424148214,
      2.175,
      0.33,
      1
    ],
    [
      -2.957491565312457,
      3.045710983347523,
      2.175,
      0.33,
      2
    ]
  ],
  "adjacency_matrix": [
    [
      0,
      1,
      0,
      0,
      0,
      0,
      0,
      0,
      0,
      0
    ],
    [
      1,
      0,
      1,
      0,
      0,
      0,
      0,
      0,
      0,
      0
    ],
    [
      0,
      1,
      0,
      1,
      0,
      0,
      0,
      0,
      0,
      0
    ],
    [
      0,
      0,
      1,
      0,
      1,
      0,
      0,
      0,
      0,
      0
    ],
    [
      0,
      0,
      0,
      1,
      0,
      1,
      0,
      0,
      0,
      0
    ],
    [
      0,
      0,
      0,
      0,
      1,
      0,
      1,
      0,
      0,
      0
    ],
    [
      0,
      0,
      0,
      0,
      0,
      1,
      0,
      1,
      0,
      0
    ],
    [
      0,
      0,
      0,
      0,
      0,
      0,
      1,
      0,
      1,
      0
    ],
    [
      0,
      0,
      0,
      0,
      0,
      0,
      0,
      1,
      0,
      1
    ],
    [
      0,
      0,
      0,
      0,
      0,
      0,
      0,
      0,
      1,
      0
    ]
  ],
  "dh_parameters": [
    [
      0.0,
      0.333,
      0.0,
      1.5707963267948966
    ],
    [
      0.0,
      0.0,
      0.0,
      -1.5707963267948966
    ],
    [
      0.0,
      0.316,
      0.0,
      1.5707963267948966
    ],
    [
      0.0825,
      0.0,
      0.0,
      1.5707963267948966
    ],
    [
      -0.0825,
      0.384,
      0.0,
      -1.5707963267948966
    ],
    [
      0.0,
      0.0,
      0.0,
      1.5707963267948966
    ],
    [
      0.088,
      0.107,
      0.0,
      0.0
    ]
  ],
  "morphology_type": "franka_9dof_modified"
}