{
  "num_nodes": 6,
  "node_features": [
    [
      0.0,
      0.0,
      0.0,
      0.0,
      0
    ],
    [
      -3.0446542773489527,
      3.006253686236253,
      2.175,
      0.0,
      1
    ],
    [
      -2.966714182230209,
      2.903391648266525,
      2.175,
      0.0,
      1
    ],
    [
      -2.965199884762989,
      2.915137842336505,
      2.175,
      0.0,
      1
    ],
    [
      -2.9895799084455916,
      3.046382156847327,
      2.175,
      0.0,
      1
    ],
    [
      -3.0481274049300575,
      3.036204030435422,
      2.175,
      0.0,
      2
    ]
  ],
  "adjacency_matrix": [
    [
      0,
      1,
      0,
      0,
      0,
      0
    ],
    [
      1,
      0,
      1,
      0,
      0,
      0
    ],
    [
      0,
      1,
      0,
      1,
      0,
      0
    ],
    [
      0,
      0,
      1,
      0,
      1,
      0
    ],
    [
      0,
      0,
      0,
      1,
      0,
      1
    ],
    [
      0,
      0,
      0,
      0,
      1,
      0
    ]
  ],
  "dh_parameters": [
    [
      0.0,
      0.333,
      0.0,
      1.5707963267948966
    ],
    [
      0.0,
      0.0,
      0.0,
      -1.5707963267948966
    ],
    [
      0.0,
      0.316,
      0.0,
      1.5707963267948966
    ],
    [
      0.0825,
      0.0,
      0.0,
      1.5707963267948966
    ],
    [
      -0.0825,
      0.384,
      0.0,
      -1.5707963267948966
    ]
  ],
  "morphology_type": "franka_5dof_modified"
}