{
  "num_nodes": 10,
  "node_features": [
    [
      0.0,
      0.0,
      0.0,
      0.0,
      0
    ],
    [
      -2.9625553776717224,
      3.0226123557523237,
      2.175,
      0.0,
      1
    ],
    [
      -3.0018427284468854,
      2.9038713129445792,
      2.175,
      0.0,
      1
    ],
    [
      -3.0163125454196775,
      2.9040700433051723,
      2.175,
      0.0,
      1
    ],
    [
      -2.943107989007477,
      3.0240115215766212,
      2.175,
      0.0,
      1
    ],
    [
      -3.066047807435377,
      2.911552722882901,
      2.175,
      0.0,
      1
    ],
    [
      -2.908584116421931,
      2.9898135129862276,
      2.175,
      0.0,
      1
    ],
    [
      -3.026952431910663,
      2.9916018980696957,
      2.175,
      0.0,
      1
    ],
    [
      -2.919394754855892,
      2.973899572544938,
      2.175,
      0.33,
      1
    ],
    [
      -3.0503133976873658,
      2.926552877321095,
      2.175,
      0.33,
      2
    ]
  ],
  "adjacency_matrix": [
    [
      0,
      1,
      0,
      0,
      0,
      0,
      0,
      0,
      0,
      0
    ],
    [
      1,
      0,
      1,
      0,
      0,
      0,
      0,
      0,
      0,
      0
    ],
    [
      0,
      1,
      0,
      1,
      0,
      0,
      0,
      0,
      0,
      0
    ],
    [
      0,
      0,
      1,
      0,
      1,
      0,
      0,
      0,
      0,
      0
    ],
    [
      0,
      0,
      0,
      1,
      0,
      1,
      0,
      0,
      0,
      0
    ],
    [
      0,
      0,
      0,
      0,
      1,
      0,
      1,
      0,
      0,
      0
    ],
    [
      0,
      0,
      0,
      0,
      0,
      1,
      0,
      1,
      0,
      0
    ],
    [
      0,
      0,
      0,
      0,
      0,
      0,
      1,
      0,
      1,
      0
    ],
    [
      0,
      0,
      0,
      0,
      0,
      0,
      0,
      1,
      0,
      1
    ],
    [
      0,
      0,
      0,
      0,
      0,
      0,
      0,
      0,
      1,
      0
    ]
  ],
  "dh_parameters": [
    [
      0.0,
      0.333,
      0.0,
      1.5707963267948966
    ],
    [
      0.0,
      0.0,
      0.0,
      -1.5707963267948966
    ],
    [
      0.0,
      0.316,
      0.0,
      1.5707963267948966
    ],
    [
      0.0825,
      0.0,
      0.0,
      1.5707963267948966
    ],
    [
      -0.0825,
      0.384,
      0.0,
      -1.5707963267948966
    ],
    [
      0.0,
      0.0,
      0.0,
      1.5707963267948966
    ],
    [
      0.088,
      0.107,
      0.0,
      0.0
    ]
  ],
  "morphology_type": "franka_9dof_modified"
}