{
  "num_nodes": 10,
  "node_features": [
    [
      0.0,
      0.0,
      0.0,
      0.0,
      0
    ],
    [
      -3.0026432830907925,
      3.0475609247427076,
      2.175,
      0.0,
      1
    ],
    [
      -2.991830354628306,
      2.916834856277872,
      2.175,
      0.0,
      1
    ],
    [
      -2.9269169784583586,
      2.90253727308559,
      2.175,
      0.0,
      1
    ],
    [
      -2.9954805087018146,
      2.901932269665544,
      2.175,
      0.0,
      1
    ],
    [
      -3.0079229209826477,
      3.005225855621667,
      2.175,
      0.0,
      1
    ],
    [
      -2.9515686696373917,
      2.942530175583417,
      2.175,
      0.0,
      1
    ],
    [
      -2.945840487504594,
      2.9241603327889765,
      2.175,
      0.0,
      1
    ],
    [
      -3.064652179387292,
      2.9416064621648332,
      2.175,
      0.33,
      1
    ],
    [
      -2.9772702065323227,
      2.992603576364846,
      2.175,
      0.33,
      2
    ]
  ],
  "adjacency_matrix": [
    [
      0,
      1,
      0,
      0,
      0,
      0,
      0,
      0,
      0,
      0
    ],
    [
      1,
      0,
      1,
      0,
      0,
      0,
      0,
      0,
      0,
      0
    ],
    [
      0,
      1,
      0,
      1,
      0,
      0,
      0,
      0,
      0,
      0
    ],
    [
      0,
      0,
      1,
      0,
      1,
      0,
      0,
      0,
      0,
      0
    ],
    [
      0,
      0,
      0,
      1,
      0,
      1,
      0,
      0,
      0,
      0
    ],
    [
      0,
      0,
      0,
      0,
      1,
      0,
      1,
      0,
      0,
      0
    ],
    [
      0,
      0,
      0,
      0,
      0,
      1,
      0,
      1,
      0,
      0
    ],
    [
      0,
      0,
      0,
      0,
      0,
      0,
      1,
      0,
      1,
      0
    ],
    [
      0,
      0,
      0,
      0,
      0,
      0,
      0,
      1,
      0,
      1
    ],
    [
      0,
      0,
      0,
      0,
      0,
      0,
      0,
      0,
      1,
      0
    ]
  ],
  "dh_parameters": [
    [
      0.0,
      0.333,
      0.0,
      1.5707963267948966
    ],
    [
      0.0,
      0.0,
      0.0,
      -1.5707963267948966
    ],
    [
      0.0,
      0.316,
      0.0,
      1.5707963267948966
    ],
    [
      0.0825,
      0.0,
      0.0,
      1.5707963267948966
    ],
    [
      -0.0825,
      0.384,
      0.0,
      -1.5707963267948966
    ],
    [
      0.0,
      0.0,
      0.0,
      1.5707963267948966
    ],
    [
      0.088,
      0.107,
      0.0,
      0.0
    ]
  ],
  "morphology_type": "franka_9dof_modified"
}