{
  "num_nodes": 10,
  "node_features": [
    [
      0.0,
      0.0,
      0.0,
      0.0,
      0
    ],
    [
      -3.055524650417255,
      3.0439799817751516,
      2.175,
      0.0,
      1
    ],
    [
      -2.990777997054478,
      2.92642261938357,
      2.175,
      0.0,
      1
    ],
    [
      -2.9799084827324824,
      3.0173531584405784,
      2.175,
      0.0,
      1
    ],
    [
      -2.9697999446234107,
      2.9066243931599334,
      2.175,
      0.0,
      1
    ],
    [
      -2.998649372907842,
      3.0682230208235484,
      2.175,
      0.0,
      1
    ],
    [
      -3.0313034524663527,
      2.9904137380403606,
      2.175,
      0.0,
      1
    ],
    [
      -2.9090021877602084,
      2.945997852243947,
      2.175,
      0.0,
      1
    ],
    [
      -3.05016941981671,
      2.9097494158998773,
      2.175,
      0.33,
      1
    ],
    [
      -3.0669882633390464,
      2.9820039518608583,
      2.175,
      0.33,
      2
    ]
  ],
  "adjacency_matrix": [
    [
      0,
      1,
      0,
      0,
      0,
      0,
      0,
      0,
      0,
      0
    ],
    [
      1,
      0,
      1,
      0,
      0,
      0,
      0,
      0,
      0,
      0
    ],
    [
      0,
      1,
      0,
      1,
      0,
      0,
      0,
      0,
      0,
      0
    ],
    [
      0,
      0,
      1,
      0,
      1,
      0,
      0,
      0,
      0,
      0
    ],
    [
      0,
      0,
      0,
      1,
      0,
      1,
      0,
      0,
      0,
      0
    ],
    [
      0,
      0,
      0,
      0,
      1,
      0,
      1,
      0,
      0,
      0
    ],
    [
      0,
      0,
      0,
      0,
      0,
      1,
      0,
      1,
      0,
      0
    ],
    [
      0,
      0,
      0,
      0,
      0,
      0,
      1,
      0,
      1,
      0
    ],
    [
      0,
      0,
      0,
      0,
      0,
      0,
      0,
      1,
      0,
      1
    ],
    [
      0,
      0,
      0,
      0,
      0,
      0,
      0,
      0,
      1,
      0
    ]
  ],
  "dh_parameters": [
    [
      0.0,
      0.333,
      0.0,
      1.5707963267948966
    ],
    [
      0.0,
      0.0,
      0.0,
      -1.5707963267948966
    ],
    [
      0.0,
      0.316,
      0.0,
      1.5707963267948966
    ],
    [
      0.0825,
      0.0,
      0.0,
      1.5707963267948966
    ],
    [
      -0.0825,
      0.384,
      0.0,
      -1.5707963267948966
    ],
    [
      0.0,
      0.0,
      0.0,
      1.5707963267948966
    ],
    [
      0.088,
      0.107,
      0.0,
      0.0
    ]
  ],
  "morphology_type": "franka_9dof_modified"
}