{
  "num_nodes": 10,
  "node_features": [
    [
      0.0,
      0.0,
      0.0,
      0.0,
      0
    ],
    [
      -2.9147316599396667,
      2.940172808837177,
      2.175,
      0.0,
      1
    ],
    [
      -2.9611579770817915,
      3.036613533177974,
      2.175,
      0.0,
      1
    ],
    [
      -3.048106418299738,
      2.9854210557969085,
      2.175,
      0.0,
      1
    ],
    [
      -2.9157751006360804,
      2.9545476134335935,
      2.175,
      0.0,
      1
    ],
    [
      -3.0215669139438037,
      3.0265723282396335,
      2.175,
      0.0,
      1
    ],
    [
      -2.913269676429371,
      2.906776806728286,
      2.175,
      0.0,
      1
    ],
    [
      -2.9439353498357423,
      3.0060435034568402,
      2.175,
      0.0,
      1
    ],
    [
      -2.9126178743350146,
      2.945875711430273,
      2.175,
      0.33,
      1
    ],
    [
      -3.0021420611639136,
      3.066966684334959,
      2.175,
      0.33,
      2
    ]
  ],
  "adjacency_matrix": [
    [
      0,
      1,
      0,
      0,
      0,
      0,
      0,
      0,
      0,
      0
    ],
    [
      1,
      0,
      1,
      0,
      0,
      0,
      0,
      0,
      0,
      0
    ],
    [
      0,
      1,
      0,
      1,
      0,
      0,
      0,
      0,
      0,
      0
    ],
    [
      0,
      0,
      1,
      0,
      1,
      0,
      0,
      0,
      0,
      0
    ],
    [
      0,
      0,
      0,
      1,
      0,
      1,
      0,
      0,
      0,
      0
    ],
    [
      0,
      0,
      0,
      0,
      1,
      0,
      1,
      0,
      0,
      0
    ],
    [
      0,
      0,
      0,
      0,
      0,
      1,
      0,
      1,
      0,
      0
    ],
    [
      0,
      0,
      0,
      0,
      0,
      0,
      1,
      0,
      1,
      0
    ],
    [
      0,
      0,
      0,
      0,
      0,
      0,
      0,
      1,
      0,
      1
    ],
    [
      0,
      0,
      0,
      0,
      0,
      0,
      0,
      0,
      1,
      0
    ]
  ],
  "dh_parameters": [
    [
      0.0,
      0.333,
      0.0,
      1.5707963267948966
    ],
    [
      0.0,
      0.0,
      0.0,
      -1.5707963267948966
    ],
    [
      0.0,
      0.316,
      0.0,
      1.5707963267948966
    ],
    [
      0.0825,
      0.0,
      0.0,
      1.5707963267948966
    ],
    [
      -0.0825,
      0.384,
      0.0,
      -1.5707963267948966
    ],
    [
      0.0,
      0.0,
      0.0,
      1.5707963267948966
    ],
    [
      0.088,
      0.107,
      0.0,
      0.0
    ]
  ],
  "morphology_type": "franka_9dof_modified"
}