{
  "num_nodes": 10,
  "node_features": [
    [
      0.0,
      0.0,
      0.0,
      0.0,
      0
    ],
    [
      -3.0594355781773834,
      2.950144587810626,
      2.175,
      0.0,
      1
    ],
    [
      -2.9430295180422434,
      2.9032944654748793,
      2.175,
      0.0,
      1
    ],
    [
      -2.929488245961473,
      2.9905247419301415,
      2.175,
      0.0,
      1
    ],
    [
      -2.919636649787569,
      2.950212742465409,
      2.175,
      0.0,
      1
    ],
    [
      -2.978962149267772,
      2.9415833040141988,
      2.175,
      0.0,
      1
    ],
    [
      -2.9423435687810118,
      2.9375019694528492,
      2.175,
      0.0,
      1
    ],
    [
      -2.935185713823376,
      2.9669712430079045,
      2.175,
      0.0,
      1
    ],
    [
      -3.0276851336895962,
      2.937905365492622,
      2.175,
      0.33,
      1
    ],
    [
      -3.0047959402762294,
      2.9097104419383224,
      2.175,
      0.33,
      2
    ]
  ],
  "adjacency_matrix": [
    [
      0,
      1,
      0,
      0,
      0,
      0,
      0,
      0,
      0,
      0
    ],
    [
      1,
      0,
      1,
      0,
      0,
      0,
      0,
      0,
      0,
      0
    ],
    [
      0,
      1,
      0,
      1,
      0,
      0,
      0,
      0,
      0,
      0
    ],
    [
      0,
      0,
      1,
      0,
      1,
      0,
      0,
      0,
      0,
      0
    ],
    [
      0,
      0,
      0,
      1,
      0,
      1,
      0,
      0,
      0,
      0
    ],
    [
      0,
      0,
      0,
      0,
      1,
      0,
      1,
      0,
      0,
      0
    ],
    [
      0,
      0,
      0,
      0,
      0,
      1,
      0,
      1,
      0,
      0
    ],
    [
      0,
      0,
      0,
      0,
      0,
      0,
      1,
      0,
      1,
      0
    ],
    [
      0,
      0,
      0,
      0,
      0,
      0,
      0,
      1,
      0,
      1
    ],
    [
      0,
      0,
      0,
      0,
      0,
      0,
      0,
      0,
      1,
      0
    ]
  ],
  "dh_parameters": [
    [
      0.0,
      0.333,
      0.0,
      1.5707963267948966
    ],
    [
      0.0,
      0.0,
      0.0,
      -1.5707963267948966
    ],
    [
      0.0,
      0.316,
      0.0,
      1.5707963267948966
    ],
    [
      0.0825,
      0.0,
      0.0,
      1.5707963267948966
    ],
    [
      -0.0825,
      0.384,
      0.0,
      -1.5707963267948966
    ],
    [
      0.0,
      0.0,
      0.0,
      1.5707963267948966
    ],
    [
      0.088,
      0.107,
      0.0,
      0.0
    ]
  ],
  "morphology_type": "franka_9dof_modified"
}