{
  "num_nodes": 10,
  "node_features": [
    [
      0.0,
      0.0,
      0.0,
      0.0,
      0
    ],
    [
      -2.998272483462268,
      2.943358723382106,
      2.175,
      0.0,
      1
    ],
    [
      -3.003919597082972,
      2.9572847841627423,
      2.175,
      0.0,
      1
    ],
    [
      -2.938847247629089,
      2.954638051093826,
      2.175,
      0.0,
      1
    ],
    [
      -3.019876125045845,
      2.964186902793546,
      2.175,
      0.0,
      1
    ],
    [
      -3.0324902379566914,
      2.9731241805924635,
      2.175,
      0.0,
      1
    ],
    [
      -2.942701388049989,
      3.037689918944513,
      2.175,
      0.0,
      1
    ],
    [
      -3.001625675703397,
      2.9448261170998524,
      2.175,
      0.0,
      1
    ],
    [
      -2.91775987128074,
      3.0012762663048074,
      2.175,
      0.33,
      1
    ],
    [
      -3.0421645954786087,
      2.9432544324484127,
      2.175,
      0.33,
      2
    ]
  ],
  "adjacency_matrix": [
    [
      0,
      1,
      0,
      0,
      0,
      0,
      0,
      0,
      0,
      0
    ],
    [
      1,
      0,
      1,
      0,
      0,
      0,
      0,
      0,
      0,
      0
    ],
    [
      0,
      1,
      0,
      1,
      0,
      0,
      0,
      0,
      0,
      0
    ],
    [
      0,
      0,
      1,
      0,
      1,
      0,
      0,
      0,
      0,
      0
    ],
    [
      0,
      0,
      0,
      1,
      0,
      1,
      0,
      0,
      0,
      0
    ],
    [
      0,
      0,
      0,
      0,
      1,
      0,
      1,
      0,
      0,
      0
    ],
    [
      0,
      0,
      0,
      0,
      0,
      1,
      0,
      1,
      0,
      0
    ],
    [
      0,
      0,
      0,
      0,
      0,
      0,
      1,
      0,
      1,
      0
    ],
    [
      0,
      0,
      0,
      0,
      0,
      0,
      0,
      1,
      0,
      1
    ],
    [
      0,
      0,
      0,
      0,
      0,
      0,
      0,
      0,
      1,
      0
    ]
  ],
  "dh_parameters": [
    [
      0.0,
      0.333,
      0.0,
      1.5707963267948966
    ],
    [
      0.0,
      0.0,
      0.0,
      -1.5707963267948966
    ],
    [
      0.0,
      0.316,
      0.0,
      1.5707963267948966
    ],
    [
      0.0825,
      0.0,
      0.0,
      1.5707963267948966
    ],
    [
      -0.0825,
      0.384,
      0.0,
      -1.5707963267948966
    ],
    [
      0.0,
      0.0,
      0.0,
      1.5707963267948966
    ],
    [
      0.088,
      0.107,
      0.0,
      0.0
    ]
  ],
  "morphology_type": "franka_9dof_modified"
}