{
  "num_nodes": 10,
  "node_features": [
    [
      0.0,
      0.0,
      0.0,
      0.0,
      0
    ],
    [
      -3.039018448165704,
      2.9456030282816594,
      2.175,
      0.0,
      1
    ],
    [
      -2.9376708473813733,
      2.929012376013073,
      2.175,
      0.0,
      1
    ],
    [
      -2.913403404393075,
      3.0640008322970966,
      2.175,
      0.0,
      1
    ],
    [
      -3.0556267465470084,
      2.976681591813472,
      2.175,
      0.0,
      1
    ],
    [
      -3.008312369924216,
      2.9525911967450753,
      2.175,
      0.0,
      1
    ],
    [
      -3.06516085447556,
      3.0642115654187605,
      2.175,
      0.0,
      1
    ],
    [
      -2.902362821993596,
      3.002394628771701,
      2.175,
      0.0,
      1
    ],
    [
      -3.005593891076905,
      2.999561162542108,
      2.175,
      0.33,
      1
    ],
    [
      -2.990073291258642,
      2.9005271047258363,
      2.175,
      0.33,
      2
    ]
  ],
  "adjacency_matrix": [
    [
      0,
      1,
      0,
      0,
      0,
      0,
      0,
      0,
      0,
      0
    ],
    [
      1,
      0,
      1,
      0,
      0,
      0,
      0,
      0,
      0,
      0
    ],
    [
      0,
      1,
      0,
      1,
      0,
      0,
      0,
      0,
      0,
      0
    ],
    [
      0,
      0,
      1,
      0,
      1,
      0,
      0,
      0,
      0,
      0
    ],
    [
      0,
      0,
      0,
      1,
      0,
      1,
      0,
      0,
      0,
      0
    ],
    [
      0,
      0,
      0,
      0,
      1,
      0,
      1,
      0,
      0,
      0
    ],
    [
      0,
      0,
      0,
      0,
      0,
      1,
      0,
      1,
      0,
      0
    ],
    [
      0,
      0,
      0,
      0,
      0,
      0,
      1,
      0,
      1,
      0
    ],
    [
      0,
      0,
      0,
      0,
      0,
      0,
      0,
      1,
      0,
      1
    ],
    [
      0,
      0,
      0,
      0,
      0,
      0,
      0,
      0,
      1,
      0
    ]
  ],
  "dh_parameters": [
    [
      0.0,
      0.333,
      0.0,
      1.5707963267948966
    ],
    [
      0.0,
      0.0,
      0.0,
      -1.5707963267948966
    ],
    [
      0.0,
      0.316,
      0.0,
      1.5707963267948966
    ],
    [
      0.0825,
      0.0,
      0.0,
      1.5707963267948966
    ],
    [
      -0.0825,
      0.384,
      0.0,
      -1.5707963267948966
    ],
    [
      0.0,
      0.0,
      0.0,
      1.5707963267948966
    ],
    [
      0.088,
      0.107,
      0.0,
      0.0
    ]
  ],
  "morphology_type": "franka_9dof_modified"
}