{
  "num_nodes": 10,
  "node_features": [
    [
      0.0,
      0.0,
      0.0,
      0.0,
      0
    ],
    [
      -2.990414500637449,
      2.9022409619962426,
      2.175,
      0.0,
      1
    ],
    [
      -2.977296659658548,
      2.9170381269711494,
      2.175,
      0.0,
      1
    ],
    [
      -3.021763280122093,
      2.90050481256467,
      2.175,
      0.0,
      1
    ],
    [
      -2.9996645608257855,
      2.9674819637939205,
      2.175,
      0.0,
      1
    ],
    [
      -3.053058725702089,
      3.050722416000253,
      2.175,
      0.0,
      1
    ],
    [
      -3.018259469104802,
      3.0011513940196286,
      2.175,
      0.0,
      1
    ],
    [
      -2.9425696917571145,
      2.960921527711804,
      2.175,
      0.0,
      1
    ],
    [
      -3.0268079125148635,
      2.9906420501536326,
      2.175,
      0.33,
      1
    ],
    [
      -2.974363832235497,
      2.9081410295491223,
      2.175,
      0.33,
      2
    ]
  ],
  "adjacency_matrix": [
    [
      0,
      1,
      0,
      0,
      0,
      0,
      0,
      0,
      0,
      0
    ],
    [
      1,
      0,
      1,
      0,
      0,
      0,
      0,
      0,
      0,
      0
    ],
    [
      0,
      1,
      0,
      1,
      0,
      0,
      0,
      0,
      0,
      0
    ],
    [
      0,
      0,
      1,
      0,
      1,
      0,
      0,
      0,
      0,
      0
    ],
    [
      0,
      0,
      0,
      1,
      0,
      1,
      0,
      0,
      0,
      0
    ],
    [
      0,
      0,
      0,
      0,
      1,
      0,
      1,
      0,
      0,
      0
    ],
    [
      0,
      0,
      0,
      0,
      0,
      1,
      0,
      1,
      0,
      0
    ],
    [
      0,
      0,
      0,
      0,
      0,
      0,
      1,
      0,
      1,
      0
    ],
    [
      0,
      0,
      0,
      0,
      0,
      0,
      0,
      1,
      0,
      1
    ],
    [
      0,
      0,
      0,
      0,
      0,
      0,
      0,
      0,
      1,
      0
    ]
  ],
  "dh_parameters": [
    [
      0.0,
      0.333,
      0.0,
      1.5707963267948966
    ],
    [
      0.0,
      0.0,
      0.0,
      -1.5707963267948966
    ],
    [
      0.0,
      0.316,
      0.0,
      1.5707963267948966
    ],
    [
      0.0825,
      0.0,
      0.0,
      1.5707963267948966
    ],
    [
      -0.0825,
      0.384,
      0.0,
      -1.5707963267948966
    ],
    [
      0.0,
      0.0,
      0.0,
      1.5707963267948966
    ],
    [
      0.088,
      0.107,
      0.0,
      0.0
    ]
  ],
  "morphology_type": "franka_9dof_modified"
}