{
  "num_nodes": 10,
  "node_features": [
    [
      0.0,
      0.0,
      0.0,
      0.0,
      0
    ],
    [
      -2.931784078719306,
      3.0676783516731505,
      2.175,
      0.0,
      1
    ],
    [
      -3.064682291816805,
      2.9226973583874107,
      2.175,
      0.0,
      1
    ],
    [
      -3.0435577736616555,
      3.061323823499852,
      2.175,
      0.0,
      1
    ],
    [
      -2.975110754101085,
      3.0452957841656954,
      2.175,
      0.0,
      1
    ],
    [
      -2.914708751932777,
      2.999762132433009,
      2.175,
      0.0,
      1
    ],
    [
      -2.981856565739163,
      3.0133728248975395,
      2.175,
      0.0,
      1
    ],
    [
      -3.047881882519967,
      2.9163037639867717,
      2.175,
      0.0,
      1
    ],
    [
      -2.9503871258673615,
      2.993533685018418,
      2.175,
      0.33,
      1
    ],
    [
      -2.980718490981097,
      2.934229005770609,
      2.175,
      0.33,
      2
    ]
  ],
  "adjacency_matrix": [
    [
      0,
      1,
      0,
      0,
      0,
      0,
      0,
      0,
      0,
      0
    ],
    [
      1,
      0,
      1,
      0,
      0,
      0,
      0,
      0,
      0,
      0
    ],
    [
      0,
      1,
      0,
      1,
      0,
      0,
      0,
      0,
      0,
      0
    ],
    [
      0,
      0,
      1,
      0,
      1,
      0,
      0,
      0,
      0,
      0
    ],
    [
      0,
      0,
      0,
      1,
      0,
      1,
      0,
      0,
      0,
      0
    ],
    [
      0,
      0,
      0,
      0,
      1,
      0,
      1,
      0,
      0,
      0
    ],
    [
      0,
      0,
      0,
      0,
      0,
      1,
      0,
      1,
      0,
      0
    ],
    [
      0,
      0,
      0,
      0,
      0,
      0,
      1,
      0,
      1,
      0
    ],
    [
      0,
      0,
      0,
      0,
      0,
      0,
      0,
      1,
      0,
      1
    ],
    [
      0,
      0,
      0,
      0,
      0,
      0,
      0,
      0,
      1,
      0
    ]
  ],
  "dh_parameters": [
    [
      0.0,
      0.333,
      0.0,
      1.5707963267948966
    ],
    [
      0.0,
      0.0,
      0.0,
      -1.5707963267948966
    ],
    [
      0.0,
      0.316,
      0.0,
      1.5707963267948966
    ],
    [
      0.0825,
      0.0,
      0.0,
      1.5707963267948966
    ],
    [
      -0.0825,
      0.384,
      0.0,
      -1.5707963267948966
    ],
    [
      0.0,
      0.0,
      0.0,
      1.5707963267948966
    ],
    [
      0.088,
      0.107,
      0.0,
      0.0
    ]
  ],
  "morphology_type": "franka_9dof_modified"
}