{
  "num_nodes": 10,
  "node_features": [
    [
      0.0,
      0.0,
      0.0,
      0.0,
      0
    ],
    [
      -2.9588998838280975,
      3.020553790258948,
      2.175,
      0.0,
      1
    ],
    [
      -2.9407681158560983,
      2.9414958527823076,
      2.175,
      0.0,
      1
    ],
    [
      -2.925537778814768,
      2.9901052532673895,
      2.175,
      0.0,
      1
    ],
    [
      -2.9687723488643227,
      3.052516135169221,
      2.175,
      0.0,
      1
    ],
    [
      -2.942185618045931,
      3.000164204927103,
      2.175,
      0.0,
      1
    ],
    [
      -3.0420006288025125,
      2.9289085653517706,
      2.175,
      0.0,
      1
    ],
    [
      -2.9755319860159988,
      2.9304950868020936,
      2.175,
      0.0,
      1
    ],
    [
      -3.049922072965571,
      2.9425252367356247,
      2.175,
      0.33,
      1
    ],
    [
      -2.9462413843908855,
      2.950755676241489,
      2.175,
      0.33,
      2
    ]
  ],
  "adjacency_matrix": [
    [
      0,
      1,
      0,
      0,
      0,
      0,
      0,
      0,
      0,
      0
    ],
    [
      1,
      0,
      1,
      0,
      0,
      0,
      0,
      0,
      0,
      0
    ],
    [
      0,
      1,
      0,
      1,
      0,
      0,
      0,
      0,
      0,
      0
    ],
    [
      0,
      0,
      1,
      0,
      1,
      0,
      0,
      0,
      0,
      0
    ],
    [
      0,
      0,
      0,
      1,
      0,
      1,
      0,
      0,
      0,
      0
    ],
    [
      0,
      0,
      0,
      0,
      1,
      0,
      1,
      0,
      0,
      0
    ],
    [
      0,
      0,
      0,
      0,
      0,
      1,
      0,
      1,
      0,
      0
    ],
    [
      0,
      0,
      0,
      0,
      0,
      0,
      1,
      0,
      1,
      0
    ],
    [
      0,
      0,
      0,
      0,
      0,
      0,
      0,
      1,
      0,
      1
    ],
    [
      0,
      0,
      0,
      0,
      0,
      0,
      0,
      0,
      1,
      0
    ]
  ],
  "dh_parameters": [
    [
      0.0,
      0.333,
      0.0,
      1.5707963267948966
    ],
    [
      0.0,
      0.0,
      0.0,
      -1.5707963267948966
    ],
    [
      0.0,
      0.316,
      0.0,
      1.5707963267948966
    ],
    [
      0.0825,
      0.0,
      0.0,
      1.5707963267948966
    ],
    [
      -0.0825,
      0.384,
      0.0,
      -1.5707963267948966
    ],
    [
      0.0,
      0.0,
      0.0,
      1.5707963267948966
    ],
    [
      0.088,
      0.107,
      0.0,
      0.0
    ]
  ],
  "morphology_type": "franka_9dof_modified"
}