{
  "num_nodes": 6,
  "node_features": [
    [
      0.0,
      0.0,
      0.0,
      0.0,
      0
    ],
    [
      -2.902096768522776,
      3.0582491377035343,
      2.175,
      0.0,
      1
    ],
    [
      -2.9479197812870206,
      3.0553141176739564,
      2.175,
      0.0,
      1
    ],
    [
      -2.964536648096475,
      2.911101617704103,
      2.175,
      0.0,
      1
    ],
    [
      -2.9686498794650014,
      3.017315656760983,
      2.175,
      0.0,
      1
    ],
    [
      -2.976156209581239,
      2.9209521171762503,
      2.175,
      0.0,
      2
    ]
  ],
  "adjacency_matrix": [
    [
      0,
      1,
      0,
      0,
      0,
      0
    ],
    [
      1,
      0,
      1,
      0,
      0,
      0
    ],
    [
      0,
      1,
      0,
      1,
      0,
      0
    ],
    [
      0,
      0,
      1,
      0,
      1,
      0
    ],
    [
      0,
      0,
      0,
      1,
      0,
      1
    ],
    [
      0,
      0,
      0,
      0,
      1,
      0
    ]
  ],
  "dh_parameters": [
    [
      0.0,
      0.333,
      0.0,
      1.5707963267948966
    ],
    [
      0.0,
      0.0,
      0.0,
      -1.5707963267948966
    ],
    [
      0.0,
      0.316,
      0.0,
      1.5707963267948966
    ],
    [
      0.0825,
      0.0,
      0.0,
      1.5707963267948966
    ],
    [
      -0.0825,
      0.384,
      0.0,
      -1.5707963267948966
    ]
  ],
  "morphology_type": "franka_5dof_modified"
}