{
  "num_nodes": 10,
  "node_features": [
    [
      0.0,
      0.0,
      0.0,
      0.0,
      0
    ],
    [
      -3.0242914422501874,
      2.9470606080287727,
      2.175,
      0.0,
      1
    ],
    [
      -2.993765051598917,
      2.9363235432917727,
      2.175,
      0.0,
      1
    ],
    [
      -3.005223749369098,
      2.933205749017256,
      2.175,
      0.0,
      1
    ],
    [
      -2.9926938735851296,
      3.039602574353414,
      2.175,
      0.0,
      1
    ],
    [
      -2.999131783636249,
      2.902186259211394,
      2.175,
      0.0,
      1
    ],
    [
      -3.0016319307276427,
      3.0225145040667827,
      2.175,
      0.0,
      1
    ],
    [
      -3.016317001176083,
      3.0226450430820258,
      2.175,
      0.0,
      1
    ],
    [
      -2.932207395000998,
      3.0050309282648167,
      2.175,
      0.33,
      1
    ],
    [
      -2.973219002668502,
      2.991003407298034,
      2.175,
      0.33,
      2
    ]
  ],
  "adjacency_matrix": [
    [
      0,
      1,
      0,
      0,
      0,
      0,
      0,
      0,
      0,
      0
    ],
    [
      1,
      0,
      1,
      0,
      0,
      0,
      0,
      0,
      0,
      0
    ],
    [
      0,
      1,
      0,
      1,
      0,
      0,
      0,
      0,
      0,
      0
    ],
    [
      0,
      0,
      1,
      0,
      1,
      0,
      0,
      0,
      0,
      0
    ],
    [
      0,
      0,
      0,
      1,
      0,
      1,
      0,
      0,
      0,
      0
    ],
    [
      0,
      0,
      0,
      0,
      1,
      0,
      1,
      0,
      0,
      0
    ],
    [
      0,
      0,
      0,
      0,
      0,
      1,
      0,
      1,
      0,
      0
    ],
    [
      0,
      0,
      0,
      0,
      0,
      0,
      1,
      0,
      1,
      0
    ],
    [
      0,
      0,
      0,
      0,
      0,
      0,
      0,
      1,
      0,
      1
    ],
    [
      0,
      0,
      0,
      0,
      0,
      0,
      0,
      0,
      1,
      0
    ]
  ],
  "dh_parameters": [
    [
      0.0,
      0.333,
      0.0,
      1.5707963267948966
    ],
    [
      0.0,
      0.0,
      0.0,
      -1.5707963267948966
    ],
    [
      0.0,
      0.316,
      0.0,
      1.5707963267948966
    ],
    [
      0.0825,
      0.0,
      0.0,
      1.5707963267948966
    ],
    [
      -0.0825,
      0.384,
      0.0,
      -1.5707963267948966
    ],
    [
      0.0,
      0.0,
      0.0,
      1.5707963267948966
    ],
    [
      0.088,
      0.107,
      0.0,
      0.0
    ]
  ],
  "morphology_type": "franka_9dof_modified"
}