{
  "num_nodes": 10,
  "node_features": [
    [
      0.0,
      0.0,
      0.0,
      0.0,
      0
    ],
    [
      -2.9825284968370434,
      3.0378488666665686,
      2.175,
      0.0,
      1
    ],
    [
      -2.921518437125242,
      2.9709306677340543,
      2.175,
      0.0,
      1
    ],
    [
      -2.9008920424843043,
      3.0562536964006966,
      2.175,
      0.0,
      1
    ],
    [
      -2.977043572572957,
      3.0147139938471805,
      2.175,
      0.0,
      1
    ],
    [
      -2.930280051827481,
      3.0101509614539785,
      2.175,
      0.0,
      1
    ],
    [
      -2.9987426017047025,
      2.9247833302702824,
      2.175,
      0.0,
      1
    ],
    [
      -2.976506191937307,
      3.0453206243540505,
      2.175,
      0.0,
      1
    ],
    [
      -2.989431171757832,
      3.0573077160632107,
      2.175,
      0.33,
      1
    ],
    [
      -2.932764721011119,
      3.0096830394095226,
      2.175,
      0.33,
      2
    ]
  ],
  "adjacency_matrix": [
    [
      0,
      1,
      0,
      0,
      0,
      0,
      0,
      0,
      0,
      0
    ],
    [
      1,
      0,
      1,
      0,
      0,
      0,
      0,
      0,
      0,
      0
    ],
    [
      0,
      1,
      0,
      1,
      0,
      0,
      0,
      0,
      0,
      0
    ],
    [
      0,
      0,
      1,
      0,
      1,
      0,
      0,
      0,
      0,
      0
    ],
    [
      0,
      0,
      0,
      1,
      0,
      1,
      0,
      0,
      0,
      0
    ],
    [
      0,
      0,
      0,
      0,
      1,
      0,
      1,
      0,
      0,
      0
    ],
    [
      0,
      0,
      0,
      0,
      0,
      1,
      0,
      1,
      0,
      0
    ],
    [
      0,
      0,
      0,
      0,
      0,
      0,
      1,
      0,
      1,
      0
    ],
    [
      0,
      0,
      0,
      0,
      0,
      0,
      0,
      1,
      0,
      1
    ],
    [
      0,
      0,
      0,
      0,
      0,
      0,
      0,
      0,
      1,
      0
    ]
  ],
  "dh_parameters": [
    [
      0.0,
      0.333,
      0.0,
      1.5707963267948966
    ],
    [
      0.0,
      0.0,
      0.0,
      -1.5707963267948966
    ],
    [
      0.0,
      0.316,
      0.0,
      1.5707963267948966
    ],
    [
      0.0825,
      0.0,
      0.0,
      1.5707963267948966
    ],
    [
      -0.0825,
      0.384,
      0.0,
      -1.5707963267948966
    ],
    [
      0.0,
      0.0,
      0.0,
      1.5707963267948966
    ],
    [
      0.088,
      0.107,
      0.0,
      0.0
    ]
  ],
  "morphology_type": "franka_9dof_modified"
}