{
  "num_nodes": 10,
  "node_features": [
    [
      0.0,
      0.0,
      0.0,
      0.0,
      0
    ],
    [
      -3.0043947505963047,
      3.0690065230867214,
      2.175,
      0.0,
      1
    ],
    [
      -2.913368796020797,
      3.005264205975848,
      2.175,
      0.0,
      1
    ],
    [
      -2.991228336106439,
      3.0118053380678416,
      2.175,
      0.0,
      1
    ],
    [
      -2.9038000742121746,
      2.916962943305683,
      2.175,
      0.0,
      1
    ],
    [
      -3.0471391752473904,
      2.9595716480177026,
      2.175,
      0.0,
      1
    ],
    [
      -3.0113698016925405,
      2.9996562637552375,
      2.175,
      0.0,
      1
    ],
    [
      -2.908114718136751,
      2.9422930250907298,
      2.175,
      0.0,
      1
    ],
    [
      -2.967673620019183,
      3.0333899180861823,
      2.175,
      0.33,
      1
    ],
    [
      -2.9716669273526897,
      2.9495803246463366,
      2.175,
      0.33,
      2
    ]
  ],
  "adjacency_matrix": [
    [
      0,
      1,
      0,
      0,
      0,
      0,
      0,
      0,
      0,
      0
    ],
    [
      1,
      0,
      1,
      0,
      0,
      0,
      0,
      0,
      0,
      0
    ],
    [
      0,
      1,
      0,
      1,
      0,
      0,
      0,
      0,
      0,
      0
    ],
    [
      0,
      0,
      1,
      0,
      1,
      0,
      0,
      0,
      0,
      0
    ],
    [
      0,
      0,
      0,
      1,
      0,
      1,
      0,
      0,
      0,
      0
    ],
    [
      0,
      0,
      0,
      0,
      1,
      0,
      1,
      0,
      0,
      0
    ],
    [
      0,
      0,
      0,
      0,
      0,
      1,
      0,
      1,
      0,
      0
    ],
    [
      0,
      0,
      0,
      0,
      0,
      0,
      1,
      0,
      1,
      0
    ],
    [
      0,
      0,
      0,
      0,
      0,
      0,
      0,
      1,
      0,
      1
    ],
    [
      0,
      0,
      0,
      0,
      0,
      0,
      0,
      0,
      1,
      0
    ]
  ],
  "dh_parameters": [
    [
      0.0,
      0.333,
      0.0,
      1.5707963267948966
    ],
    [
      0.0,
      0.0,
      0.0,
      -1.5707963267948966
    ],
    [
      0.0,
      0.316,
      0.0,
      1.5707963267948966
    ],
    [
      0.0825,
      0.0,
      0.0,
      1.5707963267948966
    ],
    [
      -0.0825,
      0.384,
      0.0,
      -1.5707963267948966
    ],
    [
      0.0,
      0.0,
      0.0,
      1.5707963267948966
    ],
    [
      0.088,
      0.107,
      0.0,
      0.0
    ]
  ],
  "morphology_type": "franka_9dof_modified"
}