{
  "episode_id": 1,
  "n_segments": 3,
  "segment_lengths": [
    0.37,
    0.4,
    0.37
  ],
  "total_length": 1.1400000000000001,
  "base_offset": [
    -0.07063335180282593,
    0.17219606041908264,
    0.0
  ],
  "constraint_type": "4DOF_relaxed",
  "success_threshold": 0.7,
  "synthesis_params": {
    "success_rate": 1.0,
    "temporal_smoothness": 0.0070321824149179625,
    "original_trajectory_length": 238,
    "synthesized_trajectory_length": 238
  }
}