{
  "episode_id": 38,
  "n_segments": 5,
  "segment_lengths": [
    0.3825451547227037,
    0.3995736555609446,
    0.43458609569451956,
    0.4159843893567648,
    0.3692294218427542
  ],
  "total_length": 2.001918717177687,
  "base_offset": [
    -0.1302897334098816,
    0.26601442694664,
    0.0
  ],
  "workspace_bounds": {
    "x_range": [
      -1.0,
      1.0
    ],
    "y_range": [
      -1.0,
      1.0
    ],
    "z_range": [
      0.0,
      2.001918717177687
    ]
  },
  "alpha_limits": [
    0.001,
    3.14159
  ],
  "beta_limits": [
    0.0,
    6.28318
  ],
  "synthesis_params": {
    "success_rate": 1.0,
    "avg_position_error": 1e-06,
    "avg_temporal_smoothness": 0.003858466841427286,
    "synthesis_time": 1758719866.3598218
  },
  "original_trajectory_length": 225,
  "synthesized_trajectory_length": 225,
  "creation_timestamp": "2025-09-24T21:17:46Z",
  "version": "1.0"
}