{
  "episode_id": 43,
  "n_segments": 2,
  "segment_lengths": [
    0.47488368204503484,
    0.5
  ],
  "total_length": 0.9748836820450348,
  "base_offset": [
    -0.13475394248962402,
    0.024607421830296516,
    0.0
  ],
  "workspace_bounds": {
    "x_range": [
      -1.0,
      1.0
    ],
    "y_range": [
      -1.0,
      1.0
    ],
    "z_range": [
      0.0,
      0.9748836820450348
    ]
  },
  "alpha_limits": [
    0.001,
    3.14159
  ],
  "beta_limits": [
    0.0,
    6.28318
  ],
  "synthesis_params": {
    "success_rate": 1.0,
    "avg_position_error": 1e-06,
    "avg_temporal_smoothness": 0.007831007077885735,
    "synthesis_time": 1758720130.5206594
  },
  "original_trajectory_length": 158,
  "synthesized_trajectory_length": 158,
  "creation_timestamp": "2025-09-24T21:22:10Z",
  "version": "1.0"
}