{
  "episode_id": 6,
  "n_segments": 3,
  "segment_lengths": [
    0.38262960016905917,
    0.38992015519728795,
    0.3770550874220641
  ],
  "total_length": 1.1496048427884114,
  "base_offset": [
    -0.07370263338088989,
    -0.11389024555683136,
    0.0
  ],
  "workspace_bounds": {
    "x_range": [
      -1.0,
      1.0
    ],
    "y_range": [
      -1.0,
      1.0
    ],
    "z_range": [
      0.0,
      1.1496048427884114
    ]
  },
  "alpha_limits": [
    0.001,
    3.14159
  ],
  "beta_limits": [
    0.0,
    6.28318
  ],
  "synthesis_params": {
    "success_rate": 1.0,
    "avg_position_error": 1e-06,
    "avg_temporal_smoothness": 0.003757408431571514,
    "synthesis_time": 1758717941.2988834
  },
  "original_trajectory_length": 181,
  "synthesized_trajectory_length": 181,
  "creation_timestamp": "2025-09-24T20:45:41Z",
  "version": "1.0"
}