{
  "episode_id": 37,
  "n_segments": 3,
  "segment_lengths": [
    0.43405815972543726,
    0.37636025066098694,
    0.40239869832966263
  ],
  "total_length": 1.2128171087160868,
  "base_offset": [
    -0.027838528156280518,
    -0.04004472494125366,
    0.0
  ],
  "workspace_bounds": {
    "x_range": [
      -1.0,
      1.0
    ],
    "y_range": [
      -1.0,
      1.0
    ],
    "z_range": [
      0.0,
      1.2128171087160868
    ]
  },
  "alpha_limits": [
    0.001,
    3.14159
  ],
  "beta_limits": [
    0.0,
    6.28318
  ],
  "synthesis_params": {
    "success_rate": 1.0,
    "avg_position_error": 1e-06,
    "avg_temporal_smoothness": 0.010337332123586418,
    "synthesis_time": 1758719816.6337824
  },
  "original_trajectory_length": 210,
  "synthesized_trajectory_length": 210,
  "creation_timestamp": "2025-09-24T21:16:56Z",
  "version": "1.0"
}