{
  "episode_id": 1,
  "n_segments": 3,
  "segment_lengths": [
    0.4421498170205052,
    0.43109067397150447,
    0.4014087714362741
  ],
  "total_length": 1.274649262428284,
  "base_offset": [
    -0.0712478756904602,
    0.1729971021413803,
    0.0
  ],
  "workspace_bounds": {
    "x_range": [
      -1.0,
      1.0
    ],
    "y_range": [
      -1.0,
      1.0
    ],
    "z_range": [
      0.0,
      1.274649262428284
    ]
  },
  "alpha_limits": [
    0.001,
    3.14159
  ],
  "beta_limits": [
    0.0,
    6.28318
  ],
  "synthesis_params": {
    "success_rate": 1.0,
    "avg_position_error": 1e-06,
    "avg_temporal_smoothness": 0.006418394147631531,
    "synthesis_time": 1758717809.985366
  },
  "original_trajectory_length": 238,
  "synthesized_trajectory_length": 238,
  "creation_timestamp": "2025-09-24T20:43:29Z",
  "version": "1.0"
}