{
  "episode_id": 28,
  "n_segments": 4,
  "segment_lengths": [
    0.38866246632543855,
    0.37330205469635147,
    0.3964902262514513,
    0.4029091129503023
  ],
  "total_length": 1.5613638602235436,
  "base_offset": [
    -0.09752607345581055,
    0.06618555635213852,
    0.0
  ],
  "workspace_bounds": {
    "x_range": [
      -1.0,
      1.0
    ],
    "y_range": [
      -1.0,
      1.0
    ],
    "z_range": [
      0.0,
      1.5613638602235436
    ]
  },
  "alpha_limits": [
    0.001,
    3.14159
  ],
  "beta_limits": [
    0.0,
    6.28318
  ],
  "synthesis_params": {
    "success_rate": 1.0,
    "avg_position_error": 1e-06,
    "avg_temporal_smoothness": 0.002582177951638712,
    "synthesis_time": 1758719491.4670367
  },
  "original_trajectory_length": 398,
  "synthesized_trajectory_length": 398,
  "creation_timestamp": "2025-09-24T21:11:31Z",
  "version": "1.0"
}