{
  "episode_id": 5,
  "n_segments": 2,
  "segment_lengths": [
    0.43231475245131634,
    0.40555030420520916
  ],
  "total_length": 0.8378650566565256,
  "base_offset": [
    -0.22305649518966675,
    0.11635143309831619,
    0.0
  ],
  "workspace_bounds": {
    "x_range": [
      -1.0,
      1.0
    ],
    "y_range": [
      -1.0,
      1.0
    ],
    "z_range": [
      0.0,
      0.8378650566565256
    ]
  },
  "alpha_limits": [
    0.001,
    3.14159
  ],
  "beta_limits": [
    0.0,
    6.28318
  ],
  "synthesis_params": {
    "success_rate": 1.0,
    "avg_position_error": 1e-06,
    "avg_temporal_smoothness": 0.0138359173663148,
    "synthesis_time": 1758717925.2808263
  },
  "original_trajectory_length": 87,
  "synthesized_trajectory_length": 87,
  "creation_timestamp": "2025-09-24T20:45:25Z",
  "version": "1.0"
}