{
  "episode_id": 15,
  "n_segments": 3,
  "segment_lengths": [
    0.42813603513868664,
    0.4184531062307235,
    0.4247065253252309
  ],
  "total_length": 1.2712956666946411,
  "base_offset": [
    -0.03272289037704468,
    0.002791815437376499,
    0.0
  ],
  "workspace_bounds": {
    "x_range": [
      -1.0,
      1.0
    ],
    "y_range": [
      -1.0,
      1.0
    ],
    "z_range": [
      0.0,
      1.2712956666946411
    ]
  },
  "alpha_limits": [
    0.001,
    3.14159
  ],
  "beta_limits": [
    0.0,
    6.28318
  ],
  "synthesis_params": {
    "success_rate": 1.0,
    "avg_position_error": 1e-06,
    "avg_temporal_smoothness": 0.002618158081987823,
    "synthesis_time": 1758718929.1070375
  },
  "original_trajectory_length": 231,
  "synthesized_trajectory_length": 231,
  "creation_timestamp": "2025-09-24T21:02:09Z",
  "version": "1.0"
}