{
  "episode_id": 26,
  "n_segments": 5,
  "segment_lengths": [
    0.38785619528086257,
    0.3658558051164407,
    0.370467509867104,
    0.4159655278682222,
    0.4129225273030199
  ],
  "total_length": 1.9530675654356493,
  "base_offset": [
    0.016226232051849365,
    -0.03171973302960396,
    0.0
  ],
  "workspace_bounds": {
    "x_range": [
      -1.0,
      1.0
    ],
    "y_range": [
      -1.0,
      1.0
    ],
    "z_range": [
      0.0,
      1.9530675654356493
    ]
  },
  "alpha_limits": [
    0.001,
    3.14159
  ],
  "beta_limits": [
    0.0,
    6.28318
  ],
  "synthesis_params": {
    "success_rate": 1.0,
    "avg_position_error": 1e-06,
    "avg_temporal_smoothness": 0.004159927785082206,
    "synthesis_time": 1758719407.0889575
  },
  "original_trajectory_length": 119,
  "synthesized_trajectory_length": 119,
  "creation_timestamp": "2025-09-24T21:10:07Z",
  "version": "1.0"
}