{
  "episode_id": 35,
  "n_segments": 2,
  "segment_lengths": [
    0.5,
    0.46847008836030996
  ],
  "total_length": 0.9684700883603099,
  "base_offset": [
    -0.1819356083869934,
    0.16027864813804626,
    0.0
  ],
  "workspace_bounds": {
    "x_range": [
      -1.0,
      1.0
    ],
    "y_range": [
      -1.0,
      1.0
    ],
    "z_range": [
      0.0,
      0.9684700883603099
    ]
  },
  "alpha_limits": [
    0.001,
    3.14159
  ],
  "beta_limits": [
    0.0,
    6.28318
  ],
  "synthesis_params": {
    "success_rate": 1.0,
    "avg_position_error": 1e-06,
    "avg_temporal_smoothness": 0.007611251532367787,
    "synthesis_time": 1758719718.4665802
  },
  "original_trajectory_length": 297,
  "synthesized_trajectory_length": 297,
  "creation_timestamp": "2025-09-24T21:15:18Z",
  "version": "1.0"
}