{
  "episode_id": 29,
  "n_segments": 3,
  "segment_lengths": [
    0.4379205998666522,
    0.36277176425962177,
    0.41715062168860717
  ],
  "total_length": 1.2178429858148812,
  "base_offset": [
    -0.12583288550376892,
    0.02947300486266613,
    0.0
  ],
  "workspace_bounds": {
    "x_range": [
      -1.0,
      1.0
    ],
    "y_range": [
      -1.0,
      1.0
    ],
    "z_range": [
      0.0,
      1.2178429858148812
    ]
  },
  "alpha_limits": [
    0.001,
    3.14159
  ],
  "beta_limits": [
    0.0,
    6.28318
  ],
  "synthesis_params": {
    "success_rate": 1.0,
    "avg_position_error": 1e-06,
    "avg_temporal_smoothness": 0.0044618974483822986,
    "synthesis_time": 1758719525.100394
  },
  "original_trajectory_length": 227,
  "synthesized_trajectory_length": 227,
  "creation_timestamp": "2025-09-24T21:12:05Z",
  "version": "1.0"
}