{
  "episode_id": 6,
  "n_segments": 4,
  "segment_lengths": [
    0.3904137536045598,
    0.3843859613604413,
    0.41274166538980367,
    0.42473080188234075
  ],
  "total_length": 1.6122721822371455,
  "base_offset": [
    -0.07370263338088989,
    -0.11389024555683136,
    0.0
  ],
  "workspace_bounds": {
    "x_range": [
      -1.0,
      1.0
    ],
    "y_range": [
      -1.0,
      1.0
    ],
    "z_range": [
      0.0,
      1.6122721822371455
    ]
  },
  "alpha_limits": [
    0.001,
    3.14159
  ],
  "beta_limits": [
    0.0,
    6.28318
  ],
  "synthesis_params": {
    "success_rate": 1.0,
    "avg_position_error": 1e-06,
    "avg_temporal_smoothness": 0.005804928337293802,
    "synthesis_time": 1758718564.0983832
  },
  "original_trajectory_length": 181,
  "synthesized_trajectory_length": 181,
  "creation_timestamp": "2025-09-24T20:56:04Z",
  "version": "1.0"
}