{
  "episode_id": 2,
  "n_segments": 2,
  "segment_lengths": [
    0.3649186604312244,
    0.41923185187172446
  ],
  "total_length": 0.7841505123029489,
  "base_offset": [
    -0.16293376684188843,
    0.017566749826073647,
    0.0
  ],
  "workspace_bounds": {
    "x_range": [
      -1.0,
      1.0
    ],
    "y_range": [
      -1.0,
      1.0
    ],
    "z_range": [
      0.0,
      0.7841505123029489
    ]
  },
  "alpha_limits": [
    0.001,
    3.14159
  ],
  "beta_limits": [
    0.0,
    6.28318
  ],
  "synthesis_params": {
    "success_rate": 1.0,
    "avg_position_error": 1e-06,
    "avg_temporal_smoothness": 0.011751876697185863,
    "synthesis_time": 1758718458.5309827
  },
  "original_trajectory_length": 142,
  "synthesized_trajectory_length": 142,
  "creation_timestamp": "2025-09-24T20:54:18Z",
  "version": "1.0"
}