{
  "episode_id": 29,
  "n_segments": 4,
  "segment_lengths": [
    0.3772504565646764,
    0.4023824003137261,
    0.4279949392923726,
    0.365312993866105
  ],
  "total_length": 1.5729407900368801,
  "base_offset": [
    -0.12583288550376892,
    0.02947300486266613,
    0.0
  ],
  "workspace_bounds": {
    "x_range": [
      -1.0,
      1.0
    ],
    "y_range": [
      -1.0,
      1.0
    ],
    "z_range": [
      0.0,
      1.5729407900368801
    ]
  },
  "alpha_limits": [
    0.001,
    3.14159
  ],
  "beta_limits": [
    0.0,
    6.28318
  ],
  "synthesis_params": {
    "success_rate": 1.0,
    "avg_position_error": 1e-06,
    "avg_temporal_smoothness": 0.002159238172638435,
    "synthesis_time": 1758719533.1761568
  },
  "original_trajectory_length": 227,
  "synthesized_trajectory_length": 227,
  "creation_timestamp": "2025-09-24T21:12:13Z",
  "version": "1.0"
}