{
  "episode_id": 5,
  "n_segments": 3,
  "segment_lengths": [
    0.42621272890622397,
    0.38486678266484214,
    0.39883267175347126
  ],
  "total_length": 1.2099121833245374,
  "base_offset": [
    -0.22305649518966675,
    0.11635143309831619,
    0.0
  ],
  "workspace_bounds": {
    "x_range": [
      -1.0,
      1.0
    ],
    "y_range": [
      -1.0,
      1.0
    ],
    "z_range": [
      0.0,
      1.2099121833245374
    ]
  },
  "alpha_limits": [
    0.001,
    3.14159
  ],
  "beta_limits": [
    0.0,
    6.28318
  ],
  "synthesis_params": {
    "success_rate": 1.0,
    "avg_position_error": 1e-06,
    "avg_temporal_smoothness": 0.005796440295123487,
    "synthesis_time": 1758718539.9161227
  },
  "original_trajectory_length": 87,
  "synthesized_trajectory_length": 87,
  "creation_timestamp": "2025-09-24T20:55:39Z",
  "version": "1.0"
}