{
  "episode_id": 6,
  "n_segments": 3,
  "segment_lengths": [
    0.37,
    0.4,
    0.37
  ],
  "total_length": 1.1400000000000001,
  "base_offset": [
    -0.0698196291923523,
    -0.11721709370613098,
    0.0
  ],
  "constraint_type": "4DOF_relaxed",
  "success_threshold": 0.7,
  "synthesis_params": {
    "success_rate": 1.0,
    "temporal_smoothness": 0.011960383172743469,
    "original_trajectory_length": 181,
    "synthesized_trajectory_length": 181
  }
}