{
  "episode_id": 14,
  "n_segments": 4,
  "segment_lengths": [
    0.3662026599195652,
    0.3697176531873386,
    0.4305398002080417,
    0.4292013614979432
  ],
  "total_length": 1.5956614748128888,
  "base_offset": [
    -0.11548322439193726,
    0.08093288540840149,
    0.0
  ],
  "workspace_bounds": {
    "x_range": [
      -1.0,
      1.0
    ],
    "y_range": [
      -1.0,
      1.0
    ],
    "z_range": [
      0.0,
      1.5956614748128888
    ]
  },
  "alpha_limits": [
    0.001,
    3.14159
  ],
  "beta_limits": [
    0.0,
    6.28318
  ],
  "synthesis_params": {
    "success_rate": 1.0,
    "avg_position_error": 1e-06,
    "avg_temporal_smoothness": 0.0022676960154973617,
    "synthesis_time": 1758718900.6138113
  },
  "original_trajectory_length": 355,
  "synthesized_trajectory_length": 355,
  "creation_timestamp": "2025-09-24T21:01:40Z",
  "version": "1.0"
}