{
  "episode_id": 44,
  "n_segments": 5,
  "segment_lengths": [
    0.4132988004958132,
    0.3871243728400642,
    0.3971394139387452,
    0.3790905581012147,
    0.36523342758075533
  ],
  "total_length": 1.9418865729565926,
  "base_offset": [
    -0.15761873126029968,
    -0.143015518784523,
    0.0
  ],
  "workspace_bounds": {
    "x_range": [
      -1.0,
      1.0
    ],
    "y_range": [
      -1.0,
      1.0
    ],
    "z_range": [
      0.0,
      1.9418865729565926
    ]
  },
  "alpha_limits": [
    0.001,
    3.14159
  ],
  "beta_limits": [
    0.0,
    6.28318
  ],
  "synthesis_params": {
    "success_rate": 1.0,
    "avg_position_error": 1e-06,
    "avg_temporal_smoothness": 0.0016785135908849245,
    "synthesis_time": 1758720204.8434584
  },
  "original_trajectory_length": 390,
  "synthesized_trajectory_length": 390,
  "creation_timestamp": "2025-09-24T21:23:24Z",
  "version": "1.0"
}