{
  "episode_id": 10,
  "n_segments": 3,
  "segment_lengths": [
    0.37,
    0.4,
    0.37
  ],
  "total_length": 1.1400000000000001,
  "base_offset": [
    -0.0248643159866333,
    0.11936623603105545,
    0.0
  ],
  "constraint_type": "4DOF_relaxed",
  "success_threshold": 0.7,
  "synthesis_params": {
    "success_rate": 1.0,
    "temporal_smoothness": 0.0063298331089814835,
    "original_trajectory_length": 357,
    "synthesized_trajectory_length": 357
  }
}