{
  "episode_id": 44,
  "n_segments": 2,
  "segment_lengths": [
    0.4109353047159577,
    0.46947459165779104
  ],
  "total_length": 0.8804098963737488,
  "base_offset": [
    -0.15761873126029968,
    -0.143015518784523,
    0.0
  ],
  "workspace_bounds": {
    "x_range": [
      -1.0,
      1.0
    ],
    "y_range": [
      -1.0,
      1.0
    ],
    "z_range": [
      0.0,
      0.8804098963737488
    ]
  },
  "alpha_limits": [
    0.001,
    3.14159
  ],
  "beta_limits": [
    0.0,
    6.28318
  ],
  "synthesis_params": {
    "success_rate": 1.0,
    "avg_position_error": 1e-06,
    "avg_temporal_smoothness": 0.0055159062258353965,
    "synthesis_time": 1758720156.4743454
  },
  "original_trajectory_length": 390,
  "synthesized_trajectory_length": 390,
  "creation_timestamp": "2025-09-24T21:22:36Z",
  "version": "1.0"
}