{
  "episode_id": 18,
  "n_segments": 2,
  "segment_lengths": [
    0.4342077573106102,
    0.43213991324450457
  ],
  "total_length": 0.8663476705551147,
  "base_offset": [
    -0.10632812976837158,
    0.07038946449756622,
    0.0
  ],
  "workspace_bounds": {
    "x_range": [
      -1.0,
      1.0
    ],
    "y_range": [
      -1.0,
      1.0
    ],
    "z_range": [
      0.0,
      0.8663476705551147
    ]
  },
  "alpha_limits": [
    0.001,
    3.14159
  ],
  "beta_limits": [
    0.0,
    6.28318
  ],
  "synthesis_params": {
    "success_rate": 1.0,
    "avg_position_error": 1e-06,
    "avg_temporal_smoothness": 0.010371057124441816,
    "synthesis_time": 1758719012.1421566
  },
  "original_trajectory_length": 190,
  "synthesized_trajectory_length": 190,
  "creation_timestamp": "2025-09-24T21:03:32Z",
  "version": "1.0"
}