{
  "episode_id": 5,
  "n_segments": 5,
  "segment_lengths": [
    0.42354843697892913,
    0.41280922841305945,
    0.3718701540961665,
    0.4313652234257139,
    0.3694181289401815
  ],
  "total_length": 2.0090111718540506,
  "base_offset": [
    -0.22305649518966675,
    0.11635143309831619,
    0.0
  ],
  "workspace_bounds": {
    "x_range": [
      -1.0,
      1.0
    ],
    "y_range": [
      -1.0,
      1.0
    ],
    "z_range": [
      0.0,
      2.0090111718540506
    ]
  },
  "alpha_limits": [
    0.001,
    3.14159
  ],
  "beta_limits": [
    0.0,
    6.28318
  ],
  "synthesis_params": {
    "success_rate": 1.0,
    "avg_position_error": 1e-06,
    "avg_temporal_smoothness": 0.0034487061667627405,
    "synthesis_time": 1758718549.8808017
  },
  "original_trajectory_length": 87,
  "synthesized_trajectory_length": 87,
  "creation_timestamp": "2025-09-24T20:55:49Z",
  "version": "1.0"
}