{
  "episode_id": 21,
  "n_segments": 4,
  "segment_lengths": [
    0.40280989476062123,
    0.363219992967963,
    0.4145614145060164,
    0.36257708838099617
  ],
  "total_length": 1.5431683906155969,
  "base_offset": [
    0.011244773864746094,
    -0.0513642393052578,
    0.0
  ],
  "workspace_bounds": {
    "x_range": [
      -1.0,
      1.0
    ],
    "y_range": [
      -1.0,
      1.0
    ],
    "z_range": [
      0.0,
      1.5431683906155969
    ]
  },
  "alpha_limits": [
    0.001,
    3.14159
  ],
  "beta_limits": [
    0.0,
    6.28318
  ],
  "synthesis_params": {
    "success_rate": 1.0,
    "avg_position_error": 1e-06,
    "avg_temporal_smoothness": 0.006494226448357728,
    "synthesis_time": 1758719090.3916044
  },
  "original_trajectory_length": 92,
  "synthesized_trajectory_length": 92,
  "creation_timestamp": "2025-09-24T21:04:50Z",
  "version": "1.0"
}