{
  "episode_id": 15,
  "n_segments": 5,
  "segment_lengths": [
    0.41301899353218197,
    0.4055542387552736,
    0.3954146972467114,
    0.3774655976707601,
    0.3705378118775444
  ],
  "total_length": 1.9619913390824715,
  "base_offset": [
    -0.03272289037704468,
    0.002791815437376499,
    0.0
  ],
  "workspace_bounds": {
    "x_range": [
      -1.0,
      1.0
    ],
    "y_range": [
      -1.0,
      1.0
    ],
    "z_range": [
      0.0,
      1.9619913390824715
    ]
  },
  "alpha_limits": [
    0.001,
    3.14159
  ],
  "beta_limits": [
    0.0,
    6.28318
  ],
  "synthesis_params": {
    "success_rate": 1.0,
    "avg_position_error": 1e-06,
    "avg_temporal_smoothness": 0.0015020697893449871,
    "synthesis_time": 1758718951.789818
  },
  "original_trajectory_length": 231,
  "synthesized_trajectory_length": 231,
  "creation_timestamp": "2025-09-24T21:02:31Z",
  "version": "1.0"
}