{
  "episode_id": 33,
  "n_segments": 3,
  "segment_lengths": [
    0.4352631390663979,
    0.41348067653141857,
    0.4050845491539555
  ],
  "total_length": 1.2538283647517718,
  "base_offset": [
    -0.1690516173839569,
    -0.06754999607801437,
    0.0
  ],
  "workspace_bounds": {
    "x_range": [
      -1.0,
      1.0
    ],
    "y_range": [
      -1.0,
      1.0
    ],
    "z_range": [
      0.0,
      1.2538283647517718
    ]
  },
  "alpha_limits": [
    0.001,
    3.14159
  ],
  "beta_limits": [
    0.0,
    6.28318
  ],
  "synthesis_params": {
    "success_rate": 1.0,
    "avg_position_error": 1e-06,
    "avg_temporal_smoothness": 0.0028426182015542497,
    "synthesis_time": 1758719652.6668892
  },
  "original_trajectory_length": 281,
  "synthesized_trajectory_length": 281,
  "creation_timestamp": "2025-09-24T21:14:12Z",
  "version": "1.0"
}