{
  "episode_id": 24,
  "n_segments": 5,
  "segment_lengths": [
    0.3640579040110517,
    0.39992276034882934,
    0.43556397734429697,
    0.3756014694651131,
    0.36074457805985133
  ],
  "total_length": 1.9358906892291423,
  "base_offset": [
    -0.009786248207092285,
    -0.07267782092094421,
    0.0
  ],
  "workspace_bounds": {
    "x_range": [
      -1.0,
      1.0
    ],
    "y_range": [
      -1.0,
      1.0
    ],
    "z_range": [
      0.0,
      1.9358906892291423
    ]
  },
  "alpha_limits": [
    0.001,
    3.14159
  ],
  "beta_limits": [
    0.0,
    6.28318
  ],
  "synthesis_params": {
    "success_rate": 1.0,
    "avg_position_error": 1e-06,
    "avg_temporal_smoothness": 0.0031797020611006492,
    "synthesis_time": 1758719305.5933506
  },
  "original_trajectory_length": 1066,
  "synthesized_trajectory_length": 1066,
  "creation_timestamp": "2025-09-24T21:08:25Z",
  "version": "1.0"
}