{
  "episode_id": 39,
  "n_segments": 4,
  "segment_lengths": [
    0.41029512921071287,
    0.390372036036946,
    0.39732810246396966,
    0.3828283093843393
  ],
  "total_length": 1.580823577095968,
  "base_offset": [
    0.0907517671585083,
    -0.0218786783516407,
    0.0
  ],
  "workspace_bounds": {
    "x_range": [
      -1.0,
      1.0
    ],
    "y_range": [
      -1.0,
      1.0
    ],
    "z_range": [
      0.0,
      1.580823577095968
    ]
  },
  "alpha_limits": [
    0.001,
    3.14159
  ],
  "beta_limits": [
    0.0,
    6.28318
  ],
  "synthesis_params": {
    "success_rate": 1.0,
    "avg_position_error": 1e-06,
    "avg_temporal_smoothness": 0.002708251372013283,
    "synthesis_time": 1758719924.7888374
  },
  "original_trajectory_length": 684,
  "synthesized_trajectory_length": 684,
  "creation_timestamp": "2025-09-24T21:18:44Z",
  "version": "1.0"
}