{
  "episode_id": 23,
  "n_segments": 5,
  "segment_lengths": [
    0.415331631978738,
    0.42993387416754186,
    0.39223941787073097,
    0.38346024923721006,
    0.37128035545924576
  ],
  "total_length": 1.9922455287134668,
  "base_offset": [
    -0.048625290393829346,
    0.10751902312040329,
    0.0
  ],
  "workspace_bounds": {
    "x_range": [
      -1.0,
      1.0
    ],
    "y_range": [
      -1.0,
      1.0
    ],
    "z_range": [
      0.0,
      1.9922455287134668
    ]
  },
  "alpha_limits": [
    0.001,
    3.14159
  ],
  "beta_limits": [
    0.0,
    6.28318
  ],
  "synthesis_params": {
    "success_rate": 1.0,
    "avg_position_error": 1e-06,
    "avg_temporal_smoothness": 0.0019010380770134582,
    "synthesis_time": 1758719159.9084268
  },
  "original_trajectory_length": 248,
  "synthesized_trajectory_length": 248,
  "creation_timestamp": "2025-09-24T21:05:59Z",
  "version": "1.0"
}