{
  "episode_id": 28,
  "n_segments": 3,
  "segment_lengths": [
    0.3751003844773039,
    0.3759488621587306,
    0.37777143435776495
  ],
  "total_length": 1.1288206809937995,
  "base_offset": [
    -0.09752607345581055,
    0.06618555635213852,
    0.0
  ],
  "workspace_bounds": {
    "x_range": [
      -1.0,
      1.0
    ],
    "y_range": [
      -1.0,
      1.0
    ],
    "z_range": [
      0.0,
      1.1288206809937995
    ]
  },
  "alpha_limits": [
    0.001,
    3.14159
  ],
  "beta_limits": [
    0.0,
    6.28318
  ],
  "synthesis_params": {
    "success_rate": 1.0,
    "avg_position_error": 1e-06,
    "avg_temporal_smoothness": 0.004126259686919214,
    "synthesis_time": 1758719475.007498
  },
  "original_trajectory_length": 398,
  "synthesized_trajectory_length": 398,
  "creation_timestamp": "2025-09-24T21:11:15Z",
  "version": "1.0"
}