{
  "episode_id": 16,
  "n_segments": 3,
  "segment_lengths": [
    0.37,
    0.4,
    0.37
  ],
  "total_length": 1.1400000000000001,
  "base_offset": [
    -0.08467555046081543,
    -0.2064351588487625,
    0.0
  ],
  "constraint_type": "4DOF_relaxed",
  "success_threshold": 0.7,
  "synthesis_params": {
    "success_rate": 1.0,
    "temporal_smoothness": 0.01988673065720996,
    "original_trajectory_length": 173,
    "synthesized_trajectory_length": 173
  }
}