{
  "episode_id": 6,
  "n_segments": 2,
  "segment_lengths": [
    0.49424272378322415,
    0.4616060296690768
  ],
  "total_length": 0.955848753452301,
  "base_offset": [
    -0.07370263338088989,
    -0.11389024555683136,
    0.0
  ],
  "workspace_bounds": {
    "x_range": [
      -1.0,
      1.0
    ],
    "y_range": [
      -1.0,
      1.0
    ],
    "z_range": [
      0.0,
      0.955848753452301
    ]
  },
  "alpha_limits": [
    0.001,
    3.14159
  ],
  "beta_limits": [
    0.0,
    6.28318
  ],
  "synthesis_params": {
    "success_rate": 1.0,
    "avg_position_error": 1e-06,
    "avg_temporal_smoothness": 0.010259095015441439,
    "synthesis_time": 1758718553.6334803
  },
  "original_trajectory_length": 181,
  "synthesized_trajectory_length": 181,
  "creation_timestamp": "2025-09-24T20:55:53Z",
  "version": "1.0"
}