{
  "robot_name": "synth_robot_0_length_augmented_1_franka_panda_7dof_01",
  "dof": 6,
  "num_nodes": 8,
  "node_features": [
    [
      0.0,
      1.0,
      0.0,
      0.0,
      0.0,
      0.0,
      0.0,
      1.0,
      -0.770023763179779,
      7.0
    ],
    [
      0.0,
      1.0,
      0.0,
      -0.44857141375541687,
      0.44857141375541687,
      0.0,
      0.0,
      1.0,
      0.10158571600914001,
      6.0
    ],
    [
      0.0,
      1.0,
      0.0,
      -0.44857141375541687,
      0.44857141375541687,
      0.0,
      0.0,
      1.0,
      -1.0,
      5.0
    ],
    [
      0.0,
      1.0,
      0.0,
      -0.8485714197158813,
      0.8485714197158813,
      0.0,
      0.0,
      1.0,
      0.7181046009063721,
      4.0
    ],
    [
      0.0,
      1.0,
      0.0,
      -0.8971428275108337,
      0.8971428275108337,
      0.0,
      0.0,
      1.0,
      -0.7232064604759216,
      3.0
    ],
    [
      0.0,
      1.0,
      0.0,
      -0.8485714197158813,
      0.8485714197158813,
      0.0,
      0.0,
      1.0,
      0.35599997639656067,
      2.0
    ],
    [
      0.0,
      1.0,
      0.0,
      -0.8485714197158813,
      0.8485714197158813,
      0.0,
      0.0,
      1.0,
      -1.0,
      1.0
    ],
    [
      0.0,
      1.0,
      0.0,
      0.0,
      0.0,
      0.0,
      0.0,
      1.0,
      0.0,
      0.0
    ]
  ],
  "node_types": [
    0,
    1,
    1,
    1,
    1,
    1,
    1,
    3
  ],
  "edge_indices": [
    [
      0,
      1
    ],
    [
      1,
      2
    ],
    [
      2,
      3
    ],
    [
      3,
      4
    ],
    [
      4,
      5
    ],
    [
      5,
      6
    ],
    [
      6,
      7
    ]
  ],
  "total_reach": 1.3018088529438245,
  "base_height": 0.10174465626019893
}