{
  "robot_name": "synth_robot_0_length_augmented_2_franka_panda_7dof_08",
  "dof": 5,
  "num_nodes": 7,
  "node_features": [
    [
      0.0,
      1.0,
      0.0,
      0.0,
      0.0,
      0.0,
      0.0,
      1.0,
      -0.9772812128067017,
      6.0
    ],
    [
      0.0,
      1.0,
      0.0,
      -0.44857141375541687,
      0.44857141375541687,
      0.0,
      0.0,
      1.0,
      -0.07301381230354309,
      5.0
    ],
    [
      0.0,
      1.0,
      0.0,
      -0.5971428751945496,
      0.5971428751945496,
      0.0,
      0.0,
      1.0,
      -1.0,
      4.0
    ],
    [
      0.0,
      1.0,
      0.0,
      -0.44857141375541687,
      0.44857141375541687,
      0.0,
      0.0,
      1.0,
      0.6821567416191101,
      3.0
    ],
    [
      0.0,
      1.0,
      0.0,
      -0.8971428275108337,
      0.8971428275108337,
      0.0,
      0.0,
      1.0,
      -0.822268545627594,
      2.0
    ],
    [
      0.0,
      1.0,
      0.0,
      -0.8971428275108337,
      0.8971428275108337,
      0.0,
      0.0,
      1.0,
      -0.24481597542762756,
      1.0
    ],
    [
      0.0,
      1.0,
      0.0,
      0.0,
      0.0,
      0.0,
      0.0,
      1.0,
      0.0,
      0.0
    ]
  ],
  "node_types": [
    0,
    1,
    1,
    1,
    1,
    1,
    3
  ],
  "edge_indices": [
    [
      0,
      1
    ],
    [
      1,
      2
    ],
    [
      2,
      3
    ],
    [
      3,
      4
    ],
    [
      4,
      5
    ],
    [
      5,
      6
    ]
  ],
  "total_reach": 1.0469631483951833,
  "base_height": 0.05511172901367519
}