{
  "robot_name": "synth_robot_1_original_0_franka_panda_7dof_01",
  "dof": 6,
  "num_nodes": 8,
  "node_features": [
    [
      0.0,
      1.0,
      0.0,
      0.0,
      0.0,
      0.0,
      0.0,
      1.0,
      -0.5920735597610474,
      7.0
    ],
    [
      0.0,
      1.0,
      0.0,
      -0.44857141375541687,
      0.44857141375541687,
      0.0,
      0.0,
      1.0,
      0.5094452500343323,
      6.0
    ],
    [
      0.0,
      1.0,
      0.0,
      -0.44857141375541687,
      0.44857141375541687,
      0.0,
      0.0,
      1.0,
      -1.0,
      5.0
    ],
    [
      0.0,
      1.0,
      0.0,
      -0.5971428751945496,
      0.5971428751945496,
      0.0,
      0.0,
      1.0,
      0.896350622177124,
      4.0
    ],
    [
      0.0,
      1.0,
      0.0,
      -0.44857141375541687,
      0.44857141375541687,
      0.0,
      0.0,
      1.0,
      -0.761738121509552,
      3.0
    ],
    [
      0.0,
      1.0,
      0.0,
      -0.5971428751945496,
      0.5971428751945496,
      0.0,
      0.0,
      1.0,
      0.2147783488035202,
      2.0
    ],
    [
      0.0,
      1.0,
      0.0,
      -0.44857141375541687,
      0.44857141375541687,
      0.0,
      0.0,
      1.0,
      -1.0,
      1.0
    ],
    [
      0.0,
      1.0,
      0.0,
      0.0,
      0.0,
      0.0,
      0.0,
      1.0,
      0.0,
      0.0
    ]
  ],
  "node_types": [
    0,
    1,
    1,
    1,
    1,
    1,
    1,
    3
  ],
  "edge_indices": [
    [
      0,
      1
    ],
    [
      1,
      2
    ],
    [
      2,
      3
    ],
    [
      3,
      4
    ],
    [
      4,
      5
    ],
    [
      5,
      6
    ],
    [
      6,
      7
    ]
  ],
  "total_reach": 1.3932381241380314,
  "base_height": 0.1417834424189647
}