{
  "robot_name": "synth_robot_0_original_0_franka_panda_7dof_01",
  "dof": 6,
  "num_nodes": 8,
  "node_features": [
    [
      0.0,
      1.0,
      0.0,
      0.0,
      0.0,
      0.0,
      0.0,
      1.0,
      -0.5403841733932495,
      7.0
    ],
    [
      0.0,
      1.0,
      0.0,
      -0.8971428275108337,
      0.8971428275108337,
      0.0,
      0.0,
      1.0,
      0.10357065498828888,
      6.0
    ],
    [
      0.0,
      1.0,
      0.0,
      -0.5971428751945496,
      0.5971428751945496,
      0.0,
      0.0,
      1.0,
      -1.0,
      5.0
    ],
    [
      0.0,
      1.0,
      0.0,
      -0.44857141375541687,
      0.44857141375541687,
      0.0,
      0.0,
      1.0,
      0.6723198294639587,
      4.0
    ],
    [
      0.0,
      1.0,
      0.0,
      -0.5971428751945496,
      0.5971428751945496,
      0.0,
      0.0,
      1.0,
      -0.936898946762085,
      3.0
    ],
    [
      0.0,
      1.0,
      0.0,
      -0.44857141375541687,
      0.44857141375541687,
      0.0,
      0.0,
      1.0,
      -0.1651884913444519,
      2.0
    ],
    [
      0.0,
      1.0,
      0.0,
      -0.8971428275108337,
      0.8971428275108337,
      0.0,
      0.0,
      1.0,
      -1.0,
      1.0
    ],
    [
      0.0,
      1.0,
      0.0,
      0.0,
      0.0,
      0.0,
      0.0,
      1.0,
      0.0,
      0.0
    ]
  ],
  "node_types": [
    0,
    1,
    1,
    1,
    1,
    1,
    1,
    3
  ],
  "edge_indices": [
    [
      0,
      1
    ],
    [
      1,
      2
    ],
    [
      2,
      3
    ],
    [
      3,
      4
    ],
    [
      4,
      5
    ],
    [
      5,
      6
    ],
    [
      6,
      7
    ]
  ],
  "total_reach": 1.1266056747080195,
  "base_height": 0.1534135650030784
}