{
  "robot_name": "synth_robot_1_length_augmented_1_franka_panda_7dof_04",
  "dof": 7,
  "num_nodes": 9,
  "node_features": [
    [
      0.0,
      1.0,
      0.0,
      0.0,
      0.0,
      0.0,
      0.0,
      1.0,
      -0.43719151616096497,
      8.0
    ],
    [
      0.0,
      1.0,
      0.0,
      -0.8485714197158813,
      0.8485714197158813,
      0.0,
      0.0,
      1.0,
      0.5099824666976929,
      7.0
    ],
    [
      0.0,
      1.0,
      0.0,
      -0.44857141375541687,
      0.44857141375541687,
      0.0,
      0.0,
      1.0,
      -1.0,
      6.0
    ],
    [
      0.0,
      1.0,
      0.0,
      -0.8485714197158813,
      0.8485714197158813,
      0.0,
      0.0,
      1.0,
      0.2818557918071747,
      5.0
    ],
    [
      0.0,
      1.0,
      0.0,
      -0.8485714197158813,
      0.8485714197158813,
      0.0,
      0.0,
      1.0,
      -0.7059329748153687,
      4.0
    ],
    [
      0.0,
      1.0,
      0.0,
      -0.8485714197158813,
      0.8485714197158813,
      0.0,
      0.0,
      1.0,
      -0.07859518378973007,
      3.0
    ],
    [
      0.0,
      1.0,
      0.0,
      -0.8485714197158813,
      0.8485714197158813,
      0.0,
      0.0,
      1.0,
      -1.0,
      2.0
    ],
    [
      0.0,
      1.0,
      0.0,
      -0.5971428751945496,
      0.5971428751945496,
      0.0,
      0.0,
      1.0,
      -0.6369764804840088,
      1.0
    ],
    [
      0.0,
      1.0,
      0.0,
      0.0,
      0.0,
      0.0,
      0.0,
      1.0,
      0.0,
      0.0
    ]
  ],
  "node_types": [
    0,
    1,
    1,
    1,
    1,
    1,
    1,
    1,
    3
  ],
  "edge_indices": [
    [
      0,
      1
    ],
    [
      1,
      2
    ],
    [
      2,
      3
    ],
    [
      3,
      4
    ],
    [
      4,
      5
    ],
    [
      5,
      6
    ],
    [
      6,
      7
    ],
    [
      7,
      8
    ]
  ],
  "total_reach": 1.3333250640394578,
  "base_height": 0.17663190581163807
}