{
  "robot_name": "synth_robot_1_length_augmented_3_franka_panda_7dof_02",
  "dof": 7,
  "num_nodes": 9,
  "node_features": [
    [
      0.0,
      1.0,
      0.0,
      0.0,
      0.0,
      0.0,
      0.0,
      1.0,
      -0.5371420979499817,
      8.0
    ],
    [
      0.0,
      1.0,
      0.0,
      -0.44857141375541687,
      0.44857141375541687,
      0.0,
      0.0,
      1.0,
      0.39875417947769165,
      7.0
    ],
    [
      0.0,
      1.0,
      0.0,
      -0.44857141375541687,
      0.44857141375541687,
      0.0,
      0.0,
      1.0,
      -1.0,
      6.0
    ],
    [
      0.0,
      1.0,
      0.0,
      -0.8485714197158813,
      0.8485714197158813,
      0.0,
      0.0,
      1.0,
      0.5379058718681335,
      5.0
    ],
    [
      0.0,
      1.0,
      0.0,
      -0.8485714197158813,
      0.8485714197158813,
      0.0,
      0.0,
      1.0,
      -0.7746865749359131,
      4.0
    ],
    [
      0.0,
      1.0,
      0.0,
      -0.5971428751945496,
      0.5971428751945496,
      0.0,
      0.0,
      1.0,
      -0.33821815252304077,
      3.0
    ],
    [
      0.0,
      1.0,
      0.0,
      -0.8485714197158813,
      0.8485714197158813,
      0.0,
      0.0,
      1.0,
      -1.0,
      2.0
    ],
    [
      0.0,
      1.0,
      0.0,
      -0.8485714197158813,
      0.8485714197158813,
      0.0,
      0.0,
      1.0,
      -0.6394593715667725,
      1.0
    ],
    [
      0.0,
      1.0,
      0.0,
      0.0,
      0.0,
      0.0,
      0.0,
      1.0,
      0.0,
      0.0
    ]
  ],
  "node_types": [
    0,
    1,
    1,
    1,
    1,
    1,
    1,
    1,
    3
  ],
  "edge_indices": [
    [
      0,
      1
    ],
    [
      1,
      2
    ],
    [
      2,
      3
    ],
    [
      3,
      4
    ],
    [
      4,
      5
    ],
    [
      5,
      6
    ],
    [
      6,
      7
    ],
    [
      7,
      8
    ]
  ],
  "total_reach": 1.2914665896946858,
  "base_height": 0.15414303353413022
}