{
  "robot_name": "synth_robot_0_length_augmented_1_franka_panda_7dof_05",
  "dof": 5,
  "num_nodes": 7,
  "node_features": [
    [
      0.0,
      1.0,
      0.0,
      0.0,
      0.0,
      0.0,
      0.0,
      1.0,
      -0.8727098107337952,
      6.0
    ],
    [
      0.0,
      1.0,
      0.0,
      -0.44857141375541687,
      0.44857141375541687,
      0.0,
      0.0,
      1.0,
      0.6056441068649292,
      5.0
    ],
    [
      0.0,
      1.0,
      0.0,
      -0.8971428275108337,
      0.8971428275108337,
      0.0,
      0.0,
      1.0,
      -1.0,
      4.0
    ],
    [
      0.0,
      1.0,
      0.0,
      -0.5971428751945496,
      0.5971428751945496,
      0.0,
      0.0,
      1.0,
      0.7885192036628723,
      3.0
    ],
    [
      0.0,
      1.0,
      0.0,
      -0.8485714197158813,
      0.8485714197158813,
      0.0,
      0.0,
      1.0,
      -0.7119811773300171,
      2.0
    ],
    [
      0.0,
      1.0,
      0.0,
      -0.8971428275108337,
      0.8971428275108337,
      0.0,
      0.0,
      1.0,
      0.8965172171592712,
      1.0
    ],
    [
      0.0,
      1.0,
      0.0,
      0.0,
      0.0,
      0.0,
      0.0,
      1.0,
      0.0,
      0.0
    ]
  ],
  "node_types": [
    0,
    1,
    1,
    1,
    1,
    1,
    3
  ],
  "edge_indices": [
    [
      0,
      1
    ],
    [
      1,
      2
    ],
    [
      2,
      3
    ],
    [
      3,
      4
    ],
    [
      4,
      5
    ],
    [
      5,
      6
    ]
  ],
  "total_reach": 1.5052073563113704,
  "base_height": 0.07864029309831637
}