{
  "robot_name": "synth_robot_0_length_augmented_4_franka_panda_7dof_05",
  "dof": 7,
  "num_nodes": 9,
  "node_features": [
    [
      0.0,
      1.0,
      0.0,
      0.0,
      0.0,
      0.0,
      0.0,
      1.0,
      -0.7315373420715332,
      8.0
    ],
    [
      0.0,
      1.0,
      0.0,
      -0.8971428275108337,
      0.8971428275108337,
      0.0,
      0.0,
      1.0,
      0.2278982400894165,
      7.0
    ],
    [
      0.0,
      1.0,
      0.0,
      -0.8485714197158813,
      0.8485714197158813,
      0.0,
      0.0,
      1.0,
      -1.0,
      6.0
    ],
    [
      0.0,
      1.0,
      0.0,
      -0.8971428275108337,
      0.8971428275108337,
      0.0,
      0.0,
      1.0,
      0.11540722101926804,
      5.0
    ],
    [
      0.0,
      1.0,
      0.0,
      -0.44857141375541687,
      0.44857141375541687,
      0.0,
      0.0,
      1.0,
      -1.0,
      4.0
    ],
    [
      0.0,
      1.0,
      0.0,
      -0.8485714197158813,
      0.8485714197158813,
      0.0,
      0.0,
      1.0,
      0.18176667392253876,
      3.0
    ],
    [
      0.0,
      1.0,
      0.0,
      -0.8971428275108337,
      0.8971428275108337,
      0.0,
      0.0,
      1.0,
      -1.0,
      2.0
    ],
    [
      0.0,
      1.0,
      0.0,
      -0.5971428751945496,
      0.5971428751945496,
      0.0,
      0.0,
      1.0,
      -0.5581312775611877,
      1.0
    ],
    [
      0.0,
      1.0,
      0.0,
      0.0,
      0.0,
      0.0,
      0.0,
      1.0,
      0.0,
      0.0
    ]
  ],
  "node_types": [
    0,
    1,
    1,
    1,
    1,
    1,
    1,
    1,
    3
  ],
  "edge_indices": [
    [
      0,
      1
    ],
    [
      1,
      2
    ],
    [
      2,
      3
    ],
    [
      3,
      4
    ],
    [
      4,
      5
    ],
    [
      5,
      6
    ],
    [
      6,
      7
    ],
    [
      7,
      8
    ]
  ],
  "total_reach": 1.2375102355118193,
  "base_height": 0.11040410262944698
}