{
  "episode_id": 27,
  "n_segments": 5,
  "segment_lengths": [
    0.4222169265673178,
    0.36763450952269094,
    0.3902265749538435,
    0.39931523847965095,
    0.37899542931954944
  ],
  "total_length": 1.9583886788430527,
  "base_offset": [
    -0.13639256358146667,
    -0.04191938042640686,
    0.0
  ],
  "workspace_bounds": {
    "x_range": [
      -1.0,
      1.0
    ],
    "y_range": [
      -1.0,
      1.0
    ],
    "z_range": [
      0.0,
      1.9583886788430527
    ]
  },
  "alpha_limits": [
    0.001,
    3.14159
  ],
  "beta_limits": [
    0.0,
    6.28318
  ],
  "synthesis_params": {
    "success_rate": 1.0,
    "avg_position_error": 1e-06,
    "avg_temporal_smoothness": 0.0008940389806183554,
    "synthesis_time": 1758719456.8916252
  },
  "original_trajectory_length": 366,
  "synthesized_trajectory_length": 366,
  "creation_timestamp": "2025-09-24T21:10:56Z",
  "version": "1.0"
}