{
  "episode_id": 3,
  "n_segments": 2,
  "segment_lengths": [
    0.4306727668339347,
    0.4108353236621286
  ],
  "total_length": 0.8415080904960632,
  "base_offset": [
    -0.09560054540634155,
    -0.030313584953546524,
    0.0
  ],
  "workspace_bounds": {
    "x_range": [
      -1.0,
      1.0
    ],
    "y_range": [
      -1.0,
      1.0
    ],
    "z_range": [
      0.0,
      0.8415080904960632
    ]
  },
  "alpha_limits": [
    0.001,
    3.14159
  ],
  "beta_limits": [
    0.0,
    6.28318
  ],
  "synthesis_params": {
    "success_rate": 1.0,
    "avg_position_error": 1e-06,
    "avg_temporal_smoothness": 0.01239933723354916,
    "synthesis_time": 1758717861.8381915
  },
  "original_trajectory_length": 205,
  "synthesized_trajectory_length": 205,
  "creation_timestamp": "2025-09-24T20:44:21Z",
  "version": "1.0"
}