{
  "episode_id": 25,
  "n_segments": 3,
  "segment_lengths": [
    0.40031736166856186,
    0.39748855350726503,
    0.37589409286732667
  ],
  "total_length": 1.1737000080431534,
  "base_offset": [
    0.026931822299957275,
    -0.042697712779045105,
    0.0
  ],
  "workspace_bounds": {
    "x_range": [
      -1.0,
      1.0
    ],
    "y_range": [
      -1.0,
      1.0
    ],
    "z_range": [
      0.0,
      1.1737000080431534
    ]
  },
  "alpha_limits": [
    0.001,
    3.14159
  ],
  "beta_limits": [
    0.0,
    6.28318
  ],
  "synthesis_params": {
    "success_rate": 1.0,
    "avg_position_error": 1e-06,
    "avg_temporal_smoothness": 0.0022065994643818525,
    "synthesis_time": 1758719332.228566
  },
  "original_trajectory_length": 558,
  "synthesized_trajectory_length": 558,
  "creation_timestamp": "2025-09-24T21:08:52Z",
  "version": "1.0"
}