{
  "episode_id": 9,
  "n_segments": 4,
  "segment_lengths": [
    0.4251628020410351,
    0.4167873055777742,
    0.3818638524028265,
    0.36700306023149104
  ],
  "total_length": 1.5908170202531269,
  "base_offset": [
    -0.15910306572914124,
    0.1943538933992386,
    0.0
  ],
  "workspace_bounds": {
    "x_range": [
      -1.0,
      1.0
    ],
    "y_range": [
      -1.0,
      1.0
    ],
    "z_range": [
      0.0,
      1.5908170202531269
    ]
  },
  "alpha_limits": [
    0.001,
    3.14159
  ],
  "beta_limits": [
    0.0,
    6.28318
  ],
  "synthesis_params": {
    "success_rate": 1.0,
    "avg_position_error": 1e-06,
    "avg_temporal_smoothness": 0.0046885108734394795,
    "synthesis_time": 1758718693.2645817
  },
  "original_trajectory_length": 360,
  "synthesized_trajectory_length": 360,
  "creation_timestamp": "2025-09-24T20:58:13Z",
  "version": "1.0"
}