{
  "episode_id": 18,
  "n_segments": 4,
  "segment_lengths": [
    0.4212642960881173,
    0.3943478517840527,
    0.4278254296994269,
    0.4124987767158754
  ],
  "total_length": 1.6559363542874723,
  "base_offset": [
    -0.10632812976837158,
    0.07038946449756622,
    0.0
  ],
  "workspace_bounds": {
    "x_range": [
      -1.0,
      1.0
    ],
    "y_range": [
      -1.0,
      1.0
    ],
    "z_range": [
      0.0,
      1.6559363542874723
    ]
  },
  "alpha_limits": [
    0.001,
    3.14159
  ],
  "beta_limits": [
    0.0,
    6.28318
  ],
  "synthesis_params": {
    "success_rate": 1.0,
    "avg_position_error": 1e-06,
    "avg_temporal_smoothness": 0.0032706428034790557,
    "synthesis_time": 1758719024.3798115
  },
  "original_trajectory_length": 190,
  "synthesized_trajectory_length": 190,
  "creation_timestamp": "2025-09-24T21:03:44Z",
  "version": "1.0"
}