{
  "episode_id": 2,
  "n_segments": 3,
  "segment_lengths": [
    0.37,
    0.4,
    0.37
  ],
  "total_length": 1.1400000000000001,
  "base_offset": [
    -0.15994063019752502,
    0.019731512293219566,
    0.0
  ],
  "constraint_type": "4DOF_relaxed",
  "success_threshold": 0.7,
  "synthesis_params": {
    "success_rate": 1.0,
    "temporal_smoothness": 0.011594122944622476,
    "original_trajectory_length": 142,
    "synthesized_trajectory_length": 142
  }
}