{
  "num_nodes": 8,
  "node_features": [
    [
      0.0,
      0.0,
      0.0,
      0.0,
      0
    ],
    [
      -3.053726864419644,
      3.029717203723717,
      2.175,
      0.0,
      1
    ],
    [
      -2.929250334100862,
      2.9159051806871688,
      2.175,
      0.0,
      1
    ],
    [
      -3.0626203612459446,
      3.06029495579577,
      2.175,
      0.0,
      1
    ],
    [
      -2.93103757119214,
      2.9713183417654863,
      2.175,
      0.0,
      1
    ],
    [
      -3.0097740661946943,
      2.977729934089557,
      2.175,
      0.0,
      1
    ],
    [
      -2.9220773237400572,
      2.9589810109031656,
      2.175,
      0.0,
      1
    ],
    [
      -3.0388120432592687,
      3.038369758960417,
      2.175,
      0.0,
      2
    ]
  ],
  "adjacency_matrix": [
    [
      0,
      1,
      0,
      0,
      0,
      0,
      0,
      0
    ],
    [
      1,
      0,
      1,
      0,
      0,
      0,
      0,
      0
    ],
    [
      0,
      1,
      0,
      1,
      0,
      0,
      0,
      0
    ],
    [
      0,
      0,
      1,
      0,
      1,
      0,
      0,
      0
    ],
    [
      0,
      0,
      0,
      1,
      0,
      1,
      0,
      0
    ],
    [
      0,
      0,
      0,
      0,
      1,
      0,
      1,
      0
    ],
    [
      0,
      0,
      0,
      0,
      0,
      1,
      0,
      1
    ],
    [
      0,
      0,
      0,
      0,
      0,
      0,
      1,
      0
    ]
  ],
  "dh_parameters": [
    [
      0.0,
      0.3267859431598017,
      0.0,
      1.5707963267948966
    ],
    [
      0.0,
      0.0,
      0.0,
      -1.5707963267948966
    ],
    [
      0.0,
      0.30030731490464035,
      0.0,
      1.5707963267948966
    ],
    [
      0.08055377225104154,
      0.0,
      0.0,
      1.5707963267948966
    ],
    [
      -0.08305720807336611,
      0.3865935503051222,
      0.0,
      -1.5707963267948966
    ],
    [
      0.0,
      0.0,
      0.0,
      1.5707963267948966
    ],
    [
      0.09184130149799076,
      0.11167067341232968,
      0.0,
      0.0
    ]
  ],
  "morphology_type": "link_scaling"
}