{
  "num_nodes": 8,
  "node_features": [
    [
      0.0,
      0.0,
      0.0,
      0.0,
      0
    ],
    [
      -2.9169781599704603,
      2.9165290320082677,
      2.175,
      0.0,
      1
    ],
    [
      -3.047481156799045,
      2.911006068518836,
      2.175,
      0.0,
      1
    ],
    [
      -3.0111627339016387,
      3.024241590038095,
      2.175,
      0.0,
      1
    ],
    [
      -3.0032013291838027,
      3.042576513569785,
      2.175,
      0.0,
      1
    ],
    [
      -2.9094700930562114,
      3.0008613833160642,
      2.175,
      0.0,
      1
    ],
    [
      -2.996905007243184,
      2.9994101205078385,
      2.175,
      0.0,
      1
    ],
    [
      -3.0628551980870746,
      3.0619877822961357,
      2.175,
      0.0,
      2
    ]
  ],
  "adjacency_matrix": [
    [
      0,
      1,
      0,
      0,
      0,
      0,
      0,
      0
    ],
    [
      1,
      0,
      1,
      0,
      0,
      0,
      0,
      0
    ],
    [
      0,
      1,
      0,
      1,
      0,
      0,
      0,
      0
    ],
    [
      0,
      0,
      1,
      0,
      1,
      0,
      0,
      0
    ],
    [
      0,
      0,
      0,
      1,
      0,
      1,
      0,
      0
    ],
    [
      0,
      0,
      0,
      0,
      1,
      0,
      1,
      0
    ],
    [
      0,
      0,
      0,
      0,
      0,
      1,
      0,
      1
    ],
    [
      0,
      0,
      0,
      0,
      0,
      0,
      1,
      0
    ]
  ],
  "dh_parameters": [
    [
      0.0,
      0.35847040997284235,
      0.0,
      1.5707963267948966
    ],
    [
      0.0,
      0.0,
      0.0,
      -1.5707963267948966
    ],
    [
      0.0,
      0.3103842169621403,
      0.0,
      1.5707963267948966
    ],
    [
      0.08384046538094662,
      0.0,
      0.0,
      1.5707963267948966
    ],
    [
      -0.07618690735106602,
      0.35461542330678003,
      0.0,
      -1.5707963267948966
    ],
    [
      0.0,
      0.0,
      0.0,
      1.5707963267948966
    ],
    [
      0.09002601286949864,
      0.10946344746632222,
      0.0,
      0.0
    ]
  ],
  "morphology_type": "link_scaling"
}