{
  "num_nodes": 8,
  "node_features": [
    [
      0.0,
      0.0,
      0.0,
      0.0,
      0
    ],
    [
      -2.971912997639856,
      3.0139846110183157,
      2.175,
      0.0,
      1
    ],
    [
      -2.910321382018873,
      2.997865773988534,
      2.175,
      0.0,
      1
    ],
    [
      -2.927859148415879,
      2.952436258228735,
      2.175,
      0.0,
      1
    ],
    [
      -2.991985084268349,
      2.941092782513515,
      2.175,
      0.0,
      1
    ],
    [
      -3.0060648955211584,
      3.0494333291577584,
      2.175,
      0.0,
      1
    ],
    [
      -3.008367294277227,
      3.003444586141328,
      2.175,
      0.0,
      1
    ],
    [
      -2.9916865311350773,
      2.917352396531456,
      2.175,
      0.0,
      2
    ]
  ],
  "adjacency_matrix": [
    [
      0,
      1,
      0,
      0,
      0,
      0,
      0,
      0
    ],
    [
      1,
      0,
      1,
      0,
      0,
      0,
      0,
      0
    ],
    [
      0,
      1,
      0,
      1,
      0,
      0,
      0,
      0
    ],
    [
      0,
      0,
      1,
      0,
      1,
      0,
      0,
      0
    ],
    [
      0,
      0,
      0,
      1,
      0,
      1,
      0,
      0
    ],
    [
      0,
      0,
      0,
      0,
      1,
      0,
      1,
      0
    ],
    [
      0,
      0,
      0,
      0,
      0,
      1,
      0,
      1
    ],
    [
      0,
      0,
      0,
      0,
      0,
      0,
      1,
      0
    ]
  ],
  "dh_parameters": [
    [
      0.0,
      0.329623381747713,
      0.0,
      1.5707963267948966
    ],
    [
      0.0,
      0.0,
      0.0,
      -1.5707963267948966
    ],
    [
      0.0,
      0.33878782188171025,
      0.0,
      1.5707963267948966
    ],
    [
      0.0783855034686776,
      0.0,
      0.0,
      1.5707963267948966
    ],
    [
      -0.0802994725758849,
      0.3737575450804824,
      0.0,
      -1.5707963267948966
    ],
    [
      0.0,
      0.0,
      0.0,
      1.5707963267948966
    ],
    [
      0.08463490913726229,
      0.10290835542826211,
      0.0,
      0.0
    ]
  ],
  "morphology_type": "link_scaling"
}