{
  "num_nodes": 8,
  "node_features": [
    [
      0.0,
      0.0,
      0.0,
      0.0,
      0
    ],
    [
      -3.0073977138033263,
      3.0690733789231364,
      2.175,
      0.0,
      1
    ],
    [
      -2.9787531163057204,
      3.043695988100542,
      2.175,
      0.0,
      1
    ],
    [
      -2.963143702014707,
      3.0052706621251914,
      2.175,
      0.0,
      1
    ],
    [
      -2.953963330149614,
      2.9890696433089996,
      2.175,
      0.0,
      1
    ],
    [
      -3.0577320393418113,
      2.9915498382256738,
      2.175,
      0.0,
      1
    ],
    [
      -2.944676419966188,
      2.989956427157251,
      2.175,
      0.0,
      1
    ],
    [
      -2.9102133573450484,
      3.026019593519867,
      2.175,
      0.0,
      2
    ]
  ],
  "adjacency_matrix": [
    [
      0,
      1,
      0,
      0,
      0,
      0,
      0,
      0
    ],
    [
      1,
      0,
      1,
      0,
      0,
      0,
      0,
      0
    ],
    [
      0,
      1,
      0,
      1,
      0,
      0,
      0,
      0
    ],
    [
      0,
      0,
      1,
      0,
      1,
      0,
      0,
      0
    ],
    [
      0,
      0,
      0,
      1,
      0,
      1,
      0,
      0
    ],
    [
      0,
      0,
      0,
      0,
      1,
      0,
      1,
      0
    ],
    [
      0,
      0,
      0,
      0,
      0,
      1,
      0,
      1
    ],
    [
      0,
      0,
      0,
      0,
      0,
      0,
      1,
      0
    ]
  ],
  "dh_parameters": [
    [
      0.0,
      0.3460155212832419,
      0.0,
      1.5707963267948966
    ],
    [
      0.0,
      0.0,
      0.0,
      -1.5707963267948966
    ],
    [
      0.0,
      0.34448296162447617,
      0.0,
      1.5707963267948966
    ],
    [
      0.08975532675118414,
      0.0,
      0.0,
      1.5707963267948966
    ],
    [
      -0.08199265877654835,
      0.3816385572144796,
      0.0,
      -1.5707963267948966
    ],
    [
      0.0,
      0.0,
      0.0,
      1.5707963267948966
    ],
    [
      0.09027364200991102,
      0.10976454198932363,
      0.0,
      0.0
    ]
  ],
  "morphology_type": "link_scaling"
}