{
  "num_nodes": 8,
  "node_features": [
    [
      0.0,
      0.0,
      0.0,
      0.0,
      0
    ],
    [
      -2.929378511700194,
      3.0621439492575724,
      2.175,
      0.0,
      1
    ],
    [
      -3.0033082600197787,
      2.92634229676911,
      2.175,
      0.0,
      1
    ],
    [
      -2.9896084747805594,
      3.067697993659004,
      2.175,
      0.0,
      1
    ],
    [
      -3.026269164595547,
      2.918980687900906,
      2.175,
      0.0,
      1
    ],
    [
      -2.91784487127876,
      3.030880669570997,
      2.175,
      0.0,
      1
    ],
    [
      -3.0644985261281055,
      3.0311811010291008,
      2.175,
      0.0,
      1
    ],
    [
      -2.9739858596996123,
      3.0127034714584924,
      2.175,
      0.0,
      2
    ]
  ],
  "adjacency_matrix": [
    [
      0,
      1,
      0,
      0,
      0,
      0,
      0,
      0
    ],
    [
      1,
      0,
      1,
      0,
      0,
      0,
      0,
      0
    ],
    [
      0,
      1,
      0,
      1,
      0,
      0,
      0,
      0
    ],
    [
      0,
      0,
      1,
      0,
      1,
      0,
      0,
      0
    ],
    [
      0,
      0,
      0,
      1,
      0,
      1,
      0,
      0
    ],
    [
      0,
      0,
      0,
      0,
      1,
      0,
      1,
      0
    ],
    [
      0,
      0,
      0,
      0,
      0,
      1,
      0,
      1
    ],
    [
      0,
      0,
      0,
      0,
      0,
      0,
      1,
      0
    ]
  ],
  "dh_parameters": [
    [
      0.0,
      0.3045195631622281,
      0.0,
      1.5707963267948966
    ],
    [
      0.0,
      0.0,
      0.0,
      -1.5707963267948966
    ],
    [
      0.0,
      0.3091648767117832,
      0.0,
      1.5707963267948966
    ],
    [
      0.08604243167256742,
      0.0,
      0.0,
      1.5707963267948966
    ],
    [
      -0.08200965601037544,
      0.3817176716119293,
      0.0,
      -1.5707963267948966
    ],
    [
      0.0,
      0.0,
      0.0,
      1.5707963267948966
    ],
    [
      0.09188321868374867,
      0.11172164089955805,
      0.0,
      0.0
    ]
  ],
  "morphology_type": "link_scaling"
}