{
  "num_nodes": 8,
  "node_features": [
    [
      0.0,
      0.0,
      0.0,
      0.0,
      0
    ],
    [
      -3.0330914846833608,
      2.9011955901838955,
      2.175,
      0.0,
      1
    ],
    [
      -2.970512869079271,
      2.928167778546848,
      2.175,
      0.0,
      1
    ],
    [
      -2.922254744839384,
      2.996660165606677,
      2.175,
      0.0,
      1
    ],
    [
      -3.022016059953346,
      2.91113511925219,
      2.175,
      0.0,
      1
    ],
    [
      -2.9724305126948,
      2.9573712498057065,
      2.175,
      0.0,
      1
    ],
    [
      -2.9848941648849983,
      3.012616425717608,
      2.175,
      0.0,
      1
    ],
    [
      -3.0215796779365234,
      2.9829640896355407,
      2.175,
      0.0,
      2
    ]
  ],
  "adjacency_matrix": [
    [
      0,
      1,
      0,
      0,
      0,
      0,
      0,
      0
    ],
    [
      1,
      0,
      1,
      0,
      0,
      0,
      0,
      0
    ],
    [
      0,
      1,
      0,
      1,
      0,
      0,
      0,
      0
    ],
    [
      0,
      0,
      1,
      0,
      1,
      0,
      0,
      0
    ],
    [
      0,
      0,
      0,
      1,
      0,
      1,
      0,
      0
    ],
    [
      0,
      0,
      0,
      0,
      1,
      0,
      1,
      0
    ],
    [
      0,
      0,
      0,
      0,
      0,
      1,
      0,
      1
    ],
    [
      0,
      0,
      0,
      0,
      0,
      0,
      1,
      0
    ]
  ],
  "dh_parameters": [
    [
      0.0,
      0.3161207693821794,
      0.0,
      1.5707963267948966
    ],
    [
      0.0,
      0.0,
      0.0,
      -1.5707963267948966
    ],
    [
      0.0,
      0.30825120800425065,
      0.0,
      1.5707963267948966
    ],
    [
      0.07894506407117255,
      0.0,
      0.0,
      1.5707963267948966
    ],
    [
      -0.07660287870729238,
      0.3565515808921245,
      0.0,
      -1.5707963267948966
    ],
    [
      0.0,
      0.0,
      0.0,
      1.5707963267948966
    ],
    [
      0.0878344342509653,
      0.10679868710060554,
      0.0,
      0.0
    ]
  ],
  "morphology_type": "link_scaling"
}