{
  "num_nodes": 8,
  "node_features": [
    [
      0.0,
      0.0,
      0.0,
      0.0,
      0
    ],
    [
      -2.9603790277367343,
      2.925677358119146,
      2.175,
      0.0,
      1
    ],
    [
      -2.9028467777581004,
      2.9755765382731334,
      2.175,
      0.0,
      1
    ],
    [
      -2.9245279873015795,
      3.04270365955252,
      2.175,
      0.0,
      1
    ],
    [
      -3.0527070901351814,
      2.9624213699379194,
      2.175,
      0.0,
      1
    ],
    [
      -3.034968255315619,
      2.909022078228111,
      2.175,
      0.0,
      1
    ],
    [
      -2.9849525234254437,
      2.9068817009878223,
      2.175,
      0.0,
      1
    ],
    [
      -3.000274392147436,
      2.95974396540906,
      2.175,
      0.0,
      2
    ]
  ],
  "adjacency_matrix": [
    [
      0,
      1,
      0,
      0,
      0,
      0,
      0,
      0
    ],
    [
      1,
      0,
      1,
      0,
      0,
      0,
      0,
      0
    ],
    [
      0,
      1,
      0,
      1,
      0,
      0,
      0,
      0
    ],
    [
      0,
      0,
      1,
      0,
      1,
      0,
      0,
      0
    ],
    [
      0,
      0,
      0,
      1,
      0,
      1,
      0,
      0
    ],
    [
      0,
      0,
      0,
      0,
      1,
      0,
      1,
      0
    ],
    [
      0,
      0,
      0,
      0,
      0,
      1,
      0,
      1
    ],
    [
      0,
      0,
      0,
      0,
      0,
      0,
      1,
      0
    ]
  ],
  "dh_parameters": [
    [
      0.0,
      0.3480132161754631,
      0.0,
      1.5707963267948966
    ],
    [
      0.0,
      0.0,
      0.0,
      -1.5707963267948966
    ],
    [
      0.0,
      0.29230646584209574,
      0.0,
      1.5707963267948966
    ],
    [
      0.07465241997345726,
      0.0,
      0.0,
      1.5707963267948966
    ],
    [
      -0.08618744355224041,
      0.40116337362497356,
      0.0,
      -1.5707963267948966
    ],
    [
      0.0,
      0.0,
      0.0,
      1.5707963267948966
    ],
    [
      0.0897029559810601,
      0.10907063965878899,
      0.0,
      0.0
    ]
  ],
  "morphology_type": "link_scaling"
}