{
  "num_nodes": 8,
  "node_features": [
    [
      0.0,
      0.0,
      0.0,
      0.0,
      0
    ],
    [
      -2.914218756316926,
      2.9352352880967234,
      2.175,
      0.0,
      1
    ],
    [
      -3.002650208550849,
      3.033155013897386,
      2.175,
      0.0,
      1
    ],
    [
      -2.9407055088845864,
      2.996105715921647,
      2.175,
      0.0,
      1
    ],
    [
      -3.0288135246647183,
      2.997589169673419,
      2.175,
      0.0,
      1
    ],
    [
      -3.0514396272927162,
      2.994366202811518,
      2.175,
      0.0,
      1
    ],
    [
      -3.0540212774263717,
      2.9794085947402715,
      2.175,
      0.0,
      1
    ],
    [
      -3.0598059057096334,
      3.055264714044164,
      2.175,
      0.0,
      2
    ]
  ],
  "adjacency_matrix": [
    [
      0,
      1,
      0,
      0,
      0,
      0,
      0,
      0
    ],
    [
      1,
      0,
      1,
      0,
      0,
      0,
      0,
      0
    ],
    [
      0,
      1,
      0,
      1,
      0,
      0,
      0,
      0
    ],
    [
      0,
      0,
      1,
      0,
      1,
      0,
      0,
      0
    ],
    [
      0,
      0,
      0,
      1,
      0,
      1,
      0,
      0
    ],
    [
      0,
      0,
      0,
      0,
      1,
      0,
      1,
      0
    ],
    [
      0,
      0,
      0,
      0,
      0,
      1,
      0,
      1
    ],
    [
      0,
      0,
      0,
      0,
      0,
      0,
      1,
      0
    ]
  ],
  "dh_parameters": [
    [
      0.0,
      0.3227926658057254,
      0.0,
      1.5707963267948966
    ],
    [
      0.0,
      0.0,
      0.0,
      -1.5707963267948966
    ],
    [
      0.0,
      0.2919514500326993,
      0.0,
      1.5707963267948966
    ],
    [
      0.07997402256503466,
      0.0,
      0.0,
      1.5707963267948966
    ],
    [
      -0.07699069865237934,
      0.35835670645471107,
      0.0,
      -1.5707963267948966
    ],
    [
      0.0,
      0.0,
      0.0,
      1.5707963267948966
    ],
    [
      0.08781945095250415,
      0.10678046877179483,
      0.0,
      0.0
    ]
  ],
  "morphology_type": "link_scaling"
}