{
  "num_nodes": 8,
  "node_features": [
    [
      0.0,
      0.0,
      0.0,
      0.0,
      0
    ],
    [
      -2.960260556222741,
      3.0288480276568914,
      2.175,
      0.0,
      1
    ],
    [
      -3.01148986937884,
      2.9953906961131285,
      2.175,
      0.0,
      1
    ],
    [
      -2.9904095429106747,
      2.967753836480785,
      2.175,
      0.0,
      1
    ],
    [
      -3.046346579094746,
      3.067903804887444,
      2.175,
      0.0,
      1
    ],
    [
      -3.0520082204051704,
      3.058146170439101,
      2.175,
      0.0,
      1
    ],
    [
      -3.0112663755101323,
      3.058716235708334,
      2.175,
      0.0,
      1
    ],
    [
      -2.9594728600460063,
      2.9478285841682115,
      2.175,
      0.0,
      2
    ]
  ],
  "adjacency_matrix": [
    [
      0,
      1,
      0,
      0,
      0,
      0,
      0,
      0
    ],
    [
      1,
      0,
      1,
      0,
      0,
      0,
      0,
      0
    ],
    [
      0,
      1,
      0,
      1,
      0,
      0,
      0,
      0
    ],
    [
      0,
      0,
      1,
      0,
      1,
      0,
      0,
      0
    ],
    [
      0,
      0,
      0,
      1,
      0,
      1,
      0,
      0
    ],
    [
      0,
      0,
      0,
      0,
      1,
      0,
      1,
      0
    ],
    [
      0,
      0,
      0,
      0,
      0,
      1,
      0,
      1
    ],
    [
      0,
      0,
      0,
      0,
      0,
      0,
      1,
      0
    ]
  ],
  "dh_parameters": [
    [
      0.0,
      0.33718726799337917,
      0.0,
      1.5707963267948966
    ],
    [
      0.0,
      0.0,
      0.0,
      -1.5707963267948966
    ],
    [
      0.0,
      0.29478961424852607,
      0.0,
      1.5707963267948966
    ],
    [
      0.08580191425743,
      0.0,
      0.0,
      1.5707963267948966
    ],
    [
      -0.08705567605782297,
      0.40520460128732144,
      0.0,
      -1.5707963267948966
    ],
    [
      0.0,
      0.0,
      0.0,
      1.5707963267948966
    ],
    [
      0.09524916856724214,
      0.11581432996244215,
      0.0,
      0.0
    ]
  ],
  "morphology_type": "link_scaling"
}