{
  "num_nodes": 8,
  "node_features": [
    [
      0.0,
      0.0,
      0.0,
      0.0,
      0
    ],
    [
      -2.9184038156549854,
      2.9543774654632236,
      2.175,
      0.0,
      1
    ],
    [
      -2.989135523773797,
      2.9901522247156,
      2.175,
      0.0,
      1
    ],
    [
      -2.9063991642515887,
      2.9363570648936994,
      2.175,
      0.0,
      1
    ],
    [
      -2.9784277409359508,
      2.924843969789866,
      2.175,
      0.0,
      1
    ],
    [
      -2.925747094181133,
      2.9563872144499324,
      2.175,
      0.0,
      1
    ],
    [
      -3.0586940084512233,
      3.020048954234841,
      2.175,
      0.0,
      1
    ],
    [
      -3.041029783965106,
      2.9024103434619035,
      2.175,
      0.0,
      2
    ]
  ],
  "adjacency_matrix": [
    [
      0,
      1,
      0,
      0,
      0,
      0,
      0,
      0
    ],
    [
      1,
      0,
      1,
      0,
      0,
      0,
      0,
      0
    ],
    [
      0,
      1,
      0,
      1,
      0,
      0,
      0,
      0
    ],
    [
      0,
      0,
      1,
      0,
      1,
      0,
      0,
      0
    ],
    [
      0,
      0,
      0,
      1,
      0,
      1,
      0,
      0
    ],
    [
      0,
      0,
      0,
      0,
      1,
      0,
      1,
      0
    ],
    [
      0,
      0,
      0,
      0,
      0,
      1,
      0,
      1
    ],
    [
      0,
      0,
      0,
      0,
      0,
      0,
      1,
      0
    ]
  ],
  "dh_parameters": [
    [
      0.0,
      0.3466150921112389,
      0.0,
      1.5707963267948966
    ],
    [
      0.0,
      0.0,
      0.0,
      -1.5707963267948966
    ],
    [
      0.0,
      0.30808790082293835,
      0.0,
      1.5707963267948966
    ],
    [
      0.0807095518797437,
      0.0,
      0.0,
      1.5707963267948966
    ],
    [
      -0.08849288578016082,
      0.4118941592676576,
      0.0,
      -1.5707963267948966
    ],
    [
      0.0,
      0.0,
      0.0,
      1.5707963267948966
    ],
    [
      0.08702205425450953,
      0.10581090687764226,
      0.0,
      0.0
    ]
  ],
  "morphology_type": "link_scaling"
}