{
  "num_nodes": 8,
  "node_features": [
    [
      0.0,
      0.0,
      0.0,
      0.0,
      0
    ],
    [
      -2.916839784706271,
      2.9287186421104376,
      2.175,
      0.0,
      1
    ],
    [
      -2.9763458340848787,
      2.9265686895828034,
      2.175,
      0.0,
      1
    ],
    [
      -3.0145820757665023,
      3.0510051456859864,
      2.175,
      0.0,
      1
    ],
    [
      -3.0187595777079395,
      3.060006063776453,
      2.175,
      0.0,
      1
    ],
    [
      -3.0298871152497386,
      3.0038681187920218,
      2.175,
      0.0,
      1
    ],
    [
      -2.965721042654157,
      2.9580443529941998,
      2.175,
      0.0,
      1
    ],
    [
      -2.9208838807683213,
      2.925443519678579,
      2.175,
      0.0,
      2
    ]
  ],
  "adjacency_matrix": [
    [
      0,
      1,
      0,
      0,
      0,
      0,
      0,
      0
    ],
    [
      1,
      0,
      1,
      0,
      0,
      0,
      0,
      0
    ],
    [
      0,
      1,
      0,
      1,
      0,
      0,
      0,
      0
    ],
    [
      0,
      0,
      1,
      0,
      1,
      0,
      0,
      0
    ],
    [
      0,
      0,
      0,
      1,
      0,
      1,
      0,
      0
    ],
    [
      0,
      0,
      0,
      0,
      1,
      0,
      1,
      0
    ],
    [
      0,
      0,
      0,
      0,
      0,
      1,
      0,
      1
    ],
    [
      0,
      0,
      0,
      0,
      0,
      0,
      1,
      0
    ]
  ],
  "dh_parameters": [
    [
      0.0,
      0.32981706481846246,
      0.0,
      1.5707963267948966
    ],
    [
      0.0,
      0.0,
      0.0,
      -1.5707963267948966
    ],
    [
      0.0,
      0.323142541941211,
      0.0,
      1.5707963267948966
    ],
    [
      0.08271587522688835,
      0.0,
      0.0,
      1.5707963267948966
    ],
    [
      -0.08037014310423339,
      0.3740864842669772,
      0.0,
      -1.5707963267948966
    ],
    [
      0.0,
      0.0,
      0.0,
      1.5707963267948966
    ],
    [
      0.08220598447601551,
      0.09995500385151886,
      0.0,
      0.0
    ]
  ],
  "morphology_type": "link_scaling"
}