{
  "num_nodes": 8,
  "node_features": [
    [
      0.0,
      0.0,
      0.0,
      0.0,
      0
    ],
    [
      -2.992405130885602,
      3.013325928142047,
      2.175,
      0.0,
      1
    ],
    [
      -2.9028237269949773,
      2.9371427360965514,
      2.175,
      0.0,
      1
    ],
    [
      -3.0573450382139935,
      3.0286927953493095,
      2.175,
      0.0,
      1
    ],
    [
      -3.0375794126718905,
      3.0695629978540233,
      2.175,
      0.0,
      1
    ],
    [
      -3.0644356163647486,
      3.0316760797431135,
      2.175,
      0.0,
      1
    ],
    [
      -2.906602752467797,
      2.9832386967505102,
      2.175,
      0.0,
      1
    ],
    [
      -3.0405055790628275,
      2.9607213368129117,
      2.175,
      0.0,
      2
    ]
  ],
  "adjacency_matrix": [
    [
      0,
      1,
      0,
      0,
      0,
      0,
      0,
      0
    ],
    [
      1,
      0,
      1,
      0,
      0,
      0,
      0,
      0
    ],
    [
      0,
      1,
      0,
      1,
      0,
      0,
      0,
      0
    ],
    [
      0,
      0,
      1,
      0,
      1,
      0,
      0,
      0
    ],
    [
      0,
      0,
      0,
      1,
      0,
      1,
      0,
      0
    ],
    [
      0,
      0,
      0,
      0,
      1,
      0,
      1,
      0
    ],
    [
      0,
      0,
      0,
      0,
      0,
      1,
      0,
      1
    ],
    [
      0,
      0,
      0,
      0,
      0,
      0,
      1,
      0
    ]
  ],
  "dh_parameters": [
    [
      0.0,
      0.35051750687642425,
      0.0,
      1.5707963267948966
    ],
    [
      0.0,
      0.0,
      0.0,
      -1.5707963267948966
    ],
    [
      0.0,
      0.3112741937272347,
      0.0,
      1.5707963267948966
    ],
    [
      0.08586518390874509,
      0.0,
      0.0,
      1.5707963267948966
    ],
    [
      -0.08149903953791071,
      0.3793409840310025,
      0.0,
      -1.5707963267948966
    ],
    [
      0.0,
      0.0,
      0.0,
      1.5707963267948966
    ],
    [
      0.09020134055422582,
      0.10967662999207005,
      0.0,
      0.0
    ]
  ],
  "morphology_type": "link_scaling"
}