{
  "num_nodes": 8,
  "node_features": [
    [
      0.0,
      0.0,
      0.0,
      0.0,
      0
    ],
    [
      -2.9013625626315958,
      3.05075293491366,
      2.175,
      0.0,
      1
    ],
    [
      -3.061667123927396,
      3.0427270869911602,
      2.175,
      0.0,
      1
    ],
    [
      -3.0232894405076944,
      2.9665451458595573,
      2.175,
      0.0,
      1
    ],
    [
      -3.0424569687176346,
      3.0609305525014254,
      2.175,
      0.0,
      1
    ],
    [
      -2.9314622397282735,
      3.0696341007520687,
      2.175,
      0.0,
      1
    ],
    [
      -2.982372454942988,
      3.061859836057537,
      2.175,
      0.0,
      1
    ],
    [
      -2.9719031171815997,
      2.9197423901953243,
      2.175,
      0.0,
      2
    ]
  ],
  "adjacency_matrix": [
    [
      0,
      1,
      0,
      0,
      0,
      0,
      0,
      0
    ],
    [
      1,
      0,
      1,
      0,
      0,
      0,
      0,
      0
    ],
    [
      0,
      1,
      0,
      1,
      0,
      0,
      0,
      0
    ],
    [
      0,
      0,
      1,
      0,
      1,
      0,
      0,
      0
    ],
    [
      0,
      0,
      0,
      1,
      0,
      1,
      0,
      0
    ],
    [
      0,
      0,
      0,
      0,
      1,
      0,
      1,
      0
    ],
    [
      0,
      0,
      0,
      0,
      0,
      1,
      0,
      1
    ],
    [
      0,
      0,
      0,
      0,
      0,
      0,
      1,
      0
    ]
  ],
  "dh_parameters": [
    [
      0.0,
      0.30732220203090527,
      0.0,
      1.5707963267948966
    ],
    [
      0.0,
      0.0,
      0.0,
      -1.5707963267948966
    ],
    [
      0.0,
      0.29766316064956005,
      0.0,
      1.5707963267948966
    ],
    [
      0.07922668929874815,
      0.0,
      0.0,
      1.5707963267948966
    ],
    [
      -0.08924544264287082,
      0.41539696939227144,
      0.0,
      -1.5707963267948966
    ],
    [
      0.0,
      0.0,
      0.0,
      1.5707963267948966
    ],
    [
      0.09054089816656827,
      0.11008950117980461,
      0.0,
      0.0
    ]
  ],
  "morphology_type": "link_scaling"
}