{
  "num_nodes": 8,
  "node_features": [
    [
      0.0,
      0.0,
      0.0,
      0.0,
      0
    ],
    [
      -2.963869730014359,
      2.9266294377431157,
      2.175,
      0.0,
      1
    ],
    [
      -3.065944369352373,
      3.0133606021757178,
      2.175,
      0.0,
      1
    ],
    [
      -2.9310959613741057,
      3.0572800728671177,
      2.175,
      0.0,
      1
    ],
    [
      -3.064852416308774,
      3.0140963470949824,
      2.175,
      0.0,
      1
    ],
    [
      -2.9600922520739688,
      2.910540964050843,
      2.175,
      0.0,
      1
    ],
    [
      -2.9057011521843585,
      3.016387030481951,
      2.175,
      0.0,
      1
    ],
    [
      -2.9523636012585563,
      2.997682760731789,
      2.175,
      0.0,
      2
    ]
  ],
  "adjacency_matrix": [
    [
      0,
      1,
      0,
      0,
      0,
      0,
      0,
      0
    ],
    [
      1,
      0,
      1,
      0,
      0,
      0,
      0,
      0
    ],
    [
      0,
      1,
      0,
      1,
      0,
      0,
      0,
      0
    ],
    [
      0,
      0,
      1,
      0,
      1,
      0,
      0,
      0
    ],
    [
      0,
      0,
      0,
      1,
      0,
      1,
      0,
      0
    ],
    [
      0,
      0,
      0,
      0,
      1,
      0,
      1,
      0
    ],
    [
      0,
      0,
      0,
      0,
      0,
      1,
      0,
      1
    ],
    [
      0,
      0,
      0,
      0,
      0,
      0,
      1,
      0
    ]
  ],
  "dh_parameters": [
    [
      0.0,
      0.35913897193758854,
      0.0,
      1.5707963267948966
    ],
    [
      0.0,
      0.0,
      0.0,
      -1.5707963267948966
    ],
    [
      0.0,
      0.318133725865873,
      0.0,
      1.5707963267948966
    ],
    [
      0.07588828370159302,
      0.0,
      0.0,
      1.5707963267948966
    ],
    [
      -0.08442905426090133,
      0.3929788707416498,
      0.0,
      -1.5707963267948966
    ],
    [
      0.0,
      0.0,
      0.0,
      1.5707963267948966
    ],
    [
      0.08576974255929956,
      0.1042882097027847,
      0.0,
      0.0
    ]
  ],
  "morphology_type": "link_scaling"
}