{
  "num_nodes": 8,
  "node_features": [
    [
      0.0,
      0.0,
      0.0,
      0.0,
      0
    ],
    [
      -2.904132238065845,
      2.9586498008443516,
      2.175,
      0.0,
      1
    ],
    [
      -3.052044364716697,
      2.9659848213831363,
      2.175,
      0.0,
      1
    ],
    [
      -2.9048308062561556,
      3.030232052830029,
      2.175,
      0.0,
      1
    ],
    [
      -2.9849477359517467,
      2.9602037292086005,
      2.175,
      0.0,
      1
    ],
    [
      -2.989245399429589,
      3.004586447765844,
      2.175,
      0.0,
      1
    ],
    [
      -2.9612814402532472,
      3.027886798698508,
      2.175,
      0.0,
      1
    ],
    [
      -2.930103702623535,
      2.9193344553048246,
      2.175,
      0.0,
      2
    ]
  ],
  "adjacency_matrix": [
    [
      0,
      1,
      0,
      0,
      0,
      0,
      0,
      0
    ],
    [
      1,
      0,
      1,
      0,
      0,
      0,
      0,
      0
    ],
    [
      0,
      1,
      0,
      1,
      0,
      0,
      0,
      0
    ],
    [
      0,
      0,
      1,
      0,
      1,
      0,
      0,
      0
    ],
    [
      0,
      0,
      0,
      1,
      0,
      1,
      0,
      0
    ],
    [
      0,
      0,
      0,
      0,
      1,
      0,
      1,
      0
    ],
    [
      0,
      0,
      0,
      0,
      0,
      1,
      0,
      1
    ],
    [
      0,
      0,
      0,
      0,
      0,
      0,
      1,
      0
    ]
  ],
  "dh_parameters": [
    [
      0.0,
      0.3326505668140279,
      0.0,
      1.5707963267948966
    ],
    [
      0.0,
      0.0,
      0.0,
      -1.5707963267948966
    ],
    [
      0.0,
      0.3023983544258744,
      0.0,
      1.5707963267948966
    ],
    [
      0.08468394743211581,
      0.0,
      0.0,
      1.5707963267948966
    ],
    [
      -0.07972246175019457,
      0.37107182196454197,
      0.0,
      -1.5707963267948966
    ],
    [
      0.0,
      0.0,
      0.0,
      1.5707963267948966
    ],
    [
      0.09494630714285378,
      0.11544607800324266,
      0.0,
      0.0
    ]
  ],
  "morphology_type": "link_scaling"
}