{
  "num_nodes": 8,
  "node_features": [
    [
      0.0,
      0.0,
      0.0,
      0.0,
      0
    ],
    [
      -2.9282460842696674,
      2.965309174373293,
      2.175,
      0.0,
      1
    ],
    [
      -2.993586693846441,
      2.9136514190765452,
      2.175,
      0.0,
      1
    ],
    [
      -2.982439577921761,
      2.9947353032898056,
      2.175,
      0.0,
      1
    ],
    [
      -3.0161630593377287,
      2.9575692322173124,
      2.175,
      0.0,
      1
    ],
    [
      -2.941897631151974,
      2.9501294152033544,
      2.175,
      0.0,
      1
    ],
    [
      -3.0601729705968364,
      2.915586448915086,
      2.175,
      0.0,
      1
    ],
    [
      -3.0645803154111757,
      2.94625986999372,
      2.175,
      0.0,
      2
    ]
  ],
  "adjacency_matrix": [
    [
      0,
      1,
      0,
      0,
      0,
      0,
      0,
      0
    ],
    [
      1,
      0,
      1,
      0,
      0,
      0,
      0,
      0
    ],
    [
      0,
      1,
      0,
      1,
      0,
      0,
      0,
      0
    ],
    [
      0,
      0,
      1,
      0,
      1,
      0,
      0,
      0
    ],
    [
      0,
      0,
      0,
      1,
      0,
      1,
      0,
      0
    ],
    [
      0,
      0,
      0,
      0,
      1,
      0,
      1,
      0
    ],
    [
      0,
      0,
      0,
      0,
      0,
      1,
      0,
      1
    ],
    [
      0,
      0,
      0,
      0,
      0,
      0,
      1,
      0
    ]
  ],
  "dh_parameters": [
    [
      0.0,
      0.3269921978633298,
      0.0,
      1.5707963267948966
    ],
    [
      0.0,
      0.0,
      0.0,
      -1.5707963267948966
    ],
    [
      0.0,
      0.31121371457495584,
      0.0,
      1.5707963267948966
    ],
    [
      0.0881641328499445,
      0.0,
      0.0,
      1.5707963267948966
    ],
    [
      -0.078986432988636,
      0.3676459426380148,
      0.0,
      -1.5707963267948966
    ],
    [
      0.0,
      0.0,
      0.0,
      1.5707963267948966
    ],
    [
      0.09236372400915442,
      0.11230589169294913,
      0.0,
      0.0
    ]
  ],
  "morphology_type": "link_scaling"
}