{
  "num_nodes": 8,
  "node_features": [
    [
      0.0,
      0.0,
      0.0,
      0.0,
      0
    ],
    [
      -2.978827138659128,
      3.045858717452804,
      2.175,
      0.0,
      1
    ],
    [
      -3.0374018976771975,
      3.0424697013358872,
      2.175,
      0.0,
      1
    ],
    [
      -2.9446691442039223,
      3.0435081125133197,
      2.175,
      0.0,
      1
    ],
    [
      -2.9194312549141337,
      3.003700881277196,
      2.175,
      0.0,
      1
    ],
    [
      -3.029093263218744,
      3.0655988344275378,
      2.175,
      0.0,
      1
    ],
    [
      -3.010773204891673,
      2.9506473858999223,
      2.175,
      0.0,
      1
    ],
    [
      -3.054421178548563,
      2.9943720209745144,
      2.175,
      0.0,
      2
    ]
  ],
  "adjacency_matrix": [
    [
      0,
      1,
      0,
      0,
      0,
      0,
      0,
      0
    ],
    [
      1,
      0,
      1,
      0,
      0,
      0,
      0,
      0
    ],
    [
      0,
      1,
      0,
      1,
      0,
      0,
      0,
      0
    ],
    [
      0,
      0,
      1,
      0,
      1,
      0,
      0,
      0
    ],
    [
      0,
      0,
      0,
      1,
      0,
      1,
      0,
      0
    ],
    [
      0,
      0,
      0,
      0,
      1,
      0,
      1,
      0
    ],
    [
      0,
      0,
      0,
      0,
      0,
      1,
      0,
      1
    ],
    [
      0,
      0,
      0,
      0,
      0,
      0,
      1,
      0
    ]
  ],
  "dh_parameters": [
    [
      0.0,
      0.30119582322322197,
      0.0,
      1.5707963267948966
    ],
    [
      0.0,
      0.0,
      0.0,
      -1.5707963267948966
    ],
    [
      0.0,
      0.34420006047634505,
      0.0,
      1.5707963267948966
    ],
    [
      0.07910039611182317,
      0.0,
      0.0,
      1.5707963267948966
    ],
    [
      -0.08871947306251157,
      0.41294882007278116,
      0.0,
      -1.5707963267948966
    ],
    [
      0.0,
      0.0,
      0.0,
      1.5707963267948966
    ],
    [
      0.08976079448393282,
      0.1091409660202365,
      0.0,
      0.0
    ]
  ],
  "morphology_type": "link_scaling"
}