{
  "num_nodes": 8,
  "node_features": [
    [
      0.0,
      0.0,
      0.0,
      0.0,
      0
    ],
    [
      -2.903917474174569,
      3.065479037290775,
      2.175,
      0.0,
      1
    ],
    [
      -3.020237948107376,
      2.923306512718457,
      2.175,
      0.0,
      1
    ],
    [
      -2.9552616051877822,
      2.9201886261731027,
      2.175,
      0.0,
      1
    ],
    [
      -2.9783760445557306,
      2.9801093465390576,
      2.175,
      0.0,
      1
    ],
    [
      -3.027502819416621,
      3.0136324712400318,
      2.175,
      0.0,
      1
    ],
    [
      -2.958734637126479,
      2.94684902681623,
      2.175,
      0.0,
      1
    ],
    [
      -2.946045058084138,
      3.0606162220147453,
      2.175,
      0.0,
      2
    ]
  ],
  "adjacency_matrix": [
    [
      0,
      1,
      0,
      0,
      0,
      0,
      0,
      0
    ],
    [
      1,
      0,
      1,
      0,
      0,
      0,
      0,
      0
    ],
    [
      0,
      1,
      0,
      1,
      0,
      0,
      0,
      0
    ],
    [
      0,
      0,
      1,
      0,
      1,
      0,
      0,
      0
    ],
    [
      0,
      0,
      0,
      1,
      0,
      1,
      0,
      0
    ],
    [
      0,
      0,
      0,
      0,
      1,
      0,
      1,
      0
    ],
    [
      0,
      0,
      0,
      0,
      0,
      1,
      0,
      1
    ],
    [
      0,
      0,
      0,
      0,
      0,
      0,
      1,
      0
    ]
  ],
  "dh_parameters": [
    [
      0.0,
      0.334894175969835,
      0.0,
      1.5707963267948966
    ],
    [
      0.0,
      0.0,
      0.0,
      -1.5707963267948966
    ],
    [
      0.0,
      0.29081690505818547,
      0.0,
      1.5707963267948966
    ],
    [
      0.08867483286917661,
      0.0,
      0.0,
      1.5707963267948966
    ],
    [
      -0.07789861952088913,
      0.3625826654063203,
      0.0,
      -1.5707963267948966
    ],
    [
      0.0,
      0.0,
      0.0,
      1.5707963267948966
    ],
    [
      0.08292125794911813,
      0.10082471136995046,
      0.0,
      0.0
    ]
  ],
  "morphology_type": "link_scaling"
}