{
  "num_nodes": 8,
  "node_features": [
    [
      0.0,
      0.0,
      0.0,
      0.0,
      0
    ],
    [
      -2.9630477057197186,
      3.042089046465335,
      2.175,
      0.0,
      1
    ],
    [
      -3.0530364035928996,
      2.9019560326321434,
      2.175,
      0.0,
      1
    ],
    [
      -2.9877516420215353,
      3.035022737436198,
      2.175,
      0.0,
      1
    ],
    [
      -2.9343078453848204,
      2.9419892667305723,
      2.175,
      0.0,
      1
    ],
    [
      -2.9207129633104447,
      2.9962042411711742,
      2.175,
      0.0,
      1
    ],
    [
      -2.9717923314047177,
      3.0562542067921417,
      2.175,
      0.0,
      1
    ],
    [
      -2.9828498236981087,
      3.0388140409632616,
      2.175,
      0.0,
      2
    ]
  ],
  "adjacency_matrix": [
    [
      0,
      1,
      0,
      0,
      0,
      0,
      0,
      0
    ],
    [
      1,
      0,
      1,
      0,
      0,
      0,
      0,
      0
    ],
    [
      0,
      1,
      0,
      1,
      0,
      0,
      0,
      0
    ],
    [
      0,
      0,
      1,
      0,
      1,
      0,
      0,
      0
    ],
    [
      0,
      0,
      0,
      1,
      0,
      1,
      0,
      0
    ],
    [
      0,
      0,
      0,
      0,
      1,
      0,
      1,
      0
    ],
    [
      0,
      0,
      0,
      0,
      0,
      1,
      0,
      1
    ],
    [
      0,
      0,
      0,
      0,
      0,
      0,
      1,
      0
    ]
  ],
  "dh_parameters": [
    [
      0.0,
      0.307709384119055,
      0.0,
      1.5707963267948966
    ],
    [
      0.0,
      0.0,
      0.0,
      -1.5707963267948966
    ],
    [
      0.0,
      0.29421776491458707,
      0.0,
      1.5707963267948966
    ],
    [
      0.07435522485026914,
      0.0,
      0.0,
      1.5707963267948966
    ],
    [
      -0.087777261123696,
      0.4085632517757486,
      0.0,
      -1.5707963267948966
    ],
    [
      0.0,
      0.0,
      0.0,
      1.5707963267948966
    ],
    [
      0.08279459496057953,
      0.10067070069070466,
      0.0,
      0.0
    ]
  ],
  "morphology_type": "link_scaling"
}