{
  "num_nodes": 8,
  "node_features": [
    [
      0.0,
      0.0,
      0.0,
      0.0,
      0
    ],
    [
      -2.9385732007059864,
      3.0533077235227317,
      2.175,
      0.0,
      1
    ],
    [
      -2.9401283624828767,
      2.9023245731627516,
      2.175,
      0.0,
      1
    ],
    [
      -2.9371773195142974,
      3.04921114647284,
      2.175,
      0.0,
      1
    ],
    [
      -3.002935591225549,
      2.985331284943882,
      2.175,
      0.0,
      1
    ],
    [
      -2.9256117994483177,
      3.0488431187755523,
      2.175,
      0.0,
      1
    ],
    [
      -2.9514995735942984,
      3.0366767915081554,
      2.175,
      0.0,
      1
    ],
    [
      -2.9800469290616007,
      2.989518463037418,
      2.175,
      0.0,
      2
    ]
  ],
  "adjacency_matrix": [
    [
      0,
      1,
      0,
      0,
      0,
      0,
      0,
      0
    ],
    [
      1,
      0,
      1,
      0,
      0,
      0,
      0,
      0
    ],
    [
      0,
      1,
      0,
      1,
      0,
      0,
      0,
      0
    ],
    [
      0,
      0,
      1,
      0,
      1,
      0,
      0,
      0
    ],
    [
      0,
      0,
      0,
      1,
      0,
      1,
      0,
      0
    ],
    [
      0,
      0,
      0,
      0,
      1,
      0,
      1,
      0
    ],
    [
      0,
      0,
      0,
      0,
      0,
      1,
      0,
      1
    ],
    [
      0,
      0,
      0,
      0,
      0,
      0,
      1,
      0
    ]
  ],
  "dh_parameters": [
    [
      0.0,
      0.3049722771081287,
      0.0,
      1.5707963267948966
    ],
    [
      0.0,
      0.0,
      0.0,
      -1.5707963267948966
    ],
    [
      0.0,
      0.3219890753531631,
      0.0,
      1.5707963267948966
    ],
    [
      0.08270594914370796,
      0.0,
      0.0,
      1.5707963267948966
    ],
    [
      -0.0833775913065209,
      0.38808478862671547,
      0.0,
      -1.5707963267948966
    ],
    [
      0.0,
      0.0,
      0.0,
      1.5707963267948966
    ],
    [
      0.09638671681038287,
      0.11719748521262463,
      0.0,
      0.0
    ]
  ],
  "morphology_type": "link_scaling"
}