{
  "num_nodes": 8,
  "node_features": [
    [
      0.0,
      0.0,
      0.0,
      0.0,
      0
    ],
    [
      -3.058321917921046,
      2.9088037002169527,
      2.175,
      0.0,
      1
    ],
    [
      -3.037991613902146,
      3.019140164478122,
      2.175,
      0.0,
      1
    ],
    [
      -2.944058160448165,
      2.9458434714125374,
      2.175,
      0.0,
      1
    ],
    [
      -2.929185489265145,
      2.9055192789041655,
      2.175,
      0.0,
      1
    ],
    [
      -3.0185972931772262,
      3.0497958497861926,
      2.175,
      0.0,
      1
    ],
    [
      -2.966261903060951,
      2.9265417189163134,
      2.175,
      0.0,
      1
    ],
    [
      -3.047020582562642,
      2.901542554001458,
      2.175,
      0.0,
      2
    ]
  ],
  "adjacency_matrix": [
    [
      0,
      1,
      0,
      0,
      0,
      0,
      0,
      0
    ],
    [
      1,
      0,
      1,
      0,
      0,
      0,
      0,
      0
    ],
    [
      0,
      1,
      0,
      1,
      0,
      0,
      0,
      0
    ],
    [
      0,
      0,
      1,
      0,
      1,
      0,
      0,
      0
    ],
    [
      0,
      0,
      0,
      1,
      0,
      1,
      0,
      0
    ],
    [
      0,
      0,
      0,
      0,
      1,
      0,
      1,
      0
    ],
    [
      0,
      0,
      0,
      0,
      0,
      1,
      0,
      1
    ],
    [
      0,
      0,
      0,
      0,
      0,
      0,
      1,
      0
    ]
  ],
  "dh_parameters": [
    [
      0.0,
      0.3529650406699629,
      0.0,
      1.5707963267948966
    ],
    [
      0.0,
      0.0,
      0.0,
      -1.5707963267948966
    ],
    [
      0.0,
      0.2862331289358402,
      0.0,
      1.5707963267948966
    ],
    [
      0.0795346592786865,
      0.0,
      0.0,
      1.5707963267948966
    ],
    [
      -0.07922518204488298,
      0.36875721097254616,
      0.0,
      -1.5707963267948966
    ],
    [
      0.0,
      0.0,
      0.0,
      1.5707963267948966
    ],
    [
      0.08906281040769877,
      0.10829228083663374,
      0.0,
      0.0
    ]
  ],
  "morphology_type": "link_scaling"
}