{
  "num_nodes": 8,
  "node_features": [
    [
      0.0,
      0.0,
      0.0,
      0.0,
      0
    ],
    [
      -3.0000006788619036,
      2.9433622338023557,
      2.175,
      0.0,
      1
    ],
    [
      -2.958123836683487,
      2.9798079433182583,
      2.175,
      0.0,
      1
    ],
    [
      -2.945325346928812,
      3.0146512469965767,
      2.175,
      0.0,
      1
    ],
    [
      -2.9878875051587213,
      3.0561906565191768,
      2.175,
      0.0,
      1
    ],
    [
      -2.978146583676598,
      2.9006795819068394,
      2.175,
      0.0,
      1
    ],
    [
      -2.9362442045299693,
      2.920850631543669,
      2.175,
      0.0,
      1
    ],
    [
      -2.9516698097079246,
      3.048950775022661,
      2.175,
      0.0,
      2
    ]
  ],
  "adjacency_matrix": [
    [
      0,
      1,
      0,
      0,
      0,
      0,
      0,
      0
    ],
    [
      1,
      0,
      1,
      0,
      0,
      0,
      0,
      0
    ],
    [
      0,
      1,
      0,
      1,
      0,
      0,
      0,
      0
    ],
    [
      0,
      0,
      1,
      0,
      1,
      0,
      0,
      0
    ],
    [
      0,
      0,
      0,
      1,
      0,
      1,
      0,
      0
    ],
    [
      0,
      0,
      0,
      0,
      1,
      0,
      1,
      0
    ],
    [
      0,
      0,
      0,
      0,
      0,
      1,
      0,
      1
    ],
    [
      0,
      0,
      0,
      0,
      0,
      0,
      1,
      0
    ]
  ],
  "dh_parameters": [
    [
      0.0,
      0.3251557499721014,
      0.0,
      1.5707963267948966
    ],
    [
      0.0,
      0.0,
      0.0,
      -1.5707963267948966
    ],
    [
      0.0,
      0.32034119470080336,
      0.0,
      1.5707963267948966
    ],
    [
      0.08482717093932192,
      0.0,
      0.0,
      1.5707963267948966
    ],
    [
      -0.08700095569725867,
      0.40494990288178584,
      0.0,
      -1.5707963267948966
    ],
    [
      0.0,
      0.0,
      0.0,
      1.5707963267948966
    ],
    [
      0.08041780888120596,
      0.09778074488964816,
      0.0,
      0.0
    ]
  ],
  "morphology_type": "link_scaling"
}