{
  "num_nodes": 8,
  "node_features": [
    [
      0.0,
      0.0,
      0.0,
      0.0,
      0
    ],
    [
      -3.0405011818704244,
      3.0286987318465926,
      2.175,
      0.0,
      1
    ],
    [
      -2.9825883714256234,
      2.9756378938497097,
      2.175,
      0.0,
      1
    ],
    [
      -2.982365318143775,
      3.0389323376251625,
      2.175,
      0.0,
      1
    ],
    [
      -2.9689502196030793,
      2.984482284317799,
      2.175,
      0.0,
      1
    ],
    [
      -3.058104516288315,
      2.971043270673408,
      2.175,
      0.0,
      1
    ],
    [
      -2.9800093206119325,
      3.0317857405436133,
      2.175,
      0.0,
      1
    ],
    [
      -2.9134283343136596,
      2.9861136798991192,
      2.175,
      0.0,
      2
    ]
  ],
  "adjacency_matrix": [
    [
      0,
      1,
      0,
      0,
      0,
      0,
      0,
      0
    ],
    [
      1,
      0,
      1,
      0,
      0,
      0,
      0,
      0
    ],
    [
      0,
      1,
      0,
      1,
      0,
      0,
      0,
      0
    ],
    [
      0,
      0,
      1,
      0,
      1,
      0,
      0,
      0
    ],
    [
      0,
      0,
      0,
      1,
      0,
      1,
      0,
      0
    ],
    [
      0,
      0,
      0,
      0,
      1,
      0,
      1,
      0
    ],
    [
      0,
      0,
      0,
      0,
      0,
      1,
      0,
      1
    ],
    [
      0,
      0,
      0,
      0,
      0,
      0,
      1,
      0
    ]
  ],
  "dh_parameters": [
    [
      0.0,
      0.3243986711565604,
      0.0,
      1.5707963267948966
    ],
    [
      0.0,
      0.0,
      0.0,
      -1.5707963267948966
    ],
    [
      0.0,
      0.28631553968285856,
      0.0,
      1.5707963267948966
    ],
    [
      0.080578943508034,
      0.0,
      0.0,
      1.5707963267948966
    ],
    [
      -0.0829403043864621,
      0.3860494167806236,
      0.0,
      -1.5707963267948966
    ],
    [
      0.0,
      0.0,
      0.0,
      1.5707963267948966
    ],
    [
      0.08455717930987698,
      0.10281384302450951,
      0.0,
      0.0
    ]
  ],
  "morphology_type": "link_scaling"
}