{
  "num_nodes": 8,
  "node_features": [
    [
      0.0,
      0.0,
      0.0,
      0.0,
      0
    ],
    [
      -2.9524243659896046,
      2.9923240144194962,
      2.175,
      0.0,
      1
    ],
    [
      -2.930313579468991,
      3.0627938964524106,
      2.175,
      0.0,
      1
    ],
    [
      -2.991495941706101,
      3.046065119066975,
      2.175,
      0.0,
      1
    ],
    [
      -3.030640423831426,
      2.931414214766317,
      2.175,
      0.0,
      1
    ],
    [
      -2.958356951336243,
      3.056708815146392,
      2.175,
      0.0,
      1
    ],
    [
      -3.0345591354460737,
      3.0216017397868344,
      2.175,
      0.0,
      1
    ],
    [
      -2.9264049572777067,
      3.000353884572245,
      2.175,
      0.0,
      2
    ]
  ],
  "adjacency_matrix": [
    [
      0,
      1,
      0,
      0,
      0,
      0,
      0,
      0
    ],
    [
      1,
      0,
      1,
      0,
      0,
      0,
      0,
      0
    ],
    [
      0,
      1,
      0,
      1,
      0,
      0,
      0,
      0
    ],
    [
      0,
      0,
      1,
      0,
      1,
      0,
      0,
      0
    ],
    [
      0,
      0,
      0,
      1,
      0,
      1,
      0,
      0
    ],
    [
      0,
      0,
      0,
      0,
      1,
      0,
      1,
      0
    ],
    [
      0,
      0,
      0,
      0,
      0,
      1,
      0,
      1
    ],
    [
      0,
      0,
      0,
      0,
      0,
      0,
      1,
      0
    ]
  ],
  "dh_parameters": [
    [
      0.0,
      0.3559646285664089,
      0.0,
      1.5707963267948966
    ],
    [
      0.0,
      0.0,
      0.0,
      -1.5707963267948966
    ],
    [
      0.0,
      0.32043550564777823,
      0.0,
      1.5707963267948966
    ],
    [
      0.08603635920111644,
      0.0,
      0.0,
      1.5707963267948966
    ],
    [
      -0.08367460648204648,
      0.38946725926188913,
      0.0,
      -1.5707963267948966
    ],
    [
      0.0,
      0.0,
      0.0,
      1.5707963267948966
    ],
    [
      0.09638778110284742,
      0.11719877929550766,
      0.0,
      0.0
    ]
  ],
  "morphology_type": "link_scaling"
}