{
  "num_nodes": 8,
  "node_features": [
    [
      0.0,
      0.0,
      0.0,
      0.0,
      0
    ],
    [
      -2.9398976217439916,
      3.0007648324574383,
      2.175,
      0.0,
      1
    ],
    [
      -3.0275598699577824,
      2.973326610946067,
      2.175,
      0.0,
      1
    ],
    [
      -2.929344333365243,
      3.010414708217249,
      2.175,
      0.0,
      1
    ],
    [
      -3.0105131484980645,
      3.022708808318208,
      2.175,
      0.0,
      1
    ],
    [
      -3.026422124458848,
      3.0437075655170314,
      2.175,
      0.0,
      1
    ],
    [
      -3.038341665669511,
      2.9074034891461054,
      2.175,
      0.0,
      1
    ],
    [
      -2.997025305226954,
      3.018930513342646,
      2.175,
      0.0,
      2
    ]
  ],
  "adjacency_matrix": [
    [
      0,
      1,
      0,
      0,
      0,
      0,
      0,
      0
    ],
    [
      1,
      0,
      1,
      0,
      0,
      0,
      0,
      0
    ],
    [
      0,
      1,
      0,
      1,
      0,
      0,
      0,
      0
    ],
    [
      0,
      0,
      1,
      0,
      1,
      0,
      0,
      0
    ],
    [
      0,
      0,
      0,
      1,
      0,
      1,
      0,
      0
    ],
    [
      0,
      0,
      0,
      0,
      1,
      0,
      1,
      0
    ],
    [
      0,
      0,
      0,
      0,
      0,
      1,
      0,
      1
    ],
    [
      0,
      0,
      0,
      0,
      0,
      0,
      1,
      0
    ]
  ],
  "dh_parameters": [
    [
      0.0,
      0.36400632364845964,
      0.0,
      1.5707963267948966
    ],
    [
      0.0,
      0.0,
      0.0,
      -1.5707963267948966
    ],
    [
      0.0,
      0.2985429493829276,
      0.0,
      1.5707963267948966
    ],
    [
      0.07524131390107563,
      0.0,
      0.0,
      1.5707963267948966
    ],
    [
      -0.09066560493363957,
      0.422007179327486,
      0.0,
      -1.5707963267948966
    ],
    [
      0.0,
      0.0,
      0.0,
      1.5707963267948966
    ],
    [
      0.08450999335635279,
      0.10275646919465622,
      0.0,
      0.0
    ]
  ],
  "morphology_type": "link_scaling"
}