{
  "num_nodes": 8,
  "node_features": [
    [
      0.0,
      0.0,
      0.0,
      0.0,
      0
    ],
    [
      -2.9609089647446005,
      2.940407544408355,
      2.175,
      0.0,
      1
    ],
    [
      -3.0099786073310564,
      2.985939169627677,
      2.175,
      0.0,
      1
    ],
    [
      -2.9168852770120095,
      2.9628624693404673,
      2.175,
      0.0,
      1
    ],
    [
      -2.9776740718280084,
      2.9435357243893323,
      2.175,
      0.0,
      1
    ],
    [
      -3.0137976230448857,
      2.9216406837816358,
      2.175,
      0.0,
      1
    ],
    [
      -2.936089860968184,
      3.032880052460283,
      2.175,
      0.0,
      1
    ],
    [
      -2.9906897282254166,
      2.9092853634486335,
      2.175,
      0.0,
      2
    ]
  ],
  "adjacency_matrix": [
    [
      0,
      1,
      0,
      0,
      0,
      0,
      0,
      0
    ],
    [
      1,
      0,
      1,
      0,
      0,
      0,
      0,
      0
    ],
    [
      0,
      1,
      0,
      1,
      0,
      0,
      0,
      0
    ],
    [
      0,
      0,
      1,
      0,
      1,
      0,
      0,
      0
    ],
    [
      0,
      0,
      0,
      1,
      0,
      1,
      0,
      0
    ],
    [
      0,
      0,
      0,
      0,
      1,
      0,
      1,
      0
    ],
    [
      0,
      0,
      0,
      0,
      0,
      1,
      0,
      1
    ],
    [
      0,
      0,
      0,
      0,
      0,
      0,
      1,
      0
    ]
  ],
  "dh_parameters": [
    [
      0.0,
      0.36359733990381066,
      0.0,
      1.5707963267948966
    ],
    [
      0.0,
      0.0,
      0.0,
      -1.5707963267948966
    ],
    [
      0.0,
      0.3393007665042207,
      0.0,
      1.5707963267948966
    ],
    [
      0.08886313209145712,
      0.0,
      0.0,
      1.5707963267948966
    ],
    [
      -0.07643818532291448,
      0.3557850080484747,
      0.0,
      -1.5707963267948966
    ],
    [
      0.0,
      0.0,
      0.0,
      1.5707963267948966
    ],
    [
      0.09054242901338837,
      0.11009136255036996,
      0.0,
      0.0
    ]
  ],
  "morphology_type": "link_scaling"
}