{
  "num_nodes": 8,
  "node_features": [
    [
      0.0,
      0.0,
      0.0,
      0.0,
      0
    ],
    [
      -2.9924454507707514,
      2.9443939636966086,
      2.175,
      0.0,
      1
    ],
    [
      -3.0118110433568956,
      3.031788456529573,
      2.175,
      0.0,
      1
    ],
    [
      -2.91998413902118,
      2.9966368048011454,
      2.175,
      0.0,
      1
    ],
    [
      -2.919935098527611,
      3.0048198547498384,
      2.175,
      0.0,
      1
    ],
    [
      -2.9797573263573685,
      2.942164193446627,
      2.175,
      0.0,
      1
    ],
    [
      -3.0015918607161622,
      3.0123028200492334,
      2.175,
      0.0,
      1
    ],
    [
      -2.904628621858046,
      3.0642426973858266,
      2.175,
      0.0,
      2
    ]
  ],
  "adjacency_matrix": [
    [
      0,
      1,
      0,
      0,
      0,
      0,
      0,
      0
    ],
    [
      1,
      0,
      1,
      0,
      0,
      0,
      0,
      0
    ],
    [
      0,
      1,
      0,
      1,
      0,
      0,
      0,
      0
    ],
    [
      0,
      0,
      1,
      0,
      1,
      0,
      0,
      0
    ],
    [
      0,
      0,
      0,
      1,
      0,
      1,
      0,
      0
    ],
    [
      0,
      0,
      0,
      0,
      1,
      0,
      1,
      0
    ],
    [
      0,
      0,
      0,
      0,
      0,
      1,
      0,
      1
    ],
    [
      0,
      0,
      0,
      0,
      0,
      0,
      1,
      0
    ]
  ],
  "dh_parameters": [
    [
      0.0,
      0.35071788597320847,
      0.0,
      1.5707963267948966
    ],
    [
      0.0,
      0.0,
      0.0,
      -1.5707963267948966
    ],
    [
      0.0,
      0.3207626866238044,
      0.0,
      1.5707963267948966
    ],
    [
      0.0798652923810491,
      0.0,
      0.0,
      1.5707963267948966
    ],
    [
      -0.07554073538061543,
      0.3516077864988645,
      0.0,
      -1.5707963267948966
    ],
    [
      0.0,
      0.0,
      0.0,
      1.5707963267948966
    ],
    [
      0.09344915475665531,
      0.11362567680638772,
      0.0,
      0.0
    ]
  ],
  "morphology_type": "link_scaling"
}