{
  "num_nodes": 8,
  "node_features": [
    [
      0.0,
      0.0,
      0.0,
      0.0,
      0
    ],
    [
      -3.0295442062777123,
      3.0285804331676185,
      2.175,
      0.0,
      1
    ],
    [
      -3.0314313716508527,
      2.906726432216022,
      2.175,
      0.0,
      1
    ],
    [
      -2.9135190228214185,
      2.9553276269042956,
      2.175,
      0.0,
      1
    ],
    [
      -2.942040635388748,
      2.9882962316929014,
      2.175,
      0.0,
      1
    ],
    [
      -2.917326246344919,
      2.9353818850981748,
      2.175,
      0.0,
      1
    ],
    [
      -3.06819569764945,
      2.9260706822948794,
      2.175,
      0.0,
      1
    ],
    [
      -3.0631241969090333,
      3.065836706137338,
      2.175,
      0.0,
      2
    ]
  ],
  "adjacency_matrix": [
    [
      0,
      1,
      0,
      0,
      0,
      0,
      0,
      0
    ],
    [
      1,
      0,
      1,
      0,
      0,
      0,
      0,
      0
    ],
    [
      0,
      1,
      0,
      1,
      0,
      0,
      0,
      0
    ],
    [
      0,
      0,
      1,
      0,
      1,
      0,
      0,
      0
    ],
    [
      0,
      0,
      0,
      1,
      0,
      1,
      0,
      0
    ],
    [
      0,
      0,
      0,
      0,
      1,
      0,
      1,
      0
    ],
    [
      0,
      0,
      0,
      0,
      0,
      1,
      0,
      1
    ],
    [
      0,
      0,
      0,
      0,
      0,
      0,
      1,
      0
    ]
  ],
  "dh_parameters": [
    [
      0.0,
      0.3303513408672216,
      0.0,
      1.5707963267948966
    ],
    [
      0.0,
      0.0,
      0.0,
      -1.5707963267948966
    ],
    [
      0.0,
      0.3095259295832586,
      0.0,
      1.5707963267948966
    ],
    [
      0.09041540450364094,
      0.0,
      0.0,
      1.5707963267948966
    ],
    [
      -0.08187794977875508,
      0.38110463897020547,
      0.0,
      -1.5707963267948966
    ],
    [
      0.0,
      0.0,
      0.0,
      1.5707963267948966
    ],
    [
      0.09157898938037179,
      0.11135172572386116,
      0.0,
      0.0
    ]
  ],
  "morphology_type": "link_scaling"
}