{
  "num_nodes": 8,
  "node_features": [
    [
      0.0,
      0.0,
      0.0,
      0.0,
      0
    ],
    [
      -2.946722568677907,
      2.9689504915366656,
      2.175,
      0.0,
      1
    ],
    [
      -3.0304203841817516,
      2.910562002131267,
      2.175,
      0.0,
      1
    ],
    [
      -2.994574027595001,
      3.009634250340298,
      2.175,
      0.0,
      1
    ],
    [
      -3.0553335208297674,
      2.9323956774861664,
      2.175,
      0.0,
      1
    ],
    [
      -2.9186241211663826,
      2.941356753409252,
      2.175,
      0.0,
      1
    ],
    [
      -3.0187536942224797,
      3.009544935104484,
      2.175,
      0.0,
      1
    ],
    [
      -2.9534350912188425,
      3.018498588125037,
      2.175,
      0.0,
      2
    ]
  ],
  "adjacency_matrix": [
    [
      0,
      1,
      0,
      0,
      0,
      0,
      0,
      0
    ],
    [
      1,
      0,
      1,
      0,
      0,
      0,
      0,
      0
    ],
    [
      0,
      1,
      0,
      1,
      0,
      0,
      0,
      0
    ],
    [
      0,
      0,
      1,
      0,
      1,
      0,
      0,
      0
    ],
    [
      0,
      0,
      0,
      1,
      0,
      1,
      0,
      0
    ],
    [
      0,
      0,
      0,
      0,
      1,
      0,
      1,
      0
    ],
    [
      0,
      0,
      0,
      0,
      0,
      1,
      0,
      1
    ],
    [
      0,
      0,
      0,
      0,
      0,
      0,
      1,
      0
    ]
  ],
  "dh_parameters": [
    [
      0.0,
      0.364384362006636,
      0.0,
      1.5707963267948966
    ],
    [
      0.0,
      0.0,
      0.0,
      -1.5707963267948966
    ],
    [
      0.0,
      0.3287285490426702,
      0.0,
      1.5707963267948966
    ],
    [
      0.07523458318251108,
      0.0,
      0.0,
      1.5707963267948966
    ],
    [
      -0.08693921293025281,
      0.40466251836626765,
      0.0,
      -1.5707963267948966
    ],
    [
      0.0,
      0.0,
      0.0,
      1.5707963267948966
    ],
    [
      0.09670153162724333,
      0.11758027141039815,
      0.0,
      0.0
    ]
  ],
  "morphology_type": "link_scaling"
}