{
  "num_nodes": 8,
  "node_features": [
    [
      0.0,
      0.0,
      0.0,
      0.0,
      0
    ],
    [
      -3.0172802984325306,
      2.9824021227530597,
      2.175,
      0.0,
      1
    ],
    [
      -3.025285229666948,
      2.9609076425036993,
      2.175,
      0.0,
      1
    ],
    [
      -3.0522686537931567,
      2.9808215995046927,
      2.175,
      0.0,
      1
    ],
    [
      -3.0524819158880954,
      2.9311410892869074,
      2.175,
      0.0,
      1
    ],
    [
      -2.9828989222376627,
      2.910289339867196,
      2.175,
      0.0,
      1
    ],
    [
      -2.9911070849148476,
      2.9262815826970714,
      2.175,
      0.0,
      1
    ],
    [
      -3.0080843108390884,
      3.0242621153844556,
      2.175,
      0.0,
      2
    ]
  ],
  "adjacency_matrix": [
    [
      0,
      1,
      0,
      0,
      0,
      0,
      0,
      0
    ],
    [
      1,
      0,
      1,
      0,
      0,
      0,
      0,
      0
    ],
    [
      0,
      1,
      0,
      1,
      0,
      0,
      0,
      0
    ],
    [
      0,
      0,
      1,
      0,
      1,
      0,
      0,
      0
    ],
    [
      0,
      0,
      0,
      1,
      0,
      1,
      0,
      0
    ],
    [
      0,
      0,
      0,
      0,
      1,
      0,
      1,
      0
    ],
    [
      0,
      0,
      0,
      0,
      0,
      1,
      0,
      1
    ],
    [
      0,
      0,
      0,
      0,
      0,
      0,
      1,
      0
    ]
  ],
  "dh_parameters": [
    [
      0.0,
      0.3466597371619655,
      0.0,
      1.5707963267948966
    ],
    [
      0.0,
      0.0,
      0.0,
      -1.5707963267948966
    ],
    [
      0.0,
      0.3072890651212015,
      0.0,
      1.5707963267948966
    ],
    [
      0.08625125803814232,
      0.0,
      0.0,
      1.5707963267948966
    ],
    [
      -0.08631425238813688,
      0.40175361111569163,
      0.0,
      -1.5707963267948966
    ],
    [
      0.0,
      0.0,
      0.0,
      1.5707963267948966
    ],
    [
      0.08281247176069977,
      0.10069243725448723,
      0.0,
      0.0
    ]
  ],
  "morphology_type": "link_scaling"
}