{
  "num_nodes": 8,
  "node_features": [
    [
      0.0,
      0.0,
      0.0,
      0.0,
      0
    ],
    [
      -2.994835444857399,
      3.053842507338097,
      2.175,
      0.0,
      1
    ],
    [
      -2.9480247832920874,
      3.0647309831579332,
      2.175,
      0.0,
      1
    ],
    [
      -2.957236582323712,
      3.019723394900773,
      2.175,
      0.0,
      1
    ],
    [
      -2.9926085966655607,
      3.0504372216202755,
      2.175,
      0.0,
      1
    ],
    [
      -2.9132486635238704,
      2.955712624503479,
      2.175,
      0.0,
      1
    ],
    [
      -2.9467403063353075,
      3.048158005025514,
      2.175,
      0.0,
      1
    ],
    [
      -2.9287761448638863,
      2.9946071395675284,
      2.175,
      0.0,
      2
    ]
  ],
  "adjacency_matrix": [
    [
      0,
      1,
      0,
      0,
      0,
      0,
      0,
      0
    ],
    [
      1,
      0,
      1,
      0,
      0,
      0,
      0,
      0
    ],
    [
      0,
      1,
      0,
      1,
      0,
      0,
      0,
      0
    ],
    [
      0,
      0,
      1,
      0,
      1,
      0,
      0,
      0
    ],
    [
      0,
      0,
      0,
      1,
      0,
      1,
      0,
      0
    ],
    [
      0,
      0,
      0,
      0,
      1,
      0,
      1,
      0
    ],
    [
      0,
      0,
      0,
      0,
      0,
      1,
      0,
      1
    ],
    [
      0,
      0,
      0,
      0,
      0,
      0,
      1,
      0
    ]
  ],
  "dh_parameters": [
    [
      0.0,
      0.33299947293981724,
      0.0,
      1.5707963267948966
    ],
    [
      0.0,
      0.0,
      0.0,
      -1.5707963267948966
    ],
    [
      0.0,
      0.32436484011902816,
      0.0,
      1.5707963267948966
    ],
    [
      0.08364225377201889,
      0.0,
      0.0,
      1.5707963267948966
    ],
    [
      -0.07779569408475355,
      0.36210359428539834,
      0.0,
      -1.5707963267948966
    ],
    [
      0.0,
      0.0,
      0.0,
      1.5707963267948966
    ],
    [
      0.09492386004795787,
      0.11541878437649425,
      0.0,
      0.0
    ]
  ],
  "morphology_type": "link_scaling"
}