{
  "num_nodes": 8,
  "node_features": [
    [
      0.0,
      0.0,
      0.0,
      0.0,
      0
    ],
    [
      -3.0273312017832446,
      2.939295329090084,
      2.175,
      0.0,
      1
    ],
    [
      -2.91374209210776,
      3.0531875545814047,
      2.175,
      0.0,
      1
    ],
    [
      -3.0423778323218644,
      2.908783778368599,
      2.175,
      0.0,
      1
    ],
    [
      -2.979518717633837,
      2.9543740123468303,
      2.175,
      0.0,
      1
    ],
    [
      -2.988775191726717,
      2.9740884417246387,
      2.175,
      0.0,
      1
    ],
    [
      -2.901861553722259,
      3.066932490259185,
      2.175,
      0.0,
      1
    ],
    [
      -2.9025137872483695,
      2.919578608796817,
      2.175,
      0.0,
      2
    ]
  ],
  "adjacency_matrix": [
    [
      0,
      1,
      0,
      0,
      0,
      0,
      0,
      0
    ],
    [
      1,
      0,
      1,
      0,
      0,
      0,
      0,
      0
    ],
    [
      0,
      1,
      0,
      1,
      0,
      0,
      0,
      0
    ],
    [
      0,
      0,
      1,
      0,
      1,
      0,
      0,
      0
    ],
    [
      0,
      0,
      0,
      1,
      0,
      1,
      0,
      0
    ],
    [
      0,
      0,
      0,
      0,
      1,
      0,
      1,
      0
    ],
    [
      0,
      0,
      0,
      0,
      0,
      1,
      0,
      1
    ],
    [
      0,
      0,
      0,
      0,
      0,
      0,
      1,
      0
    ]
  ],
  "dh_parameters": [
    [
      0.0,
      0.35869603469117733,
      0.0,
      1.5707963267948966
    ],
    [
      0.0,
      0.0,
      0.0,
      -1.5707963267948966
    ],
    [
      0.0,
      0.3304828164937714,
      0.0,
      1.5707963267948966
    ],
    [
      0.08640532066542846,
      0.0,
      0.0,
      1.5707963267948966
    ],
    [
      -0.08284029423534765,
      0.3855839149863454,
      0.0,
      -1.5707963267948966
    ],
    [
      0.0,
      0.0,
      0.0,
      1.5707963267948966
    ],
    [
      0.09298636373193435,
      0.11306296499223836,
      0.0,
      0.0
    ]
  ],
  "morphology_type": "link_scaling"
}