{
  "num_nodes": 8,
  "node_features": [
    [
      0.0,
      0.0,
      0.0,
      0.0,
      0
    ],
    [
      -2.995701590709944,
      3.016590831954376,
      2.175,
      0.0,
      1
    ],
    [
      -3.031516600537311,
      3.057104542848342,
      2.175,
      0.0,
      1
    ],
    [
      -2.9154141903140296,
      3.067785766560589,
      2.175,
      0.0,
      1
    ],
    [
      -2.9711198257065488,
      2.908672400832667,
      2.175,
      0.0,
      1
    ],
    [
      -2.9769467128797813,
      2.969507742909539,
      2.175,
      0.0,
      1
    ],
    [
      -2.9073250678561426,
      2.9055205656815204,
      2.175,
      0.0,
      1
    ],
    [
      -2.900405618353738,
      2.950880008446565,
      2.175,
      0.0,
      2
    ]
  ],
  "adjacency_matrix": [
    [
      0,
      1,
      0,
      0,
      0,
      0,
      0,
      0
    ],
    [
      1,
      0,
      1,
      0,
      0,
      0,
      0,
      0
    ],
    [
      0,
      1,
      0,
      1,
      0,
      0,
      0,
      0
    ],
    [
      0,
      0,
      1,
      0,
      1,
      0,
      0,
      0
    ],
    [
      0,
      0,
      0,
      1,
      0,
      1,
      0,
      0
    ],
    [
      0,
      0,
      0,
      0,
      1,
      0,
      1,
      0
    ],
    [
      0,
      0,
      0,
      0,
      0,
      1,
      0,
      1
    ],
    [
      0,
      0,
      0,
      0,
      0,
      0,
      1,
      0
    ]
  ],
  "dh_parameters": [
    [
      0.0,
      0.3127021966633183,
      0.0,
      1.5707963267948966
    ],
    [
      0.0,
      0.0,
      0.0,
      -1.5707963267948966
    ],
    [
      0.0,
      0.3146626887564563,
      0.0,
      1.5707963267948966
    ],
    [
      0.0888434934778159,
      0.0,
      0.0,
      1.5707963267948966
    ],
    [
      -0.0793817785433049,
      0.3694860964924737,
      0.0,
      -1.5707963267948966
    ],
    [
      0.0,
      0.0,
      0.0,
      1.5707963267948966
    ],
    [
      0.0818527336687593,
      0.09952548298360506,
      0.0,
      0.0
    ]
  ],
  "morphology_type": "link_scaling"
}