{
  "num_nodes": 8,
  "node_features": [
    [
      0.0,
      0.0,
      0.0,
      0.0,
      0
    ],
    [
      -2.909461151441138,
      3.044905715218012,
      2.175,
      0.0,
      1
    ],
    [
      -3.0606107656213246,
      2.9480352785650323,
      2.175,
      0.0,
      1
    ],
    [
      -2.9034790609059837,
      3.027244271742427,
      2.175,
      0.0,
      1
    ],
    [
      -2.970102803700046,
      2.90225680019894,
      2.175,
      0.0,
      1
    ],
    [
      -2.9476672672439825,
      2.9097163335948024,
      2.175,
      0.0,
      1
    ],
    [
      -2.9679257925496425,
      3.054120657061954,
      2.175,
      0.0,
      1
    ],
    [
      -2.984861704980904,
      2.9506437920081505,
      2.175,
      0.0,
      2
    ]
  ],
  "adjacency_matrix": [
    [
      0,
      1,
      0,
      0,
      0,
      0,
      0,
      0
    ],
    [
      1,
      0,
      1,
      0,
      0,
      0,
      0,
      0
    ],
    [
      0,
      1,
      0,
      1,
      0,
      0,
      0,
      0
    ],
    [
      0,
      0,
      1,
      0,
      1,
      0,
      0,
      0
    ],
    [
      0,
      0,
      0,
      1,
      0,
      1,
      0,
      0
    ],
    [
      0,
      0,
      0,
      0,
      1,
      0,
      1,
      0
    ],
    [
      0,
      0,
      0,
      0,
      0,
      1,
      0,
      1
    ],
    [
      0,
      0,
      0,
      0,
      0,
      0,
      1,
      0
    ]
  ],
  "dh_parameters": [
    [
      0.0,
      0.3549654393206558,
      0.0,
      1.5707963267948966
    ],
    [
      0.0,
      0.0,
      0.0,
      -1.5707963267948966
    ],
    [
      0.0,
      0.32981426375939055,
      0.0,
      1.5707963267948966
    ],
    [
      0.08066427047973833,
      0.0,
      0.0,
      1.5707963267948966
    ],
    [
      -0.0843338252887857,
      0.392535623162348,
      0.0,
      -1.5707963267948966
    ],
    [
      0.0,
      0.0,
      0.0,
      1.5707963267948966
    ],
    [
      0.07968167331282812,
      0.09688567095991601,
      0.0,
      0.0
    ]
  ],
  "morphology_type": "link_scaling"
}