{
  "num_nodes": 8,
  "node_features": [
    [
      0.0,
      0.0,
      0.0,
      0.0,
      0
    ],
    [
      -2.9591106500829683,
      3.049694855891889,
      2.175,
      0.0,
      1
    ],
    [
      -2.9449603229432673,
      3.02443734001443,
      2.175,
      0.0,
      1
    ],
    [
      -2.9708836395787275,
      2.9231862399375683,
      2.175,
      0.0,
      1
    ],
    [
      -2.9144801909144893,
      2.951547889085651,
      2.175,
      0.0,
      1
    ],
    [
      -2.988199260090533,
      2.9416894679865493,
      2.175,
      0.0,
      1
    ],
    [
      -3.0427747055274046,
      2.994815757845868,
      2.175,
      0.0,
      1
    ],
    [
      -2.9654014404267173,
      2.940425443918226,
      2.175,
      0.0,
      2
    ]
  ],
  "adjacency_matrix": [
    [
      0,
      1,
      0,
      0,
      0,
      0,
      0,
      0
    ],
    [
      1,
      0,
      1,
      0,
      0,
      0,
      0,
      0
    ],
    [
      0,
      1,
      0,
      1,
      0,
      0,
      0,
      0
    ],
    [
      0,
      0,
      1,
      0,
      1,
      0,
      0,
      0
    ],
    [
      0,
      0,
      0,
      1,
      0,
      1,
      0,
      0
    ],
    [
      0,
      0,
      0,
      0,
      1,
      0,
      1,
      0
    ],
    [
      0,
      0,
      0,
      0,
      0,
      1,
      0,
      1
    ],
    [
      0,
      0,
      0,
      0,
      0,
      0,
      1,
      0
    ]
  ],
  "dh_parameters": [
    [
      0.0,
      0.3457329531813689,
      0.0,
      1.5707963267948966
    ],
    [
      0.0,
      0.0,
      0.0,
      -1.5707963267948966
    ],
    [
      0.0,
      0.301460110395694,
      0.0,
      1.5707963267948966
    ],
    [
      0.0803038678026236,
      0.0,
      0.0,
      1.5707963267948966
    ],
    [
      -0.08588647116272267,
      0.39976248395740005,
      0.0,
      -1.5707963267948966
    ],
    [
      0.0,
      0.0,
      0.0,
      1.5707963267948966
    ],
    [
      0.08026931540071922,
      0.09760019031678359,
      0.0,
      0.0
    ]
  ],
  "morphology_type": "link_scaling"
}