{
  "num_nodes": 8,
  "node_features": [
    [
      0.0,
      0.0,
      0.0,
      0.0,
      0
    ],
    [
      -2.9296658530636597,
      3.0161736028618806,
      2.175,
      0.0,
      1
    ],
    [
      -3.0600142586943972,
      3.037182013875007,
      2.175,
      0.0,
      1
    ],
    [
      -2.9513251574736423,
      3.0433131327989864,
      2.175,
      0.0,
      1
    ],
    [
      -2.9277386110568115,
      2.978080916071895,
      2.175,
      0.0,
      1
    ],
    [
      -2.9060265416083486,
      2.9216306995010535,
      2.175,
      0.0,
      1
    ],
    [
      -3.058450464490496,
      2.9456724955511624,
      2.175,
      0.0,
      1
    ],
    [
      -2.9903900888683133,
      3.0446567677455887,
      2.175,
      0.0,
      2
    ]
  ],
  "adjacency_matrix": [
    [
      0,
      1,
      0,
      0,
      0,
      0,
      0,
      0
    ],
    [
      1,
      0,
      1,
      0,
      0,
      0,
      0,
      0
    ],
    [
      0,
      1,
      0,
      1,
      0,
      0,
      0,
      0
    ],
    [
      0,
      0,
      1,
      0,
      1,
      0,
      0,
      0
    ],
    [
      0,
      0,
      0,
      1,
      0,
      1,
      0,
      0
    ],
    [
      0,
      0,
      0,
      0,
      1,
      0,
      1,
      0
    ],
    [
      0,
      0,
      0,
      0,
      0,
      1,
      0,
      1
    ],
    [
      0,
      0,
      0,
      0,
      0,
      0,
      1,
      0
    ]
  ],
  "dh_parameters": [
    [
      0.0,
      0.30636273169622497,
      0.0,
      1.5707963267948966
    ],
    [
      0.0,
      0.0,
      0.0,
      -1.5707963267948966
    ],
    [
      0.0,
      0.3475810706599613,
      0.0,
      1.5707963267948966
    ],
    [
      0.08141496612267539,
      0.0,
      0.0,
      1.5707963267948966
    ],
    [
      -0.08165217692165723,
      0.38005376894444093,
      0.0,
      -1.5707963267948966
    ],
    [
      0.0,
      0.0,
      0.0,
      1.5707963267948966
    ],
    [
      0.08169191279744155,
      0.09932993942416188,
      0.0,
      0.0
    ]
  ],
  "morphology_type": "link_scaling"
}