{
  "num_nodes": 8,
  "node_features": [
    [
      0.0,
      0.0,
      0.0,
      0.0,
      0
    ],
    [
      -3.0345177924134514,
      2.9445386634927093,
      2.175,
      0.0,
      1
    ],
    [
      -3.0671153890830842,
      3.0368169631959825,
      2.175,
      0.0,
      1
    ],
    [
      -2.9501435657908885,
      3.016336265183471,
      2.175,
      0.0,
      1
    ],
    [
      -3.0028346053335038,
      2.9366557188197655,
      2.175,
      0.0,
      1
    ],
    [
      -3.0060025351964264,
      3.018617690518147,
      2.175,
      0.0,
      1
    ],
    [
      -3.022680852719814,
      2.943876522855555,
      2.175,
      0.0,
      1
    ],
    [
      -2.917629061521772,
      3.0666753491243224,
      2.175,
      0.0,
      2
    ]
  ],
  "adjacency_matrix": [
    [
      0,
      1,
      0,
      0,
      0,
      0,
      0,
      0
    ],
    [
      1,
      0,
      1,
      0,
      0,
      0,
      0,
      0
    ],
    [
      0,
      1,
      0,
      1,
      0,
      0,
      0,
      0
    ],
    [
      0,
      0,
      1,
      0,
      1,
      0,
      0,
      0
    ],
    [
      0,
      0,
      0,
      1,
      0,
      1,
      0,
      0
    ],
    [
      0,
      0,
      0,
      0,
      1,
      0,
      1,
      0
    ],
    [
      0,
      0,
      0,
      0,
      0,
      1,
      0,
      1
    ],
    [
      0,
      0,
      0,
      0,
      0,
      0,
      1,
      0
    ]
  ],
  "dh_parameters": [
    [
      0.0,
      0.3244128637078103,
      0.0,
      1.5707963267948966
    ],
    [
      0.0,
      0.0,
      0.0,
      -1.5707963267948966
    ],
    [
      0.0,
      0.302880008913132,
      0.0,
      1.5707963267948966
    ],
    [
      0.0878195833733963,
      0.0,
      0.0,
      1.5707963267948966
    ],
    [
      -0.08155893073285778,
      0.3796197503202107,
      0.0,
      -1.5707963267948966
    ],
    [
      0.0,
      0.0,
      0.0,
      1.5707963267948966
    ],
    [
      0.08816727140328681,
      0.10720338681990557,
      0.0,
      0.0
    ]
  ],
  "morphology_type": "link_scaling"
}