{
  "num_nodes": 8,
  "node_features": [
    [
      0.0,
      0.0,
      0.0,
      0.0,
      0
    ],
    [
      -3.0519204738365175,
      3.031537007530224,
      2.175,
      0.0,
      1
    ],
    [
      -2.987934698351161,
      2.902951183977259,
      2.175,
      0.0,
      1
    ],
    [
      -2.934021636072047,
      2.9079214103105264,
      2.175,
      0.0,
      1
    ],
    [
      -3.001497112491819,
      3.0494941571161887,
      2.175,
      0.0,
      1
    ],
    [
      -2.931740201784642,
      3.0298747370296057,
      2.175,
      0.0,
      1
    ],
    [
      -2.980295023588576,
      3.0022558576919067,
      2.175,
      0.0,
      1
    ],
    [
      -2.918675970320122,
      2.982548773360885,
      2.175,
      0.0,
      2
    ]
  ],
  "adjacency_matrix": [
    [
      0,
      1,
      0,
      0,
      0,
      0,
      0,
      0
    ],
    [
      1,
      0,
      1,
      0,
      0,
      0,
      0,
      0
    ],
    [
      0,
      1,
      0,
      1,
      0,
      0,
      0,
      0
    ],
    [
      0,
      0,
      1,
      0,
      1,
      0,
      0,
      0
    ],
    [
      0,
      0,
      0,
      1,
      0,
      1,
      0,
      0
    ],
    [
      0,
      0,
      0,
      0,
      1,
      0,
      1,
      0
    ],
    [
      0,
      0,
      0,
      0,
      0,
      1,
      0,
      1
    ],
    [
      0,
      0,
      0,
      0,
      0,
      0,
      1,
      0
    ]
  ],
  "dh_parameters": [
    [
      0.0,
      0.35678686635409373,
      0.0,
      1.5707963267948966
    ],
    [
      0.0,
      0.0,
      0.0,
      -1.5707963267948966
    ],
    [
      0.0,
      0.31801776973183477,
      0.0,
      1.5707963267948966
    ],
    [
      0.08191451291687266,
      0.0,
      0.0,
      1.5707963267948966
    ],
    [
      -0.07835979282065501,
      0.36472921749250337,
      0.0,
      -1.5707963267948966
    ],
    [
      0.0,
      0.0,
      0.0,
      1.5707963267948966
    ],
    [
      0.079832307464125,
      0.09706882839387926,
      0.0,
      0.0
    ]
  ],
  "morphology_type": "link_scaling"
}