{
  "num_nodes": 8,
  "node_features": [
    [
      0.0,
      0.0,
      0.0,
      0.0,
      0
    ],
    [
      -2.970645161722624,
      2.963303727903093,
      2.175,
      0.0,
      1
    ],
    [
      -3.0088068134352444,
      3.049345454894186,
      2.175,
      0.0,
      1
    ],
    [
      -3.0478479339388653,
      2.9127775448148134,
      2.175,
      0.0,
      1
    ],
    [
      -2.939159610636329,
      2.945489647691069,
      2.175,
      0.0,
      1
    ],
    [
      -2.953158169637924,
      3.0240302273030215,
      2.175,
      0.0,
      1
    ],
    [
      -3.0030673112741764,
      3.063063656671992,
      2.175,
      0.0,
      1
    ],
    [
      -3.039466176876597,
      2.9235740916089097,
      2.175,
      0.0,
      2
    ]
  ],
  "adjacency_matrix": [
    [
      0,
      1,
      0,
      0,
      0,
      0,
      0,
      0
    ],
    [
      1,
      0,
      1,
      0,
      0,
      0,
      0,
      0
    ],
    [
      0,
      1,
      0,
      1,
      0,
      0,
      0,
      0
    ],
    [
      0,
      0,
      1,
      0,
      1,
      0,
      0,
      0
    ],
    [
      0,
      0,
      0,
      1,
      0,
      1,
      0,
      0
    ],
    [
      0,
      0,
      0,
      0,
      1,
      0,
      1,
      0
    ],
    [
      0,
      0,
      0,
      0,
      0,
      1,
      0,
      1
    ],
    [
      0,
      0,
      0,
      0,
      0,
      0,
      1,
      0
    ]
  ],
  "dh_parameters": [
    [
      0.0,
      0.3607399834223141,
      0.0,
      1.5707963267948966
    ],
    [
      0.0,
      0.0,
      0.0,
      -1.5707963267948966
    ],
    [
      0.0,
      0.31662567112986717,
      0.0,
      1.5707963267948966
    ],
    [
      0.08024550752968858,
      0.0,
      0.0,
      1.5707963267948966
    ],
    [
      -0.08210850596111231,
      0.38217777320081364,
      0.0,
      -1.5707963267948966
    ],
    [
      0.0,
      0.0,
      0.0,
      1.5707963267948966
    ],
    [
      0.07948846838640314,
      0.09665075133346746,
      0.0,
      0.0
    ]
  ],
  "morphology_type": "link_scaling"
}