{
  "num_nodes": 8,
  "node_features": [
    [
      0.0,
      0.0,
      0.0,
      0.0,
      0
    ],
    [
      -3.0666525638656323,
      2.932697072551004,
      2.175,
      0.0,
      1
    ],
    [
      -2.972888740002678,
      2.9385595436452774,
      2.175,
      0.0,
      1
    ],
    [
      -3.0172441386734166,
      2.9319076900966357,
      2.175,
      0.0,
      1
    ],
    [
      -2.937411717732645,
      3.006675033502613,
      2.175,
      0.0,
      1
    ],
    [
      -2.9761060311894476,
      2.956516478229543,
      2.175,
      0.0,
      1
    ],
    [
      -2.926720185043384,
      3.030656547857885,
      2.175,
      0.0,
      1
    ],
    [
      -3.032436848484545,
      3.0160779517900984,
      2.175,
      0.0,
      2
    ]
  ],
  "adjacency_matrix": [
    [
      0,
      1,
      0,
      0,
      0,
      0,
      0,
      0
    ],
    [
      1,
      0,
      1,
      0,
      0,
      0,
      0,
      0
    ],
    [
      0,
      1,
      0,
      1,
      0,
      0,
      0,
      0
    ],
    [
      0,
      0,
      1,
      0,
      1,
      0,
      0,
      0
    ],
    [
      0,
      0,
      0,
      1,
      0,
      1,
      0,
      0
    ],
    [
      0,
      0,
      0,
      0,
      1,
      0,
      1,
      0
    ],
    [
      0,
      0,
      0,
      0,
      0,
      1,
      0,
      1
    ],
    [
      0,
      0,
      0,
      0,
      0,
      0,
      1,
      0
    ]
  ],
  "dh_parameters": [
    [
      0.0,
      0.3427124472659595,
      0.0,
      1.5707963267948966
    ],
    [
      0.0,
      0.0,
      0.0,
      -1.5707963267948966
    ],
    [
      0.0,
      0.3283577848464365,
      0.0,
      1.5707963267948966
    ],
    [
      0.08217191283339643,
      0.0,
      0.0,
      1.5707963267948966
    ],
    [
      -0.08715185983481395,
      0.4056522930493158,
      0.0,
      -1.5707963267948966
    ],
    [
      0.0,
      0.0,
      0.0,
      1.5707963267948966
    ],
    [
      0.08453507779108563,
      0.10278696958688821,
      0.0,
      0.0
    ]
  ],
  "morphology_type": "link_scaling"
}