{
  "num_nodes": 8,
  "node_features": [
    [
      0.0,
      0.0,
      0.0,
      0.0,
      0
    ],
    [
      -3.005085196924115,
      3.051800326894194,
      2.175,
      0.0,
      1
    ],
    [
      -2.9317369417730195,
      2.9648098440750608,
      2.175,
      0.0,
      1
    ],
    [
      -2.9027037639346887,
      2.942610053707817,
      2.175,
      0.0,
      1
    ],
    [
      -3.0693775231750915,
      2.9537128943072872,
      2.175,
      0.0,
      1
    ],
    [
      -2.975957771468852,
      3.017679313926754,
      2.175,
      0.0,
      1
    ],
    [
      -3.0421198416453166,
      2.9302859983071006,
      2.175,
      0.0,
      1
    ],
    [
      -2.995420012842457,
      2.9990856840247324,
      2.175,
      0.0,
      2
    ]
  ],
  "adjacency_matrix": [
    [
      0,
      1,
      0,
      0,
      0,
      0,
      0,
      0
    ],
    [
      1,
      0,
      1,
      0,
      0,
      0,
      0,
      0
    ],
    [
      0,
      1,
      0,
      1,
      0,
      0,
      0,
      0
    ],
    [
      0,
      0,
      1,
      0,
      1,
      0,
      0,
      0
    ],
    [
      0,
      0,
      0,
      1,
      0,
      1,
      0,
      0
    ],
    [
      0,
      0,
      0,
      0,
      1,
      0,
      1,
      0
    ],
    [
      0,
      0,
      0,
      0,
      0,
      1,
      0,
      1
    ],
    [
      0,
      0,
      0,
      0,
      0,
      0,
      1,
      0
    ]
  ],
  "dh_parameters": [
    [
      0.0,
      0.35817475828786693,
      0.0,
      1.5707963267948966
    ],
    [
      0.0,
      0.0,
      0.0,
      -1.5707963267948966
    ],
    [
      0.0,
      0.3184370179625691,
      0.0,
      1.5707963267948966
    ],
    [
      0.07653757812753667,
      0.0,
      0.0,
      1.5707963267948966
    ],
    [
      -0.08036631313057636,
      0.3740686574805009,
      0.0,
      -1.5707963267948966
    ],
    [
      0.0,
      0.0,
      0.0,
      1.5707963267948966
    ],
    [
      0.08872179812674864,
      0.10787764090411482,
      0.0,
      0.0
    ]
  ],
  "morphology_type": "link_scaling"
}