{
  "num_nodes": 8,
  "node_features": [
    [
      0.0,
      0.0,
      0.0,
      0.0,
      0
    ],
    [
      -3.069871683741639,
      3.044845355025037,
      2.175,
      0.0,
      1
    ],
    [
      -3.047478258019995,
      2.9310226751518402,
      2.175,
      0.0,
      1
    ],
    [
      -2.9196362203819586,
      3.050914936863495,
      2.175,
      0.0,
      1
    ],
    [
      -2.9353635834093845,
      2.960786349800857,
      2.175,
      0.0,
      1
    ],
    [
      -2.9207511899699603,
      2.91160111181894,
      2.175,
      0.0,
      1
    ],
    [
      -3.022064440987829,
      3.0372092194175067,
      2.175,
      0.0,
      1
    ],
    [
      -3.0069085765658956,
      2.9660833762294323,
      2.175,
      0.0,
      2
    ]
  ],
  "adjacency_matrix": [
    [
      0,
      1,
      0,
      0,
      0,
      0,
      0,
      0
    ],
    [
      1,
      0,
      1,
      0,
      0,
      0,
      0,
      0
    ],
    [
      0,
      1,
      0,
      1,
      0,
      0,
      0,
      0
    ],
    [
      0,
      0,
      1,
      0,
      1,
      0,
      0,
      0
    ],
    [
      0,
      0,
      0,
      1,
      0,
      1,
      0,
      0
    ],
    [
      0,
      0,
      0,
      0,
      1,
      0,
      1,
      0
    ],
    [
      0,
      0,
      0,
      0,
      0,
      1,
      0,
      1
    ],
    [
      0,
      0,
      0,
      0,
      0,
      0,
      1,
      0
    ]
  ],
  "dh_parameters": [
    [
      0.0,
      0.30026691308336845,
      0.0,
      1.5707963267948966
    ],
    [
      0.0,
      0.0,
      0.0,
      -1.5707963267948966
    ],
    [
      0.0,
      0.2844537418697121,
      0.0,
      1.5707963267948966
    ],
    [
      0.07848035986212541,
      0.0,
      0.0,
      1.5707963267948966
    ],
    [
      -0.07606702093741753,
      0.3540574065450707,
      0.0,
      -1.5707963267948966
    ],
    [
      0.0,
      0.0,
      0.0,
      1.5707963267948966
    ],
    [
      0.09115024452190114,
      0.11083041095276616,
      0.0,
      0.0
    ]
  ],
  "morphology_type": "link_scaling"
}