{
  "num_nodes": 8,
  "node_features": [
    [
      0.0,
      0.0,
      0.0,
      0.0,
      0
    ],
    [
      -2.989038977721793,
      2.9091440613130355,
      2.175,
      0.0,
      1
    ],
    [
      -2.962991249807605,
      2.9809245295670697,
      2.175,
      0.0,
      1
    ],
    [
      -2.922416993591068,
      2.962092128899424,
      2.175,
      0.0,
      1
    ],
    [
      -3.0295503424413717,
      2.978426935090841,
      2.175,
      0.0,
      1
    ],
    [
      -2.9421578960707344,
      3.0155214796286396,
      2.175,
      0.0,
      1
    ],
    [
      -3.0327969901618697,
      2.9488175184827585,
      2.175,
      0.0,
      1
    ],
    [
      -2.917906909683901,
      2.9475328351704033,
      2.175,
      0.0,
      2
    ]
  ],
  "adjacency_matrix": [
    [
      0,
      1,
      0,
      0,
      0,
      0,
      0,
      0
    ],
    [
      1,
      0,
      1,
      0,
      0,
      0,
      0,
      0
    ],
    [
      0,
      1,
      0,
      1,
      0,
      0,
      0,
      0
    ],
    [
      0,
      0,
      1,
      0,
      1,
      0,
      0,
      0
    ],
    [
      0,
      0,
      0,
      1,
      0,
      1,
      0,
      0
    ],
    [
      0,
      0,
      0,
      0,
      1,
      0,
      1,
      0
    ],
    [
      0,
      0,
      0,
      0,
      0,
      1,
      0,
      1
    ],
    [
      0,
      0,
      0,
      0,
      0,
      0,
      1,
      0
    ]
  ],
  "dh_parameters": [
    [
      0.0,
      0.3003545393227406,
      0.0,
      1.5707963267948966
    ],
    [
      0.0,
      0.0,
      0.0,
      -1.5707963267948966
    ],
    [
      0.0,
      0.3268935879034432,
      0.0,
      1.5707963267948966
    ],
    [
      0.07577544814674336,
      0.0,
      0.0,
      1.5707963267948966
    ],
    [
      -0.07690815193527882,
      0.3579724890078432,
      0.0,
      -1.5707963267948966
    ],
    [
      0.0,
      0.0,
      0.0,
      1.5707963267948966
    ],
    [
      0.094682746494983,
      0.11512561221549068,
      0.0,
      0.0
    ]
  ],
  "morphology_type": "link_scaling"
}