{
  "num_nodes": 8,
  "node_features": [
    [
      0.0,
      0.0,
      0.0,
      0.0,
      0
    ],
    [
      -2.9756128749407087,
      2.9923837383818586,
      2.175,
      0.0,
      1
    ],
    [
      -2.9440702119807693,
      2.94160256266332,
      2.175,
      0.0,
      1
    ],
    [
      -2.9536908500662973,
      2.9688076279391113,
      2.175,
      0.0,
      1
    ],
    [
      -3.002879714229587,
      3.005710713991171,
      2.175,
      0.0,
      1
    ],
    [
      -3.017792807618508,
      3.0411219096719875,
      2.175,
      0.0,
      1
    ],
    [
      -2.939697801347193,
      2.9138299802881975,
      2.175,
      0.0,
      1
    ],
    [
      -2.9361058190709555,
      2.934041473119785,
      2.175,
      0.0,
      2
    ]
  ],
  "adjacency_matrix": [
    [
      0,
      1,
      0,
      0,
      0,
      0,
      0,
      0
    ],
    [
      1,
      0,
      1,
      0,
      0,
      0,
      0,
      0
    ],
    [
      0,
      1,
      0,
      1,
      0,
      0,
      0,
      0
    ],
    [
      0,
      0,
      1,
      0,
      1,
      0,
      0,
      0
    ],
    [
      0,
      0,
      0,
      1,
      0,
      1,
      0,
      0
    ],
    [
      0,
      0,
      0,
      0,
      1,
      0,
      1,
      0
    ],
    [
      0,
      0,
      0,
      0,
      0,
      1,
      0,
      1
    ],
    [
      0,
      0,
      0,
      0,
      0,
      0,
      1,
      0
    ]
  ],
  "dh_parameters": [
    [
      0.0,
      0.3370993315852824,
      0.0,
      1.5707963267948966
    ],
    [
      0.0,
      0.0,
      0.0,
      -1.5707963267948966
    ],
    [
      0.0,
      0.33674369888516237,
      0.0,
      1.5707963267948966
    ],
    [
      0.08600205031678153,
      0.0,
      0.0,
      1.5707963267948966
    ],
    [
      -0.0873406561603144,
      0.40653105412800883,
      0.0,
      -1.5707963267948966
    ],
    [
      0.0,
      0.0,
      0.0,
      1.5707963267948966
    ],
    [
      0.08392329079264074,
      0.1020430922137791,
      0.0,
      0.0
    ]
  ],
  "morphology_type": "link_scaling"
}