{
  "num_nodes": 8,
  "node_features": [
    [
      0.0,
      0.0,
      0.0,
      0.0,
      0
    ],
    [
      -2.925342780565099,
      2.9505320158213455,
      2.175,
      0.0,
      1
    ],
    [
      -3.04656345976943,
      3.0542029605151395,
      2.175,
      0.0,
      1
    ],
    [
      -2.97347601206603,
      2.9092256497644886,
      2.175,
      0.0,
      1
    ],
    [
      -2.96678666374845,
      2.9925841193291163,
      2.175,
      0.0,
      1
    ],
    [
      -3.0202069420148994,
      2.9937342039554253,
      2.175,
      0.0,
      1
    ],
    [
      -3.030982488871365,
      3.038960381691355,
      2.175,
      0.0,
      1
    ],
    [
      -2.962635711806417,
      2.954897739487442,
      2.175,
      0.0,
      2
    ]
  ],
  "adjacency_matrix": [
    [
      0,
      1,
      0,
      0,
      0,
      0,
      0,
      0
    ],
    [
      1,
      0,
      1,
      0,
      0,
      0,
      0,
      0
    ],
    [
      0,
      1,
      0,
      1,
      0,
      0,
      0,
      0
    ],
    [
      0,
      0,
      1,
      0,
      1,
      0,
      0,
      0
    ],
    [
      0,
      0,
      0,
      1,
      0,
      1,
      0,
      0
    ],
    [
      0,
      0,
      0,
      0,
      1,
      0,
      1,
      0
    ],
    [
      0,
      0,
      0,
      0,
      0,
      1,
      0,
      1
    ],
    [
      0,
      0,
      0,
      0,
      0,
      0,
      1,
      0
    ]
  ],
  "dh_parameters": [
    [
      0.0,
      0.30797987161999374,
      0.0,
      1.5707963267948966
    ],
    [
      0.0,
      0.0,
      0.0,
      -1.5707963267948966
    ],
    [
      0.0,
      0.33488627452402153,
      0.0,
      1.5707963267948966
    ],
    [
      0.08057788788773726,
      0.0,
      0.0,
      1.5707963267948966
    ],
    [
      -0.09031252512143387,
      0.42036375329249215,
      0.0,
      -1.5707963267948966
    ],
    [
      0.0,
      0.0,
      0.0,
      1.5707963267948966
    ],
    [
      0.08065135080864358,
      0.098064710642328,
      0.0,
      0.0
    ]
  ],
  "morphology_type": "link_scaling"
}