{
  "num_nodes": 8,
  "node_features": [
    [
      0.0,
      0.0,
      0.0,
      0.0,
      0
    ],
    [
      -2.9133412178666758,
      2.9700777569662664,
      2.175,
      0.0,
      1
    ],
    [
      -3.015332912634437,
      3.013132131360811,
      2.175,
      0.0,
      1
    ],
    [
      -2.925085590804873,
      2.9704038197995235,
      2.175,
      0.0,
      1
    ],
    [
      -3.0180012246678154,
      2.9225450321405617,
      2.175,
      0.0,
      1
    ],
    [
      -2.938631144796743,
      2.9431878102372715,
      2.175,
      0.0,
      1
    ],
    [
      -3.0517636813493483,
      3.0465061437491294,
      2.175,
      0.0,
      1
    ],
    [
      -2.963008935859467,
      2.9311701740754583,
      2.175,
      0.0,
      2
    ]
  ],
  "adjacency_matrix": [
    [
      0,
      1,
      0,
      0,
      0,
      0,
      0,
      0
    ],
    [
      1,
      0,
      1,
      0,
      0,
      0,
      0,
      0
    ],
    [
      0,
      1,
      0,
      1,
      0,
      0,
      0,
      0
    ],
    [
      0,
      0,
      1,
      0,
      1,
      0,
      0,
      0
    ],
    [
      0,
      0,
      0,
      1,
      0,
      1,
      0,
      0
    ],
    [
      0,
      0,
      0,
      0,
      1,
      0,
      1,
      0
    ],
    [
      0,
      0,
      0,
      0,
      0,
      1,
      0,
      1
    ],
    [
      0,
      0,
      0,
      0,
      0,
      0,
      1,
      0
    ]
  ],
  "dh_parameters": [
    [
      0.0,
      0.3173358509902757,
      0.0,
      1.5707963267948966
    ],
    [
      0.0,
      0.0,
      0.0,
      -1.5707963267948966
    ],
    [
      0.0,
      0.3086632201064494,
      0.0,
      1.5707963267948966
    ],
    [
      0.07882130454962848,
      0.0,
      0.0,
      1.5707963267948966
    ],
    [
      -0.08721965753969238,
      0.40596786054838635,
      0.0,
      -1.5707963267948966
    ],
    [
      0.0,
      0.0,
      0.0,
      1.5707963267948966
    ],
    [
      0.09406713772270091,
      0.11437708791282951,
      0.0,
      0.0
    ]
  ],
  "morphology_type": "link_scaling"
}