{
  "num_nodes": 8,
  "node_features": [
    [
      0.0,
      0.0,
      0.0,
      0.0,
      0
    ],
    [
      -2.9632716336969294,
      2.943434364827144,
      2.175,
      0.0,
      1
    ],
    [
      -3.0573886733477336,
      2.9337345649663806,
      2.175,
      0.0,
      1
    ],
    [
      -2.971222562976984,
      3.030475549369637,
      2.175,
      0.0,
      1
    ],
    [
      -2.9848506175554177,
      3.0543142394391416,
      2.175,
      0.0,
      1
    ],
    [
      -2.957094082664659,
      2.987746171603329,
      2.175,
      0.0,
      1
    ],
    [
      -2.937999947247712,
      2.954630069528514,
      2.175,
      0.0,
      1
    ],
    [
      -2.9225027348500348,
      2.9261230496055517,
      2.175,
      0.0,
      2
    ]
  ],
  "adjacency_matrix": [
    [
      0,
      1,
      0,
      0,
      0,
      0,
      0,
      0
    ],
    [
      1,
      0,
      1,
      0,
      0,
      0,
      0,
      0
    ],
    [
      0,
      1,
      0,
      1,
      0,
      0,
      0,
      0
    ],
    [
      0,
      0,
      1,
      0,
      1,
      0,
      0,
      0
    ],
    [
      0,
      0,
      0,
      1,
      0,
      1,
      0,
      0
    ],
    [
      0,
      0,
      0,
      0,
      1,
      0,
      1,
      0
    ],
    [
      0,
      0,
      0,
      0,
      0,
      1,
      0,
      1
    ],
    [
      0,
      0,
      0,
      0,
      0,
      0,
      1,
      0
    ]
  ],
  "dh_parameters": [
    [
      0.0,
      0.3495457801571203,
      0.0,
      1.5707963267948966
    ],
    [
      0.0,
      0.0,
      0.0,
      -1.5707963267948966
    ],
    [
      0.0,
      0.3300010487503589,
      0.0,
      1.5707963267948966
    ],
    [
      0.0756620552339877,
      0.0,
      0.0,
      1.5707963267948966
    ],
    [
      -0.08652306219955333,
      0.40272552587428456,
      0.0,
      -1.5707963267948966
    ],
    [
      0.0,
      0.0,
      0.0,
      1.5707963267948966
    ],
    [
      0.09526281345281684,
      0.11583092090285685,
      0.0,
      0.0
    ]
  ],
  "morphology_type": "link_scaling"
}