{
  "num_nodes": 8,
  "node_features": [
    [
      0.0,
      0.0,
      0.0,
      0.0,
      0
    ],
    [
      -2.9513970870650574,
      2.9755944172273807,
      2.175,
      0.0,
      1
    ],
    [
      -3.0371214521040604,
      2.9049592324323457,
      2.175,
      0.0,
      1
    ],
    [
      -3.0294752149535245,
      3.0167381346507174,
      2.175,
      0.0,
      1
    ],
    [
      -3.0415306770366466,
      3.045535568896238,
      2.175,
      0.0,
      1
    ],
    [
      -3.0012898084317263,
      3.0294962324566503,
      2.175,
      0.0,
      1
    ],
    [
      -3.051542835653101,
      3.0457065009518307,
      2.175,
      0.0,
      1
    ],
    [
      -3.065811459706306,
      2.981093373700494,
      2.175,
      0.0,
      2
    ]
  ],
  "adjacency_matrix": [
    [
      0,
      1,
      0,
      0,
      0,
      0,
      0,
      0
    ],
    [
      1,
      0,
      1,
      0,
      0,
      0,
      0,
      0
    ],
    [
      0,
      1,
      0,
      1,
      0,
      0,
      0,
      0
    ],
    [
      0,
      0,
      1,
      0,
      1,
      0,
      0,
      0
    ],
    [
      0,
      0,
      0,
      1,
      0,
      1,
      0,
      0
    ],
    [
      0,
      0,
      0,
      0,
      1,
      0,
      1,
      0
    ],
    [
      0,
      0,
      0,
      0,
      0,
      1,
      0,
      1
    ],
    [
      0,
      0,
      0,
      0,
      0,
      0,
      1,
      0
    ]
  ],
  "dh_parameters": [
    [
      0.0,
      0.34473941215157905,
      0.0,
      1.5707963267948966
    ],
    [
      0.0,
      0.0,
      0.0,
      -1.5707963267948966
    ],
    [
      0.0,
      0.3219857939127875,
      0.0,
      1.5707963267948966
    ],
    [
      0.08410461299704965,
      0.0,
      0.0,
      1.5707963267948966
    ],
    [
      -0.08745303369875639,
      0.40705412048875694,
      0.0,
      -1.5707963267948966
    ],
    [
      0.0,
      0.0,
      0.0,
      1.5707963267948966
    ],
    [
      0.09615464209883487,
      0.11691530346108331,
      0.0,
      0.0
    ]
  ],
  "morphology_type": "link_scaling"
}