{
  "num_nodes": 8,
  "node_features": [
    [
      0.0,
      0.0,
      0.0,
      0.0,
      0
    ],
    [
      -3.0679280729456146,
      3.0662295185217388,
      2.175,
      0.0,
      1
    ],
    [
      -2.9930947161968926,
      2.987490241952432,
      2.175,
      0.0,
      1
    ],
    [
      -2.9034874172083893,
      2.997353031831606,
      2.175,
      0.0,
      1
    ],
    [
      -2.913079343468977,
      2.995338984031688,
      2.175,
      0.0,
      1
    ],
    [
      -2.980026361450303,
      2.9712687331878533,
      2.175,
      0.0,
      1
    ],
    [
      -3.0022328667363176,
      2.9689380843368847,
      2.175,
      0.0,
      1
    ],
    [
      -3.013321017155037,
      2.9217200728951074,
      2.175,
      0.0,
      2
    ]
  ],
  "adjacency_matrix": [
    [
      0,
      1,
      0,
      0,
      0,
      0,
      0,
      0
    ],
    [
      1,
      0,
      1,
      0,
      0,
      0,
      0,
      0
    ],
    [
      0,
      1,
      0,
      1,
      0,
      0,
      0,
      0
    ],
    [
      0,
      0,
      1,
      0,
      1,
      0,
      0,
      0
    ],
    [
      0,
      0,
      0,
      1,
      0,
      1,
      0,
      0
    ],
    [
      0,
      0,
      0,
      0,
      1,
      0,
      1,
      0
    ],
    [
      0,
      0,
      0,
      0,
      0,
      1,
      0,
      1
    ],
    [
      0,
      0,
      0,
      0,
      0,
      0,
      1,
      0
    ]
  ],
  "dh_parameters": [
    [
      0.0,
      0.3203922828481827,
      0.0,
      1.5707963267948966
    ],
    [
      0.0,
      0.0,
      0.0,
      -1.5707963267948966
    ],
    [
      0.0,
      0.2963867178802911,
      0.0,
      1.5707963267948966
    ],
    [
      0.07615014688630257,
      0.0,
      0.0,
      1.5707963267948966
    ],
    [
      -0.07479057683835473,
      0.34811613946579656,
      0.0,
      -1.5707963267948966
    ],
    [
      0.0,
      0.0,
      0.0,
      1.5707963267948966
    ],
    [
      0.08462577149486165,
      0.1028972448857977,
      0.0,
      0.0
    ]
  ],
  "morphology_type": "link_scaling"
}