{
  "num_nodes": 8,
  "node_features": [
    [
      0.0,
      0.0,
      0.0,
      0.0,
      0
    ],
    [
      -3.045706885751177,
      3.010726942471853,
      2.175,
      0.0,
      1
    ],
    [
      -3.0455836714856095,
      2.9718750662348072,
      2.175,
      0.0,
      1
    ],
    [
      -3.0354075643030956,
      2.968158637204252,
      2.175,
      0.0,
      1
    ],
    [
      -2.9325742696291175,
      2.937895593453436,
      2.175,
      0.0,
      1
    ],
    [
      -3.0255012404273227,
      2.973481617894725,
      2.175,
      0.0,
      1
    ],
    [
      -2.9300274986631463,
      3.0541706099730916,
      2.175,
      0.0,
      1
    ],
    [
      -2.9709788876039114,
      2.9041144224889512,
      2.175,
      0.0,
      2
    ]
  ],
  "adjacency_matrix": [
    [
      0,
      1,
      0,
      0,
      0,
      0,
      0,
      0
    ],
    [
      1,
      0,
      1,
      0,
      0,
      0,
      0,
      0
    ],
    [
      0,
      1,
      0,
      1,
      0,
      0,
      0,
      0
    ],
    [
      0,
      0,
      1,
      0,
      1,
      0,
      0,
      0
    ],
    [
      0,
      0,
      0,
      1,
      0,
      1,
      0,
      0
    ],
    [
      0,
      0,
      0,
      0,
      1,
      0,
      1,
      0
    ],
    [
      0,
      0,
      0,
      0,
      0,
      1,
      0,
      1
    ],
    [
      0,
      0,
      0,
      0,
      0,
      0,
      1,
      0
    ]
  ],
  "dh_parameters": [
    [
      0.0,
      0.3330771240005293,
      0.0,
      1.5707963267948966
    ],
    [
      0.0,
      0.0,
      0.0,
      -1.5707963267948966
    ],
    [
      0.0,
      0.2947601275275259,
      0.0,
      1.5707963267948966
    ],
    [
      0.08996623905529312,
      0.0,
      0.0,
      1.5707963267948966
    ],
    [
      -0.0819920822043454,
      0.38163587353295314,
      0.0,
      -1.5707963267948966
    ],
    [
      0.0,
      0.0,
      0.0,
      1.5707963267948966
    ],
    [
      0.09060732816870803,
      0.11017027402331545,
      0.0,
      0.0
    ]
  ],
  "morphology_type": "link_scaling"
}