{
  "num_nodes": 8,
  "node_features": [
    [
      0.0,
      0.0,
      0.0,
      0.0,
      0
    ],
    [
      -2.9092809562920015,
      3.060910179733784,
      2.175,
      0.0,
      1
    ],
    [
      -2.917505958880028,
      2.919338028310194,
      2.175,
      0.0,
      1
    ],
    [
      -2.932183953223623,
      3.019919339688908,
      2.175,
      0.0,
      1
    ],
    [
      -3.023694081089192,
      3.0445285379272344,
      2.175,
      0.0,
      1
    ],
    [
      -2.9342207095306763,
      3.0634298094400507,
      2.175,
      0.0,
      1
    ],
    [
      -3.053736482011223,
      3.056159243844406,
      2.175,
      0.0,
      1
    ],
    [
      -3.0029888851638384,
      3.016178287010037,
      2.175,
      0.0,
      2
    ]
  ],
  "adjacency_matrix": [
    [
      0,
      1,
      0,
      0,
      0,
      0,
      0,
      0
    ],
    [
      1,
      0,
      1,
      0,
      0,
      0,
      0,
      0
    ],
    [
      0,
      1,
      0,
      1,
      0,
      0,
      0,
      0
    ],
    [
      0,
      0,
      1,
      0,
      1,
      0,
      0,
      0
    ],
    [
      0,
      0,
      0,
      1,
      0,
      1,
      0,
      0
    ],
    [
      0,
      0,
      0,
      0,
      1,
      0,
      1,
      0
    ],
    [
      0,
      0,
      0,
      0,
      0,
      1,
      0,
      1
    ],
    [
      0,
      0,
      0,
      0,
      0,
      0,
      1,
      0
    ]
  ],
  "dh_parameters": [
    [
      0.0,
      0.31898825415668514,
      0.0,
      1.5707963267948966
    ],
    [
      0.0,
      0.0,
      0.0,
      -1.5707963267948966
    ],
    [
      0.0,
      0.33168585080745977,
      0.0,
      1.5707963267948966
    ],
    [
      0.07465502312969713,
      0.0,
      0.0,
      1.5707963267948966
    ],
    [
      -0.08401567823883783,
      0.3910547932571361,
      0.0,
      -1.5707963267948966
    ],
    [
      0.0,
      0.0,
      0.0,
      1.5707963267948966
    ],
    [
      0.08066108179514225,
      0.09807654263727525,
      0.0,
      0.0
    ]
  ],
  "morphology_type": "link_scaling"
}