{
  "num_nodes": 8,
  "node_features": [
    [
      0.0,
      0.0,
      0.0,
      0.0,
      0
    ],
    [
      -2.9237073698379787,
      3.04854998597227,
      2.175,
      0.0,
      1
    ],
    [
      -3.010523409873944,
      2.998598858568697,
      2.175,
      0.0,
      1
    ],
    [
      -2.9420684752412956,
      2.928365942158075,
      2.175,
      0.0,
      1
    ],
    [
      -2.9189489066014698,
      2.930422328674129,
      2.175,
      0.0,
      1
    ],
    [
      -3.068510439276446,
      2.995878995626204,
      2.175,
      0.0,
      1
    ],
    [
      -2.955252613051133,
      2.96979747687881,
      2.175,
      0.0,
      1
    ],
    [
      -2.9972106930027733,
      3.0421711049047517,
      2.175,
      0.0,
      2
    ]
  ],
  "adjacency_matrix": [
    [
      0,
      1,
      0,
      0,
      0,
      0,
      0,
      0
    ],
    [
      1,
      0,
      1,
      0,
      0,
      0,
      0,
      0
    ],
    [
      0,
      1,
      0,
      1,
      0,
      0,
      0,
      0
    ],
    [
      0,
      0,
      1,
      0,
      1,
      0,
      0,
      0
    ],
    [
      0,
      0,
      0,
      1,
      0,
      1,
      0,
      0
    ],
    [
      0,
      0,
      0,
      0,
      1,
      0,
      1,
      0
    ],
    [
      0,
      0,
      0,
      0,
      0,
      1,
      0,
      1
    ],
    [
      0,
      0,
      0,
      0,
      0,
      0,
      1,
      0
    ]
  ],
  "dh_parameters": [
    [
      0.0,
      0.33888982903004067,
      0.0,
      1.5707963267948966
    ],
    [
      0.0,
      0.0,
      0.0,
      -1.5707963267948966
    ],
    [
      0.0,
      0.3271133968494472,
      0.0,
      1.5707963267948966
    ],
    [
      0.08100631089261551,
      0.0,
      0.0,
      1.5707963267948966
    ],
    [
      -0.08794337182441636,
      0.4093364215827379,
      0.0,
      -1.5707963267948966
    ],
    [
      0.0,
      0.0,
      0.0,
      1.5707963267948966
    ],
    [
      0.09617181479215581,
      0.11693618389500764,
      0.0,
      0.0
    ]
  ],
  "morphology_type": "link_scaling"
}