{
  "num_nodes": 8,
  "node_features": [
    [
      0.0,
      0.0,
      0.0,
      0.0,
      0
    ],
    [
      -2.9490719073286553,
      3.0699977635762177,
      2.175,
      0.0,
      1
    ],
    [
      -2.9882832783018234,
      3.064808687333587,
      2.175,
      0.0,
      1
    ],
    [
      -2.9611723234072937,
      2.9077033600837265,
      2.175,
      0.0,
      1
    ],
    [
      -2.9395596947611398,
      2.9683328282429793,
      2.175,
      0.0,
      1
    ],
    [
      -3.0223247109618536,
      3.012672754078725,
      2.175,
      0.0,
      1
    ],
    [
      -2.911155556100444,
      2.9459588997311794,
      2.175,
      0.0,
      1
    ],
    [
      -2.9492351503080867,
      2.9726472861820397,
      2.175,
      0.0,
      2
    ]
  ],
  "adjacency_matrix": [
    [
      0,
      1,
      0,
      0,
      0,
      0,
      0,
      0
    ],
    [
      1,
      0,
      1,
      0,
      0,
      0,
      0,
      0
    ],
    [
      0,
      1,
      0,
      1,
      0,
      0,
      0,
      0
    ],
    [
      0,
      0,
      1,
      0,
      1,
      0,
      0,
      0
    ],
    [
      0,
      0,
      0,
      1,
      0,
      1,
      0,
      0
    ],
    [
      0,
      0,
      0,
      0,
      1,
      0,
      1,
      0
    ],
    [
      0,
      0,
      0,
      0,
      0,
      1,
      0,
      1
    ],
    [
      0,
      0,
      0,
      0,
      0,
      0,
      1,
      0
    ]
  ],
  "dh_parameters": [
    [
      0.0,
      0.32381039303328757,
      0.0,
      1.5707963267948966
    ],
    [
      0.0,
      0.0,
      0.0,
      -1.5707963267948966
    ],
    [
      0.0,
      0.321959294477056,
      0.0,
      1.5707963267948966
    ],
    [
      0.08748044003790058,
      0.0,
      0.0,
      1.5707963267948966
    ],
    [
      -0.08692875090260258,
      0.4046138223830229,
      0.0,
      -1.5707963267948966
    ],
    [
      0.0,
      0.0,
      0.0,
      1.5707963267948966
    ],
    [
      0.08827006703839127,
      0.10732837696713483,
      0.0,
      0.0
    ]
  ],
  "morphology_type": "link_scaling"
}