{
  "num_nodes": 8,
  "node_features": [
    [
      0.0,
      0.0,
      0.0,
      0.0,
      0
    ],
    [
      -3.0524674744928086,
      3.0646439430346293,
      2.175,
      0.0,
      1
    ],
    [
      -2.959157177273531,
      2.9924797770903315,
      2.175,
      0.0,
      1
    ],
    [
      -2.9196468522479,
      3.0169666895668126,
      2.175,
      0.0,
      1
    ],
    [
      -2.9070186414237664,
      2.9860859493411365,
      2.175,
      0.0,
      1
    ],
    [
      -3.006704347961566,
      3.0076019644937975,
      2.175,
      0.0,
      1
    ],
    [
      -2.981482304383227,
      3.0103205430252458,
      2.175,
      0.0,
      1
    ],
    [
      -3.0128509534764323,
      3.038780836940679,
      2.175,
      0.0,
      2
    ]
  ],
  "adjacency_matrix": [
    [
      0,
      1,
      0,
      0,
      0,
      0,
      0,
      0
    ],
    [
      1,
      0,
      1,
      0,
      0,
      0,
      0,
      0
    ],
    [
      0,
      1,
      0,
      1,
      0,
      0,
      0,
      0
    ],
    [
      0,
      0,
      1,
      0,
      1,
      0,
      0,
      0
    ],
    [
      0,
      0,
      0,
      1,
      0,
      1,
      0,
      0
    ],
    [
      0,
      0,
      0,
      0,
      1,
      0,
      1,
      0
    ],
    [
      0,
      0,
      0,
      0,
      0,
      1,
      0,
      1
    ],
    [
      0,
      0,
      0,
      0,
      0,
      0,
      1,
      0
    ]
  ],
  "dh_parameters": [
    [
      0.0,
      0.3119737374992874,
      0.0,
      1.5707963267948966
    ],
    [
      0.0,
      0.0,
      0.0,
      -1.5707963267948966
    ],
    [
      0.0,
      0.2997317417197903,
      0.0,
      1.5707963267948966
    ],
    [
      0.0872564875511688,
      0.0,
      0.0,
      1.5707963267948966
    ],
    [
      -0.07547304737601729,
      0.351292729604735,
      0.0,
      -1.5707963267948966
    ],
    [
      0.0,
      0.0,
      0.0,
      1.5707963267948966
    ],
    [
      0.08433010975923631,
      0.10253774709361689,
      0.0,
      0.0
    ]
  ],
  "morphology_type": "link_scaling"
}