{
  "num_nodes": 8,
  "node_features": [
    [
      0.0,
      0.0,
      0.0,
      0.0,
      0
    ],
    [
      -2.9620329448479072,
      2.9798238964120785,
      2.175,
      0.0,
      1
    ],
    [
      -2.943164646813075,
      2.916210304008254,
      2.175,
      0.0,
      1
    ],
    [
      -3.054779816787763,
      2.986607356824995,
      2.175,
      0.0,
      1
    ],
    [
      -3.0694801293887615,
      2.95641249502029,
      2.175,
      0.0,
      1
    ],
    [
      -2.967304773851793,
      2.916844274134411,
      2.175,
      0.0,
      1
    ],
    [
      -3.069567917542617,
      2.9663450141527754,
      2.175,
      0.0,
      1
    ],
    [
      -3.043752089316282,
      2.91770587261987,
      2.175,
      0.0,
      2
    ]
  ],
  "adjacency_matrix": [
    [
      0,
      1,
      0,
      0,
      0,
      0,
      0,
      0
    ],
    [
      1,
      0,
      1,
      0,
      0,
      0,
      0,
      0
    ],
    [
      0,
      1,
      0,
      1,
      0,
      0,
      0,
      0
    ],
    [
      0,
      0,
      1,
      0,
      1,
      0,
      0,
      0
    ],
    [
      0,
      0,
      0,
      1,
      0,
      1,
      0,
      0
    ],
    [
      0,
      0,
      0,
      0,
      1,
      0,
      1,
      0
    ],
    [
      0,
      0,
      0,
      0,
      0,
      1,
      0,
      1
    ],
    [
      0,
      0,
      0,
      0,
      0,
      0,
      1,
      0
    ]
  ],
  "dh_parameters": [
    [
      0.0,
      0.30180904175340606,
      0.0,
      1.5707963267948966
    ],
    [
      0.0,
      0.0,
      0.0,
      -1.5707963267948966
    ],
    [
      0.0,
      0.29712193152913946,
      0.0,
      1.5707963267948966
    ],
    [
      0.08731932767422489,
      0.0,
      0.0,
      1.5707963267948966
    ],
    [
      -0.07647587822654098,
      0.355960451381718,
      0.0,
      -1.5707963267948966
    ],
    [
      0.0,
      0.0,
      0.0,
      1.5707963267948966
    ],
    [
      0.08817162862081773,
      0.10720868480031247,
      0.0,
      0.0
    ]
  ],
  "morphology_type": "link_scaling"
}