{
  "num_nodes": 8,
  "node_features": [
    [
      0.0,
      0.0,
      0.0,
      0.0,
      0
    ],
    [
      -2.9065960740457246,
      2.9579359983743574,
      2.175,
      0.0,
      1
    ],
    [
      -2.981978541877248,
      2.9871885881889524,
      2.175,
      0.0,
      1
    ],
    [
      -3.0606658707515253,
      3.069724962571896,
      2.175,
      0.0,
      1
    ],
    [
      -3.029322786922837,
      2.9613341862593456,
      2.175,
      0.0,
      1
    ],
    [
      -2.941573743813963,
      3.0581443404179502,
      2.175,
      0.0,
      1
    ],
    [
      -2.951133378501281,
      2.9978673229637702,
      2.175,
      0.0,
      1
    ],
    [
      -2.9730993373019112,
      3.044564118088813,
      2.175,
      0.0,
      2
    ]
  ],
  "adjacency_matrix": [
    [
      0,
      1,
      0,
      0,
      0,
      0,
      0,
      0
    ],
    [
      1,
      0,
      1,
      0,
      0,
      0,
      0,
      0
    ],
    [
      0,
      1,
      0,
      1,
      0,
      0,
      0,
      0
    ],
    [
      0,
      0,
      1,
      0,
      1,
      0,
      0,
      0
    ],
    [
      0,
      0,
      0,
      1,
      0,
      1,
      0,
      0
    ],
    [
      0,
      0,
      0,
      0,
      1,
      0,
      1,
      0
    ],
    [
      0,
      0,
      0,
      0,
      0,
      1,
      0,
      1
    ],
    [
      0,
      0,
      0,
      0,
      0,
      0,
      1,
      0
    ]
  ],
  "dh_parameters": [
    [
      0.0,
      0.3101118955648602,
      0.0,
      1.5707963267948966
    ],
    [
      0.0,
      0.0,
      0.0,
      -1.5707963267948966
    ],
    [
      0.0,
      0.33029500766527276,
      0.0,
      1.5707963267948966
    ],
    [
      0.08086485113442345,
      0.0,
      0.0,
      1.5707963267948966
    ],
    [
      -0.08688297326175302,
      0.4044007482728868,
      0.0,
      -1.5707963267948966
    ],
    [
      0.0,
      0.0,
      0.0,
      1.5707963267948966
    ],
    [
      0.07926935601648291,
      0.09638433061095082,
      0.0,
      0.0
    ]
  ],
  "morphology_type": "link_scaling"
}