{
  "num_nodes": 8,
  "node_features": [
    [
      0.0,
      0.0,
      0.0,
      0.0,
      0
    ],
    [
      -2.903890724452304,
      2.9759499601905133,
      2.175,
      0.0,
      1
    ],
    [
      -3.058892643042258,
      2.961590880372236,
      2.175,
      0.0,
      1
    ],
    [
      -2.943425423155869,
      2.942234405612914,
      2.175,
      0.0,
      1
    ],
    [
      -3.053732099767649,
      3.018405728261856,
      2.175,
      0.0,
      1
    ],
    [
      -3.044422531385682,
      2.959813479935742,
      2.175,
      0.0,
      1
    ],
    [
      -3.051461058243363,
      2.997609890204684,
      2.175,
      0.0,
      1
    ],
    [
      -3.0469934218886037,
      2.953073771795659,
      2.175,
      0.0,
      2
    ]
  ],
  "adjacency_matrix": [
    [
      0,
      1,
      0,
      0,
      0,
      0,
      0,
      0
    ],
    [
      1,
      0,
      1,
      0,
      0,
      0,
      0,
      0
    ],
    [
      0,
      1,
      0,
      1,
      0,
      0,
      0,
      0
    ],
    [
      0,
      0,
      1,
      0,
      1,
      0,
      0,
      0
    ],
    [
      0,
      0,
      0,
      1,
      0,
      1,
      0,
      0
    ],
    [
      0,
      0,
      0,
      0,
      1,
      0,
      1,
      0
    ],
    [
      0,
      0,
      0,
      0,
      0,
      1,
      0,
      1
    ],
    [
      0,
      0,
      0,
      0,
      0,
      0,
      1,
      0
    ]
  ],
  "dh_parameters": [
    [
      0.0,
      0.33721226628186574,
      0.0,
      1.5707963267948966
    ],
    [
      0.0,
      0.0,
      0.0,
      -1.5707963267948966
    ],
    [
      0.0,
      0.3221031236128268,
      0.0,
      1.5707963267948966
    ],
    [
      0.0870822544544734,
      0.0,
      0.0,
      1.5707963267948966
    ],
    [
      -0.08943699933714494,
      0.4162885787328928,
      0.0,
      -1.5707963267948966
    ],
    [
      0.0,
      0.0,
      0.0,
      1.5707963267948966
    ],
    [
      0.08830885572496072,
      0.10737554048375907,
      0.0,
      0.0
    ]
  ],
  "morphology_type": "link_scaling"
}