{
  "num_nodes": 8,
  "node_features": [
    [
      0.0,
      0.0,
      0.0,
      0.0,
      0
    ],
    [
      -2.900896490392758,
      3.0483610469590365,
      2.175,
      0.0,
      1
    ],
    [
      -2.9801430489433356,
      2.9239428098626656,
      2.175,
      0.0,
      1
    ],
    [
      -2.9371428720495065,
      3.0236676494648984,
      2.175,
      0.0,
      1
    ],
    [
      -3.0554546124306374,
      2.985703205605049,
      2.175,
      0.0,
      1
    ],
    [
      -2.9883054889030647,
      2.9755630498259706,
      2.175,
      0.0,
      1
    ],
    [
      -3.0308555618458386,
      2.9746609037718126,
      2.175,
      0.0,
      1
    ],
    [
      -2.9757200788679756,
      3.0513140256395865,
      2.175,
      0.0,
      2
    ]
  ],
  "adjacency_matrix": [
    [
      0,
      1,
      0,
      0,
      0,
      0,
      0,
      0
    ],
    [
      1,
      0,
      1,
      0,
      0,
      0,
      0,
      0
    ],
    [
      0,
      1,
      0,
      1,
      0,
      0,
      0,
      0
    ],
    [
      0,
      0,
      1,
      0,
      1,
      0,
      0,
      0
    ],
    [
      0,
      0,
      0,
      1,
      0,
      1,
      0,
      0
    ],
    [
      0,
      0,
      0,
      0,
      1,
      0,
      1,
      0
    ],
    [
      0,
      0,
      0,
      0,
      0,
      1,
      0,
      1
    ],
    [
      0,
      0,
      0,
      0,
      0,
      0,
      1,
      0
    ]
  ],
  "dh_parameters": [
    [
      0.0,
      0.36326286559578624,
      0.0,
      1.5707963267948966
    ],
    [
      0.0,
      0.0,
      0.0,
      -1.5707963267948966
    ],
    [
      0.0,
      0.2933253688631462,
      0.0,
      1.5707963267948966
    ],
    [
      0.08714024377912263,
      0.0,
      0.0,
      1.5707963267948966
    ],
    [
      -0.0861688797455823,
      0.401076967543074,
      0.0,
      -1.5707963267948966
    ],
    [
      0.0,
      0.0,
      0.0,
      1.5707963267948966
    ],
    [
      0.09302161949158697,
      0.11310583279090689,
      0.0,
      0.0
    ]
  ],
  "morphology_type": "link_scaling"
}