{
  "num_nodes": 8,
  "node_features": [
    [
      0.0,
      0.0,
      0.0,
      0.0,
      0
    ],
    [
      -2.9199201658672314,
      2.9383022669528307,
      2.175,
      0.0,
      1
    ],
    [
      -2.9903777576650135,
      2.956942487960413,
      2.175,
      0.0,
      1
    ],
    [
      -3.0042463082267563,
      3.0298267348451016,
      2.175,
      0.0,
      1
    ],
    [
      -2.9731899689246717,
      2.9196769216815976,
      2.175,
      0.0,
      1
    ],
    [
      -2.930657414975554,
      2.9489263645238832,
      2.175,
      0.0,
      1
    ],
    [
      -3.0184366031802874,
      2.983037794380269,
      2.175,
      0.0,
      1
    ],
    [
      -2.954849986276546,
      3.013079047322312,
      2.175,
      0.0,
      2
    ]
  ],
  "adjacency_matrix": [
    [
      0,
      1,
      0,
      0,
      0,
      0,
      0,
      0
    ],
    [
      1,
      0,
      1,
      0,
      0,
      0,
      0,
      0
    ],
    [
      0,
      1,
      0,
      1,
      0,
      0,
      0,
      0
    ],
    [
      0,
      0,
      1,
      0,
      1,
      0,
      0,
      0
    ],
    [
      0,
      0,
      0,
      1,
      0,
      1,
      0,
      0
    ],
    [
      0,
      0,
      0,
      0,
      1,
      0,
      1,
      0
    ],
    [
      0,
      0,
      0,
      0,
      0,
      1,
      0,
      1
    ],
    [
      0,
      0,
      0,
      0,
      0,
      0,
      1,
      0
    ]
  ],
  "dh_parameters": [
    [
      0.0,
      0.3111190395002962,
      0.0,
      1.5707963267948966
    ],
    [
      0.0,
      0.0,
      0.0,
      -1.5707963267948966
    ],
    [
      0.0,
      0.3072147126419604,
      0.0,
      1.5707963267948966
    ],
    [
      0.08962695605156301,
      0.0,
      0.0,
      1.5707963267948966
    ],
    [
      -0.07882976769357875,
      0.36691673690102106,
      0.0,
      -1.5707963267948966
    ],
    [
      0.0,
      0.0,
      0.0,
      1.5707963267948966
    ],
    [
      0.0841805734968412,
      0.1023559245927501,
      0.0,
      0.0
    ]
  ],
  "morphology_type": "link_scaling"
}