{
  "num_nodes": 8,
  "node_features": [
    [
      0.0,
      0.0,
      0.0,
      0.0,
      0
    ],
    [
      -3.044620119048867,
      2.996369405453163,
      2.175,
      0.0,
      1
    ],
    [
      -3.057393388033479,
      3.0270641198361616,
      2.175,
      0.0,
      1
    ],
    [
      -2.990895064124131,
      2.938984734953452,
      2.175,
      0.0,
      1
    ],
    [
      -3.0444549647204595,
      2.9018692070402308,
      2.175,
      0.0,
      1
    ],
    [
      -3.0435572709006293,
      2.929016148794885,
      2.175,
      0.0,
      1
    ],
    [
      -3.066130494040988,
      2.9099980741343,
      2.175,
      0.0,
      1
    ],
    [
      -2.9858942907365207,
      2.9821246980177736,
      2.175,
      0.0,
      2
    ]
  ],
  "adjacency_matrix": [
    [
      0,
      1,
      0,
      0,
      0,
      0,
      0,
      0
    ],
    [
      1,
      0,
      1,
      0,
      0,
      0,
      0,
      0
    ],
    [
      0,
      1,
      0,
      1,
      0,
      0,
      0,
      0
    ],
    [
      0,
      0,
      1,
      0,
      1,
      0,
      0,
      0
    ],
    [
      0,
      0,
      0,
      1,
      0,
      1,
      0,
      0
    ],
    [
      0,
      0,
      0,
      0,
      1,
      0,
      1,
      0
    ],
    [
      0,
      0,
      0,
      0,
      0,
      1,
      0,
      1
    ],
    [
      0,
      0,
      0,
      0,
      0,
      0,
      1,
      0
    ]
  ],
  "dh_parameters": [
    [
      0.0,
      0.33492081905101495,
      0.0,
      1.5707963267948966
    ],
    [
      0.0,
      0.0,
      0.0,
      -1.5707963267948966
    ],
    [
      0.0,
      0.32194727703613435,
      0.0,
      1.5707963267948966
    ],
    [
      0.07925736837913541,
      0.0,
      0.0,
      1.5707963267948966
    ],
    [
      -0.08313938742393144,
      0.38697605782775363,
      0.0,
      -1.5707963267948966
    ],
    [
      0.0,
      0.0,
      0.0,
      1.5707963267948966
    ],
    [
      0.08863160137706581,
      0.10776796985620503,
      0.0,
      0.0
    ]
  ],
  "morphology_type": "link_scaling"
}