{
  "num_nodes": 8,
  "node_features": [
    [
      0.0,
      0.0,
      0.0,
      0.0,
      0
    ],
    [
      -3.0168853158942186,
      3.053591720292989,
      2.175,
      0.0,
      1
    ],
    [
      -3.0208099612869295,
      3.049223554465257,
      2.175,
      0.0,
      1
    ],
    [
      -2.9938463975919505,
      2.9230083015859676,
      2.175,
      0.0,
      1
    ],
    [
      -2.995567321805919,
      2.9843707898145357,
      2.175,
      0.0,
      1
    ],
    [
      -3.057242007581893,
      2.991841567477893,
      2.175,
      0.0,
      1
    ],
    [
      -2.9635736458177933,
      2.931607273147791,
      2.175,
      0.0,
      1
    ],
    [
      -3.0071205439140023,
      2.9255728309376923,
      2.175,
      0.0,
      2
    ]
  ],
  "adjacency_matrix": [
    [
      0,
      1,
      0,
      0,
      0,
      0,
      0,
      0
    ],
    [
      1,
      0,
      1,
      0,
      0,
      0,
      0,
      0
    ],
    [
      0,
      1,
      0,
      1,
      0,
      0,
      0,
      0
    ],
    [
      0,
      0,
      1,
      0,
      1,
      0,
      0,
      0
    ],
    [
      0,
      0,
      0,
      1,
      0,
      1,
      0,
      0
    ],
    [
      0,
      0,
      0,
      0,
      1,
      0,
      1,
      0
    ],
    [
      0,
      0,
      0,
      0,
      0,
      1,
      0,
      1
    ],
    [
      0,
      0,
      0,
      0,
      0,
      0,
      1,
      0
    ]
  ],
  "dh_parameters": [
    [
      0.0,
      0.339327158931808,
      0.0,
      1.5707963267948966
    ],
    [
      0.0,
      0.0,
      0.0,
      -1.5707963267948966
    ],
    [
      0.0,
      0.34507491639334076,
      0.0,
      1.5707963267948966
    ],
    [
      0.08726755866845708,
      0.0,
      0.0,
      1.5707963267948966
    ],
    [
      -0.07571833425443589,
      0.35243442852973794,
      0.0,
      -1.5707963267948966
    ],
    [
      0.0,
      0.0,
      0.0,
      1.5707963267948966
    ],
    [
      0.09537073807060766,
      0.11596214742676159,
      0.0,
      0.0
    ]
  ],
  "morphology_type": "link_scaling"
}