{
  "num_nodes": 8,
  "node_features": [
    [
      0.0,
      0.0,
      0.0,
      0.0,
      0
    ],
    [
      -3.010344341790397,
      2.9115221761035244,
      2.175,
      0.0,
      1
    ],
    [
      -3.054335069062002,
      2.9870386699138396,
      2.175,
      0.0,
      1
    ],
    [
      -2.932125409951355,
      2.9267350138916757,
      2.175,
      0.0,
      1
    ],
    [
      -2.9547231265130787,
      3.027499792077517,
      2.175,
      0.0,
      1
    ],
    [
      -2.9865824797887073,
      3.048289908753559,
      2.175,
      0.0,
      1
    ],
    [
      -2.9801174506683283,
      2.9096200721698824,
      2.175,
      0.0,
      1
    ],
    [
      -2.9623340924718966,
      3.0590170896737265,
      2.175,
      0.0,
      2
    ]
  ],
  "adjacency_matrix": [
    [
      0,
      1,
      0,
      0,
      0,
      0,
      0,
      0
    ],
    [
      1,
      0,
      1,
      0,
      0,
      0,
      0,
      0
    ],
    [
      0,
      1,
      0,
      1,
      0,
      0,
      0,
      0
    ],
    [
      0,
      0,
      1,
      0,
      1,
      0,
      0,
      0
    ],
    [
      0,
      0,
      0,
      1,
      0,
      1,
      0,
      0
    ],
    [
      0,
      0,
      0,
      0,
      1,
      0,
      1,
      0
    ],
    [
      0,
      0,
      0,
      0,
      0,
      1,
      0,
      1
    ],
    [
      0,
      0,
      0,
      0,
      0,
      0,
      1,
      0
    ]
  ],
  "dh_parameters": [
    [
      0.0,
      0.3356999517906993,
      0.0,
      1.5707963267948966
    ],
    [
      0.0,
      0.0,
      0.0,
      -1.5707963267948966
    ],
    [
      0.0,
      0.34499862247403695,
      0.0,
      1.5707963267948966
    ],
    [
      0.09065806333711299,
      0.0,
      0.0,
      1.5707963267948966
    ],
    [
      -0.08773815815424774,
      0.408381245227044,
      0.0,
      -1.5707963267948966
    ],
    [
      0.0,
      0.0,
      0.0,
      1.5707963267948966
    ],
    [
      0.08929751241573572,
      0.10857765714186048,
      0.0,
      0.0
    ]
  ],
  "morphology_type": "link_scaling"
}