{
  "num_nodes": 8,
  "node_features": [
    [
      0.0,
      0.0,
      0.0,
      0.0,
      0
    ],
    [
      -2.9923127712193573,
      2.98873726459046,
      2.175,
      0.0,
      1
    ],
    [
      -3.04332934474018,
      3.052960920692823,
      2.175,
      0.0,
      1
    ],
    [
      -2.93757957122672,
      2.9849167236739436,
      2.175,
      0.0,
      1
    ],
    [
      -2.919409832548078,
      2.97090921332887,
      2.175,
      0.0,
      1
    ],
    [
      -3.006832063231874,
      3.037303127243837,
      2.175,
      0.0,
      1
    ],
    [
      -2.917278801527872,
      2.9847534899604,
      2.175,
      0.0,
      1
    ],
    [
      -2.9199288572614304,
      2.9877114959856055,
      2.175,
      0.0,
      2
    ]
  ],
  "adjacency_matrix": [
    [
      0,
      1,
      0,
      0,
      0,
      0,
      0,
      0
    ],
    [
      1,
      0,
      1,
      0,
      0,
      0,
      0,
      0
    ],
    [
      0,
      1,
      0,
      1,
      0,
      0,
      0,
      0
    ],
    [
      0,
      0,
      1,
      0,
      1,
      0,
      0,
      0
    ],
    [
      0,
      0,
      0,
      1,
      0,
      1,
      0,
      0
    ],
    [
      0,
      0,
      0,
      0,
      1,
      0,
      1,
      0
    ],
    [
      0,
      0,
      0,
      0,
      0,
      1,
      0,
      1
    ],
    [
      0,
      0,
      0,
      0,
      0,
      0,
      1,
      0
    ]
  ],
  "dh_parameters": [
    [
      0.0,
      0.33133942083547,
      0.0,
      1.5707963267948966
    ],
    [
      0.0,
      0.0,
      0.0,
      -1.5707963267948966
    ],
    [
      0.0,
      0.3216489297027791,
      0.0,
      1.5707963267948966
    ],
    [
      0.0848114245100991,
      0.0,
      0.0,
      1.5707963267948966
    ],
    [
      -0.08839144327393313,
      0.4114219905113978,
      0.0,
      -1.5707963267948966
    ],
    [
      0.0,
      0.0,
      0.0,
      1.5707963267948966
    ],
    [
      0.0919642832501386,
      0.11182020804278217,
      0.0,
      0.0
    ]
  ],
  "morphology_type": "link_scaling"
}