{
  "num_nodes": 8,
  "node_features": [
    [
      0.0,
      0.0,
      0.0,
      0.0,
      0
    ],
    [
      -3.026713106445492,
      2.927247860955941,
      2.175,
      0.0,
      1
    ],
    [
      -3.0668653899897635,
      2.9896012103653247,
      2.175,
      0.0,
      1
    ],
    [
      -3.0113260839009115,
      2.98365694612234,
      2.175,
      0.0,
      1
    ],
    [
      -2.991741672581187,
      3.0542665132515174,
      2.175,
      0.0,
      1
    ],
    [
      -3.039043546188652,
      2.907763461573612,
      2.175,
      0.0,
      1
    ],
    [
      -2.9180244808026647,
      3.0456076499227485,
      2.175,
      0.0,
      1
    ],
    [
      -2.9652879875194778,
      2.9173816645707413,
      2.175,
      0.0,
      2
    ]
  ],
  "adjacency_matrix": [
    [
      0,
      1,
      0,
      0,
      0,
      0,
      0,
      0
    ],
    [
      1,
      0,
      1,
      0,
      0,
      0,
      0,
      0
    ],
    [
      0,
      1,
      0,
      1,
      0,
      0,
      0,
      0
    ],
    [
      0,
      0,
      1,
      0,
      1,
      0,
      0,
      0
    ],
    [
      0,
      0,
      0,
      1,
      0,
      1,
      0,
      0
    ],
    [
      0,
      0,
      0,
      0,
      1,
      0,
      1,
      0
    ],
    [
      0,
      0,
      0,
      0,
      0,
      1,
      0,
      1
    ],
    [
      0,
      0,
      0,
      0,
      0,
      0,
      1,
      0
    ]
  ],
  "dh_parameters": [
    [
      0.0,
      0.30978589100035114,
      0.0,
      1.5707963267948966
    ],
    [
      0.0,
      0.0,
      0.0,
      -1.5707963267948966
    ],
    [
      0.0,
      0.2879764337687203,
      0.0,
      1.5707963267948966
    ],
    [
      0.08872846348613965,
      0.0,
      0.0,
      1.5707963267948966
    ],
    [
      -0.08579023387156207,
      0.3993145431112707,
      0.0,
      -1.5707963267948966
    ],
    [
      0.0,
      0.0,
      0.0,
      1.5707963267948966
    ],
    [
      0.09163562698467596,
      0.11142059190182191,
      0.0,
      0.0
    ]
  ],
  "morphology_type": "link_scaling"
}