{
  "num_nodes": 8,
  "node_features": [
    [
      0.0,
      0.0,
      0.0,
      0.0,
      0
    ],
    [
      -3.013633895325693,
      2.982890523890655,
      2.175,
      0.0,
      1
    ],
    [
      -3.0164346679532046,
      2.9728743650120246,
      2.175,
      0.0,
      1
    ],
    [
      -2.936155502015773,
      3.0407168847397927,
      2.175,
      0.0,
      1
    ],
    [
      -2.941002861651256,
      2.9827087143934485,
      2.175,
      0.0,
      1
    ],
    [
      -3.044035060741389,
      2.9855799309494064,
      2.175,
      0.0,
      1
    ],
    [
      -3.0399587047093393,
      2.9647001553546226,
      2.175,
      0.0,
      1
    ],
    [
      -2.9241742418310324,
      3.0026556281785806,
      2.175,
      0.0,
      2
    ]
  ],
  "adjacency_matrix": [
    [
      0,
      1,
      0,
      0,
      0,
      0,
      0,
      0
    ],
    [
      1,
      0,
      1,
      0,
      0,
      0,
      0,
      0
    ],
    [
      0,
      1,
      0,
      1,
      0,
      0,
      0,
      0
    ],
    [
      0,
      0,
      1,
      0,
      1,
      0,
      0,
      0
    ],
    [
      0,
      0,
      0,
      1,
      0,
      1,
      0,
      0
    ],
    [
      0,
      0,
      0,
      0,
      1,
      0,
      1,
      0
    ],
    [
      0,
      0,
      0,
      0,
      0,
      1,
      0,
      1
    ],
    [
      0,
      0,
      0,
      0,
      0,
      0,
      1,
      0
    ]
  ],
  "dh_parameters": [
    [
      0.0,
      0.34434755800222366,
      0.0,
      1.5707963267948966
    ],
    [
      0.0,
      0.0,
      0.0,
      -1.5707963267948966
    ],
    [
      0.0,
      0.31946868095693326,
      0.0,
      1.5707963267948966
    ],
    [
      0.08367593113526967,
      0.0,
      0.0,
      1.5707963267948966
    ],
    [
      -0.0877416492078421,
      0.4083974944946832,
      0.0,
      -1.5707963267948966
    ],
    [
      0.0,
      0.0,
      0.0,
      1.5707963267948966
    ],
    [
      0.09224261443174989,
      0.1121586334567868,
      0.0,
      0.0
    ]
  ],
  "morphology_type": "link_scaling"
}