{
  "num_nodes": 8,
  "node_features": [
    [
      0.0,
      0.0,
      0.0,
      0.0,
      0
    ],
    [
      -2.9838018717212433,
      3.0320170100777846,
      2.175,
      0.0,
      1
    ],
    [
      -2.9822949716526854,
      2.913181454932805,
      2.175,
      0.0,
      1
    ],
    [
      -3.0000101228649667,
      2.985139941797355,
      2.175,
      0.0,
      1
    ],
    [
      -2.9165235049871083,
      2.9598197514532765,
      2.175,
      0.0,
      1
    ],
    [
      -2.9202432067371245,
      2.9044997630261125,
      2.175,
      0.0,
      1
    ],
    [
      -2.9298339466202914,
      2.9370514997459134,
      2.175,
      0.0,
      1
    ],
    [
      -2.994485031078456,
      2.969050205341501,
      2.175,
      0.0,
      2
    ]
  ],
  "adjacency_matrix": [
    [
      0,
      1,
      0,
      0,
      0,
      0,
      0,
      0
    ],
    [
      1,
      0,
      1,
      0,
      0,
      0,
      0,
      0
    ],
    [
      0,
      1,
      0,
      1,
      0,
      0,
      0,
      0
    ],
    [
      0,
      0,
      1,
      0,
      1,
      0,
      0,
      0
    ],
    [
      0,
      0,
      0,
      1,
      0,
      1,
      0,
      0
    ],
    [
      0,
      0,
      0,
      0,
      1,
      0,
      1,
      0
    ],
    [
      0,
      0,
      0,
      0,
      0,
      1,
      0,
      1
    ],
    [
      0,
      0,
      0,
      0,
      0,
      0,
      1,
      0
    ]
  ],
  "dh_parameters": [
    [
      0.0,
      0.35033137729773095,
      0.0,
      1.5707963267948966
    ],
    [
      0.0,
      0.0,
      0.0,
      -1.5707963267948966
    ],
    [
      0.0,
      0.3185058769713364,
      0.0,
      1.5707963267948966
    ],
    [
      0.08799850146687556,
      0.0,
      0.0,
      1.5707963267948966
    ],
    [
      -0.08114232563012974,
      0.3776806429329675,
      0.0,
      -1.5707963267948966
    ],
    [
      0.0,
      0.0,
      0.0,
      1.5707963267948966
    ],
    [
      0.0931216644158735,
      0.11322747832384618,
      0.0,
      0.0
    ]
  ],
  "morphology_type": "link_scaling"
}