{
  "num_nodes": 8,
  "node_features": [
    [
      0.0,
      0.0,
      0.0,
      0.0,
      0
    ],
    [
      -3.046997495040719,
      2.946867528646628,
      2.175,
      0.0,
      1
    ],
    [
      -2.963147359683133,
      2.931076164361944,
      2.175,
      0.0,
      1
    ],
    [
      -3.0363679708903333,
      2.999768341436583,
      2.175,
      0.0,
      1
    ],
    [
      -3.0225533223676484,
      3.010359597170563,
      2.175,
      0.0,
      1
    ],
    [
      -3.0666406993988087,
      2.9489068426368474,
      2.175,
      0.0,
      1
    ],
    [
      -2.9041888111449086,
      2.959927435498282,
      2.175,
      0.0,
      1
    ],
    [
      -2.9828800803473,
      2.992732495365619,
      2.175,
      0.0,
      2
    ]
  ],
  "adjacency_matrix": [
    [
      0,
      1,
      0,
      0,
      0,
      0,
      0,
      0
    ],
    [
      1,
      0,
      1,
      0,
      0,
      0,
      0,
      0
    ],
    [
      0,
      1,
      0,
      1,
      0,
      0,
      0,
      0
    ],
    [
      0,
      0,
      1,
      0,
      1,
      0,
      0,
      0
    ],
    [
      0,
      0,
      0,
      1,
      0,
      1,
      0,
      0
    ],
    [
      0,
      0,
      0,
      0,
      1,
      0,
      1,
      0
    ],
    [
      0,
      0,
      0,
      0,
      0,
      1,
      0,
      1
    ],
    [
      0,
      0,
      0,
      0,
      0,
      0,
      1,
      0
    ]
  ],
  "dh_parameters": [
    [
      0.0,
      0.31269039805337595,
      0.0,
      1.5707963267948966
    ],
    [
      0.0,
      0.0,
      0.0,
      -1.5707963267948966
    ],
    [
      0.0,
      0.33658929000366966,
      0.0,
      1.5707963267948966
    ],
    [
      0.07737772953468255,
      0.0,
      0.0,
      1.5707963267948966
    ],
    [
      -0.07849152926791286,
      0.3653423907742853,
      0.0,
      -1.5707963267948966
    ],
    [
      0.0,
      0.0,
      0.0,
      1.5707963267948966
    ],
    [
      0.09634567261542193,
      0.11714757920284258,
      0.0,
      0.0
    ]
  ],
  "morphology_type": "link_scaling"
}