{
  "num_nodes": 8,
  "node_features": [
    [
      0.0,
      0.0,
      0.0,
      0.0,
      0
    ],
    [
      -2.9611568447096164,
      2.960424302919781,
      2.175,
      0.0,
      1
    ],
    [
      -3.030564496899963,
      3.021291564047745,
      2.175,
      0.0,
      1
    ],
    [
      -2.9618341665069816,
      2.962203569663902,
      2.175,
      0.0,
      1
    ],
    [
      -2.918952118798062,
      2.9959306276335584,
      2.175,
      0.0,
      1
    ],
    [
      -2.9074769533772025,
      2.930301517408514,
      2.175,
      0.0,
      1
    ],
    [
      -2.9611600728522514,
      2.9974625320613657,
      2.175,
      0.0,
      1
    ],
    [
      -3.0112991684128794,
      2.907039712409626,
      2.175,
      0.0,
      2
    ]
  ],
  "adjacency_matrix": [
    [
      0,
      1,
      0,
      0,
      0,
      0,
      0,
      0
    ],
    [
      1,
      0,
      1,
      0,
      0,
      0,
      0,
      0
    ],
    [
      0,
      1,
      0,
      1,
      0,
      0,
      0,
      0
    ],
    [
      0,
      0,
      1,
      0,
      1,
      0,
      0,
      0
    ],
    [
      0,
      0,
      0,
      1,
      0,
      1,
      0,
      0
    ],
    [
      0,
      0,
      0,
      0,
      1,
      0,
      1,
      0
    ],
    [
      0,
      0,
      0,
      0,
      0,
      1,
      0,
      1
    ],
    [
      0,
      0,
      0,
      0,
      0,
      0,
      1,
      0
    ]
  ],
  "dh_parameters": [
    [
      0.0,
      0.3236910173415969,
      0.0,
      1.5707963267948966
    ],
    [
      0.0,
      0.0,
      0.0,
      -1.5707963267948966
    ],
    [
      0.0,
      0.31038942171098566,
      0.0,
      1.5707963267948966
    ],
    [
      0.07507415605568278,
      0.0,
      0.0,
      1.5707963267948966
    ],
    [
      -0.08620577043884449,
      0.4012486769517125,
      0.0,
      -1.5707963267948966
    ],
    [
      0.0,
      0.0,
      0.0,
      1.5707963267948966
    ],
    [
      0.07998719926493214,
      0.09725716274258794,
      0.0,
      0.0
    ]
  ],
  "morphology_type": "link_scaling"
}