{
  "num_nodes": 8,
  "node_features": [
    [
      0.0,
      0.0,
      0.0,
      0.0,
      0
    ],
    [
      -2.9840796063248387,
      2.9345932279321922,
      2.175,
      0.0,
      1
    ],
    [
      -3.031979913479567,
      2.974554205627061,
      2.175,
      0.0,
      1
    ],
    [
      -2.9461259039317316,
      2.9363839081186223,
      2.175,
      0.0,
      1
    ],
    [
      -2.9604779813454623,
      2.923047291625377,
      2.175,
      0.0,
      1
    ],
    [
      -2.971940621310559,
      2.9545671306104615,
      2.175,
      0.0,
      1
    ],
    [
      -3.048073690935844,
      3.0647139541684663,
      2.175,
      0.0,
      1
    ],
    [
      -2.9963269519080717,
      2.973060482763487,
      2.175,
      0.0,
      2
    ]
  ],
  "adjacency_matrix": [
    [
      0,
      1,
      0,
      0,
      0,
      0,
      0,
      0
    ],
    [
      1,
      0,
      1,
      0,
      0,
      0,
      0,
      0
    ],
    [
      0,
      1,
      0,
      1,
      0,
      0,
      0,
      0
    ],
    [
      0,
      0,
      1,
      0,
      1,
      0,
      0,
      0
    ],
    [
      0,
      0,
      0,
      1,
      0,
      1,
      0,
      0
    ],
    [
      0,
      0,
      0,
      0,
      1,
      0,
      1,
      0
    ],
    [
      0,
      0,
      0,
      0,
      0,
      1,
      0,
      1
    ],
    [
      0,
      0,
      0,
      0,
      0,
      0,
      1,
      0
    ]
  ],
  "dh_parameters": [
    [
      0.0,
      0.34799953313067145,
      0.0,
      1.5707963267948966
    ],
    [
      0.0,
      0.0,
      0.0,
      -1.5707963267948966
    ],
    [
      0.0,
      0.33854781533276557,
      0.0,
      1.5707963267948966
    ],
    [
      0.07541639286059924,
      0.0,
      0.0,
      1.5707963267948966
    ],
    [
      -0.07730501781088776,
      0.359819719265223,
      0.0,
      -1.5707963267948966
    ],
    [
      0.0,
      0.0,
      0.0,
      1.5707963267948966
    ],
    [
      0.08501011550567757,
      0.10336457226258523,
      0.0,
      0.0
    ]
  ],
  "morphology_type": "link_scaling"
}