{
  "num_nodes": 8,
  "node_features": [
    [
      0.0,
      0.0,
      0.0,
      0.0,
      0
    ],
    [
      -3.0079760456929656,
      2.993072445329168,
      2.175,
      0.0,
      1
    ],
    [
      -2.971421878067547,
      3.0249730987826884,
      2.175,
      0.0,
      1
    ],
    [
      -3.0111261594554475,
      2.9869958484354333,
      2.175,
      0.0,
      1
    ],
    [
      -3.0444545833933465,
      3.020131418686351,
      2.175,
      0.0,
      1
    ],
    [
      -3.0469220722547887,
      3.0175835425875706,
      2.175,
      0.0,
      1
    ],
    [
      -3.045925784383368,
      3.0493299688682187,
      2.175,
      0.0,
      1
    ],
    [
      -2.999718889690341,
      2.94630118833884,
      2.175,
      0.0,
      2
    ]
  ],
  "adjacency_matrix": [
    [
      0,
      1,
      0,
      0,
      0,
      0,
      0,
      0
    ],
    [
      1,
      0,
      1,
      0,
      0,
      0,
      0,
      0
    ],
    [
      0,
      1,
      0,
      1,
      0,
      0,
      0,
      0
    ],
    [
      0,
      0,
      1,
      0,
      1,
      0,
      0,
      0
    ],
    [
      0,
      0,
      0,
      1,
      0,
      1,
      0,
      0
    ],
    [
      0,
      0,
      0,
      0,
      1,
      0,
      1,
      0
    ],
    [
      0,
      0,
      0,
      0,
      0,
      1,
      0,
      1
    ],
    [
      0,
      0,
      0,
      0,
      0,
      0,
      1,
      0
    ]
  ],
  "dh_parameters": [
    [
      0.0,
      0.3428031588551121,
      0.0,
      1.5707963267948966
    ],
    [
      0.0,
      0.0,
      0.0,
      -1.5707963267948966
    ],
    [
      0.0,
      0.3305761565894541,
      0.0,
      1.5707963267948966
    ],
    [
      0.07795962022176053,
      0.0,
      0.0,
      1.5707963267948966
    ],
    [
      -0.08787266388554012,
      0.4090073082672413,
      0.0,
      -1.5707963267948966
    ],
    [
      0.0,
      0.0,
      0.0,
      1.5707963267948966
    ],
    [
      0.08213312377581766,
      0.0998664118637783,
      0.0,
      0.0
    ]
  ],
  "morphology_type": "link_scaling"
}