{
  "num_nodes": 8,
  "node_features": [
    [
      0.0,
      0.0,
      0.0,
      0.0,
      0
    ],
    [
      -2.959942449079012,
      2.9818107879056597,
      2.175,
      0.0,
      1
    ],
    [
      -3.0592270076560752,
      3.0661642409370207,
      2.175,
      0.0,
      1
    ],
    [
      -3.053524806651574,
      3.042602812470433,
      2.175,
      0.0,
      1
    ],
    [
      -2.945458050355491,
      3.043948380359165,
      2.175,
      0.0,
      1
    ],
    [
      -2.973928983673546,
      2.9373750541602788,
      2.175,
      0.0,
      1
    ],
    [
      -3.0334149295546364,
      3.0424677181070328,
      2.175,
      0.0,
      1
    ],
    [
      -3.04208355632629,
      2.9729938763321795,
      2.175,
      0.0,
      2
    ]
  ],
  "adjacency_matrix": [
    [
      0,
      1,
      0,
      0,
      0,
      0,
      0,
      0
    ],
    [
      1,
      0,
      1,
      0,
      0,
      0,
      0,
      0
    ],
    [
      0,
      1,
      0,
      1,
      0,
      0,
      0,
      0
    ],
    [
      0,
      0,
      1,
      0,
      1,
      0,
      0,
      0
    ],
    [
      0,
      0,
      0,
      1,
      0,
      1,
      0,
      0
    ],
    [
      0,
      0,
      0,
      0,
      1,
      0,
      1,
      0
    ],
    [
      0,
      0,
      0,
      0,
      0,
      1,
      0,
      1
    ],
    [
      0,
      0,
      0,
      0,
      0,
      0,
      1,
      0
    ]
  ],
  "dh_parameters": [
    [
      0.0,
      0.33655792698096215,
      0.0,
      1.5707963267948966
    ],
    [
      0.0,
      0.0,
      0.0,
      -1.5707963267948966
    ],
    [
      0.0,
      0.34568307281379823,
      0.0,
      1.5707963267948966
    ],
    [
      0.07871315614886845,
      0.0,
      0.0,
      1.5707963267948966
    ],
    [
      -0.08077981063879419,
      0.375993300427842,
      0.0,
      -1.5707963267948966
    ],
    [
      0.0,
      0.0,
      0.0,
      1.5707963267948966
    ],
    [
      0.09412321509040708,
      0.11444527289401771,
      0.0,
      0.0
    ]
  ],
  "morphology_type": "link_scaling"
}