{
  "num_nodes": 8,
  "node_features": [
    [
      0.0,
      0.0,
      0.0,
      0.0,
      0
    ],
    [
      -2.950914997500047,
      2.9090253668000297,
      2.175,
      0.0,
      1
    ],
    [
      -2.9884725676044277,
      2.993192629170204,
      2.175,
      0.0,
      1
    ],
    [
      -3.012500778434413,
      2.97303288899827,
      2.175,
      0.0,
      1
    ],
    [
      -3.0126257703485595,
      3.03660814739724,
      2.175,
      0.0,
      1
    ],
    [
      -2.9011739007755497,
      3.0492972335768793,
      2.175,
      0.0,
      1
    ],
    [
      -2.962432379493962,
      3.0343718804320154,
      2.175,
      0.0,
      1
    ],
    [
      -2.9456674260437365,
      3.0593939962527945,
      2.175,
      0.0,
      2
    ]
  ],
  "adjacency_matrix": [
    [
      0,
      1,
      0,
      0,
      0,
      0,
      0,
      0
    ],
    [
      1,
      0,
      1,
      0,
      0,
      0,
      0,
      0
    ],
    [
      0,
      1,
      0,
      1,
      0,
      0,
      0,
      0
    ],
    [
      0,
      0,
      1,
      0,
      1,
      0,
      0,
      0
    ],
    [
      0,
      0,
      0,
      1,
      0,
      1,
      0,
      0
    ],
    [
      0,
      0,
      0,
      0,
      1,
      0,
      1,
      0
    ],
    [
      0,
      0,
      0,
      0,
      0,
      1,
      0,
      1
    ],
    [
      0,
      0,
      0,
      0,
      0,
      0,
      1,
      0
    ]
  ],
  "dh_parameters": [
    [
      0.0,
      0.3247572624703721,
      0.0,
      1.5707963267948966
    ],
    [
      0.0,
      0.0,
      0.0,
      -1.5707963267948966
    ],
    [
      0.0,
      0.32418690197480404,
      0.0,
      1.5707963267948966
    ],
    [
      0.07859553125403819,
      0.0,
      0.0,
      1.5707963267948966
    ],
    [
      -0.08023926109665602,
      0.3734772880135262,
      0.0,
      -1.5707963267948966
    ],
    [
      0.0,
      0.0,
      0.0,
      1.5707963267948966
    ],
    [
      0.09360403925911623,
      0.11381400228097087,
      0.0,
      0.0
    ]
  ],
  "morphology_type": "link_scaling"
}