{
  "num_nodes": 8,
  "node_features": [
    [
      0.0,
      0.0,
      0.0,
      0.0,
      0
    ],
    [
      -2.97534625716185,
      2.9620474885573524,
      2.175,
      0.0,
      1
    ],
    [
      -3.0204865710477375,
      3.00709492142649,
      2.175,
      0.0,
      1
    ],
    [
      -2.973863037980146,
      2.9996704279164255,
      2.175,
      0.0,
      1
    ],
    [
      -3.040478827708618,
      2.9485952787286536,
      2.175,
      0.0,
      1
    ],
    [
      -3.0562369239842124,
      2.9050881709282503,
      2.175,
      0.0,
      1
    ],
    [
      -3.0344586314987683,
      2.9305702340605477,
      2.175,
      0.0,
      1
    ],
    [
      -3.020558138530517,
      3.0159471783918628,
      2.175,
      0.0,
      2
    ]
  ],
  "adjacency_matrix": [
    [
      0,
      1,
      0,
      0,
      0,
      0,
      0,
      0
    ],
    [
      1,
      0,
      1,
      0,
      0,
      0,
      0,
      0
    ],
    [
      0,
      1,
      0,
      1,
      0,
      0,
      0,
      0
    ],
    [
      0,
      0,
      1,
      0,
      1,
      0,
      0,
      0
    ],
    [
      0,
      0,
      0,
      1,
      0,
      1,
      0,
      0
    ],
    [
      0,
      0,
      0,
      0,
      1,
      0,
      1,
      0
    ],
    [
      0,
      0,
      0,
      0,
      0,
      1,
      0,
      1
    ],
    [
      0,
      0,
      0,
      0,
      0,
      0,
      1,
      0
    ]
  ],
  "dh_parameters": [
    [
      0.0,
      0.36038284507412816,
      0.0,
      1.5707963267948966
    ],
    [
      0.0,
      0.0,
      0.0,
      -1.5707963267948966
    ],
    [
      0.0,
      0.32822526320601436,
      0.0,
      1.5707963267948966
    ],
    [
      0.08531773521132448,
      0.0,
      0.0,
      1.5707963267948966
    ],
    [
      -0.08418215857598482,
      0.3918296835536748,
      0.0,
      -1.5707963267948966
    ],
    [
      0.0,
      0.0,
      0.0,
      1.5707963267948966
    ],
    [
      0.0927340604268684,
      0.11275618710994226,
      0.0,
      0.0
    ]
  ],
  "morphology_type": "link_scaling"
}