{
  "num_nodes": 8,
  "node_features": [
    [
      0.0,
      0.0,
      0.0,
      0.0,
      0
    ],
    [
      -3.0449478244498067,
      2.9819329360028797,
      2.175,
      0.0,
      1
    ],
    [
      -2.9616774580843392,
      2.983323011873803,
      2.175,
      0.0,
      1
    ],
    [
      -2.957755743799701,
      3.0549624695893236,
      2.175,
      0.0,
      1
    ],
    [
      -2.936507217442464,
      2.9495236427559197,
      2.175,
      0.0,
      1
    ],
    [
      -2.9668097757229774,
      2.9669216650327805,
      2.175,
      0.0,
      1
    ],
    [
      -2.9844981983028505,
      3.0365373228753283,
      2.175,
      0.0,
      1
    ],
    [
      -2.9053217780249465,
      3.0170379508824463,
      2.175,
      0.0,
      2
    ]
  ],
  "adjacency_matrix": [
    [
      0,
      1,
      0,
      0,
      0,
      0,
      0,
      0
    ],
    [
      1,
      0,
      1,
      0,
      0,
      0,
      0,
      0
    ],
    [
      0,
      1,
      0,
      1,
      0,
      0,
      0,
      0
    ],
    [
      0,
      0,
      1,
      0,
      1,
      0,
      0,
      0
    ],
    [
      0,
      0,
      0,
      1,
      0,
      1,
      0,
      0
    ],
    [
      0,
      0,
      0,
      0,
      1,
      0,
      1,
      0
    ],
    [
      0,
      0,
      0,
      0,
      0,
      1,
      0,
      1
    ],
    [
      0,
      0,
      0,
      0,
      0,
      0,
      1,
      0
    ]
  ],
  "dh_parameters": [
    [
      0.0,
      0.31332175048255667,
      0.0,
      1.5707963267948966
    ],
    [
      0.0,
      0.0,
      0.0,
      -1.5707963267948966
    ],
    [
      0.0,
      0.3037680047891194,
      0.0,
      1.5707963267948966
    ],
    [
      0.08936028494886321,
      0.0,
      0.0,
      1.5707963267948966
    ],
    [
      -0.0816257026842302,
      0.37993054340296234,
      0.0,
      -1.5707963267948966
    ],
    [
      0.0,
      0.0,
      0.0,
      1.5707963267948966
    ],
    [
      0.08760400804182451,
      0.10651850977812753,
      0.0,
      0.0
    ]
  ],
  "morphology_type": "link_scaling"
}