{
  "num_nodes": 8,
  "node_features": [
    [
      0.0,
      0.0,
      0.0,
      0.0,
      0
    ],
    [
      -3.0132876831378295,
      3.0472460020811445,
      2.175,
      0.0,
      1
    ],
    [
      -2.9039263026732267,
      3.001654470139018,
      2.175,
      0.0,
      1
    ],
    [
      -2.963469210920189,
      2.937857728513944,
      2.175,
      0.0,
      1
    ],
    [
      -3.0596525068516227,
      3.0258289877569706,
      2.175,
      0.0,
      1
    ],
    [
      -3.046552082232434,
      2.9619123508521352,
      2.175,
      0.0,
      1
    ],
    [
      -2.9909581106382648,
      3.0416880611168957,
      2.175,
      0.0,
      1
    ],
    [
      -3.029989453563553,
      2.9590396983872074,
      2.175,
      0.0,
      2
    ]
  ],
  "adjacency_matrix": [
    [
      0,
      1,
      0,
      0,
      0,
      0,
      0,
      0
    ],
    [
      1,
      0,
      1,
      0,
      0,
      0,
      0,
      0
    ],
    [
      0,
      1,
      0,
      1,
      0,
      0,
      0,
      0
    ],
    [
      0,
      0,
      1,
      0,
      1,
      0,
      0,
      0
    ],
    [
      0,
      0,
      0,
      1,
      0,
      1,
      0,
      0
    ],
    [
      0,
      0,
      0,
      0,
      1,
      0,
      1,
      0
    ],
    [
      0,
      0,
      0,
      0,
      0,
      1,
      0,
      1
    ],
    [
      0,
      0,
      0,
      0,
      0,
      0,
      1,
      0
    ]
  ],
  "dh_parameters": [
    [
      0.0,
      0.31493972107932133,
      0.0,
      1.5707963267948966
    ],
    [
      0.0,
      0.0,
      0.0,
      -1.5707963267948966
    ],
    [
      0.0,
      0.32472192787317167,
      0.0,
      1.5707963267948966
    ],
    [
      0.08545323775915979,
      0.0,
      0.0,
      1.5707963267948966
    ],
    [
      -0.08461442964769782,
      0.39384170890564807,
      0.0,
      -1.5707963267948966
    ],
    [
      0.0,
      0.0,
      0.0,
      1.5707963267948966
    ],
    [
      0.087119968199736,
      0.1059299613337699,
      0.0,
      0.0
    ]
  ],
  "morphology_type": "link_scaling"
}