{
  "num_nodes": 8,
  "node_features": [
    [
      0.0,
      0.0,
      0.0,
      0.0,
      0
    ],
    [
      -2.994063312786235,
      2.9872895845332392,
      2.175,
      0.0,
      1
    ],
    [
      -3.0679037963991305,
      2.9374374408709683,
      2.175,
      0.0,
      1
    ],
    [
      -2.9499775528775456,
      3.0119329325571176,
      2.175,
      0.0,
      1
    ],
    [
      -2.9361154821498534,
      3.069280582251585,
      2.175,
      0.0,
      1
    ],
    [
      -2.947802414900216,
      2.908035656828612,
      2.175,
      0.0,
      1
    ],
    [
      -2.9236988019278174,
      3.0257924551223434,
      2.175,
      0.0,
      1
    ],
    [
      -3.0584802633611585,
      3.023005575623303,
      2.175,
      0.0,
      2
    ]
  ],
  "adjacency_matrix": [
    [
      0,
      1,
      0,
      0,
      0,
      0,
      0,
      0
    ],
    [
      1,
      0,
      1,
      0,
      0,
      0,
      0,
      0
    ],
    [
      0,
      1,
      0,
      1,
      0,
      0,
      0,
      0
    ],
    [
      0,
      0,
      1,
      0,
      1,
      0,
      0,
      0
    ],
    [
      0,
      0,
      0,
      1,
      0,
      1,
      0,
      0
    ],
    [
      0,
      0,
      0,
      0,
      1,
      0,
      1,
      0
    ],
    [
      0,
      0,
      0,
      0,
      0,
      1,
      0,
      1
    ],
    [
      0,
      0,
      0,
      0,
      0,
      0,
      1,
      0
    ]
  ],
  "dh_parameters": [
    [
      0.0,
      0.30812105038554377,
      0.0,
      1.5707963267948966
    ],
    [
      0.0,
      0.0,
      0.0,
      -1.5707963267948966
    ],
    [
      0.0,
      0.2973703374436918,
      0.0,
      1.5707963267948966
    ],
    [
      0.08203235627148417,
      0.0,
      0.0,
      1.5707963267948966
    ],
    [
      -0.0840655156924468,
      0.3912867639502979,
      0.0,
      -1.5707963267948966
    ],
    [
      0.0,
      0.0,
      0.0,
      1.5707963267948966
    ],
    [
      0.08857512399419293,
      0.10769929849293913,
      0.0,
      0.0
    ]
  ],
  "morphology_type": "link_scaling"
}