{
  "num_nodes": 8,
  "node_features": [
    [
      0.0,
      0.0,
      0.0,
      0.0,
      0
    ],
    [
      -2.9605351534028386,
      3.0160347221339205,
      2.175,
      0.0,
      1
    ],
    [
      -2.9367002102220447,
      3.0385965076366697,
      2.175,
      0.0,
      1
    ],
    [
      -3.038203060410512,
      3.0038063312581946,
      2.175,
      0.0,
      1
    ],
    [
      -2.9158198776484645,
      2.9214056173653744,
      2.175,
      0.0,
      1
    ],
    [
      -3.041702020172257,
      2.981515190238068,
      2.175,
      0.0,
      1
    ],
    [
      -2.991818379065881,
      2.930301288748483,
      2.175,
      0.0,
      1
    ],
    [
      -3.002958231013413,
      3.0228799821203114,
      2.175,
      0.0,
      2
    ]
  ],
  "adjacency_matrix": [
    [
      0,
      1,
      0,
      0,
      0,
      0,
      0,
      0
    ],
    [
      1,
      0,
      1,
      0,
      0,
      0,
      0,
      0
    ],
    [
      0,
      1,
      0,
      1,
      0,
      0,
      0,
      0
    ],
    [
      0,
      0,
      1,
      0,
      1,
      0,
      0,
      0
    ],
    [
      0,
      0,
      0,
      1,
      0,
      1,
      0,
      0
    ],
    [
      0,
      0,
      0,
      0,
      1,
      0,
      1,
      0
    ],
    [
      0,
      0,
      0,
      0,
      0,
      1,
      0,
      1
    ],
    [
      0,
      0,
      0,
      0,
      0,
      0,
      1,
      0
    ]
  ],
  "dh_parameters": [
    [
      0.0,
      0.30146774044168795,
      0.0,
      1.5707963267948966
    ],
    [
      0.0,
      0.0,
      0.0,
      -1.5707963267948966
    ],
    [
      0.0,
      0.32101864865588625,
      0.0,
      1.5707963267948966
    ],
    [
      0.08828638863349673,
      0.0,
      0.0,
      1.5707963267948966
    ],
    [
      -0.0836598688820763,
      0.3893986624329369,
      0.0,
      -1.5707963267948966
    ],
    [
      0.0,
      0.0,
      0.0,
      1.5707963267948966
    ],
    [
      0.08790799002351767,
      0.1068881242331408,
      0.0,
      0.0
    ]
  ],
  "morphology_type": "link_scaling"
}