{
  "num_nodes": 8,
  "node_features": [
    [
      0.0,
      0.0,
      0.0,
      0.0,
      0
    ],
    [
      -2.945441429241588,
      3.026181586133327,
      2.175,
      0.0,
      1
    ],
    [
      -3.065006136452778,
      2.968228522217901,
      2.175,
      0.0,
      1
    ],
    [
      -2.964875085807068,
      2.921304883286954,
      2.175,
      0.0,
      1
    ],
    [
      -2.9457221823915907,
      3.044546628527685,
      2.175,
      0.0,
      1
    ],
    [
      -2.9869173236764492,
      2.919496593099792,
      2.175,
      0.0,
      1
    ],
    [
      -2.9600836033200983,
      2.992068850190435,
      2.175,
      0.0,
      1
    ],
    [
      -3.0400721347470063,
      2.9926705344307107,
      2.175,
      0.0,
      2
    ]
  ],
  "adjacency_matrix": [
    [
      0,
      1,
      0,
      0,
      0,
      0,
      0,
      0
    ],
    [
      1,
      0,
      1,
      0,
      0,
      0,
      0,
      0
    ],
    [
      0,
      1,
      0,
      1,
      0,
      0,
      0,
      0
    ],
    [
      0,
      0,
      1,
      0,
      1,
      0,
      0,
      0
    ],
    [
      0,
      0,
      0,
      1,
      0,
      1,
      0,
      0
    ],
    [
      0,
      0,
      0,
      0,
      1,
      0,
      1,
      0
    ],
    [
      0,
      0,
      0,
      0,
      0,
      1,
      0,
      1
    ],
    [
      0,
      0,
      0,
      0,
      0,
      0,
      1,
      0
    ]
  ],
  "dh_parameters": [
    [
      0.0,
      0.33445344772668006,
      0.0,
      1.5707963267948966
    ],
    [
      0.0,
      0.0,
      0.0,
      -1.5707963267948966
    ],
    [
      0.0,
      0.325379057410351,
      0.0,
      1.5707963267948966
    ],
    [
      0.08786836863246782,
      0.0,
      0.0,
      1.5707963267948966
    ],
    [
      -0.08557641006943827,
      0.39831929050502174,
      0.0,
      -1.5707963267948966
    ],
    [
      0.0,
      0.0,
      0.0,
      1.5707963267948966
    ],
    [
      0.09659560110768856,
      0.11745146952866678,
      0.0,
      0.0
    ]
  ],
  "morphology_type": "link_scaling"
}