{
  "num_nodes": 8,
  "node_features": [
    [
      0.0,
      0.0,
      0.0,
      0.0,
      0
    ],
    [
      -3.0187784405240405,
      2.9027158811012486,
      2.175,
      0.0,
      1
    ],
    [
      -3.0067521640235313,
      3.0651744106787246,
      2.175,
      0.0,
      1
    ],
    [
      -2.9017535072165255,
      2.9870396771838945,
      2.175,
      0.0,
      1
    ],
    [
      -2.906866385805835,
      2.9231500182957064,
      2.175,
      0.0,
      1
    ],
    [
      -3.0067896406784644,
      2.9547530359045906,
      2.175,
      0.0,
      1
    ],
    [
      -3.007266346019419,
      2.963667539915637,
      2.175,
      0.0,
      1
    ],
    [
      -2.972950175840787,
      2.9041443531121653,
      2.175,
      0.0,
      2
    ]
  ],
  "adjacency_matrix": [
    [
      0,
      1,
      0,
      0,
      0,
      0,
      0,
      0
    ],
    [
      1,
      0,
      1,
      0,
      0,
      0,
      0,
      0
    ],
    [
      0,
      1,
      0,
      1,
      0,
      0,
      0,
      0
    ],
    [
      0,
      0,
      1,
      0,
      1,
      0,
      0,
      0
    ],
    [
      0,
      0,
      0,
      1,
      0,
      1,
      0,
      0
    ],
    [
      0,
      0,
      0,
      0,
      1,
      0,
      1,
      0
    ],
    [
      0,
      0,
      0,
      0,
      0,
      1,
      0,
      1
    ],
    [
      0,
      0,
      0,
      0,
      0,
      0,
      1,
      0
    ]
  ],
  "dh_parameters": [
    [
      0.0,
      0.34109855462417393,
      0.0,
      1.5707963267948966
    ],
    [
      0.0,
      0.0,
      0.0,
      -1.5707963267948966
    ],
    [
      0.0,
      0.28807532300196725,
      0.0,
      1.5707963267948966
    ],
    [
      0.09006211780797675,
      0.0,
      0.0,
      1.5707963267948966
    ],
    [
      -0.08038534615900202,
      0.37415724757644575,
      0.0,
      -1.5707963267948966
    ],
    [
      0.0,
      0.0,
      0.0,
      1.5707963267948966
    ],
    [
      0.09097511383736237,
      0.11061746796133834,
      0.0,
      0.0
    ]
  ],
  "morphology_type": "link_scaling"
}