{
  "num_nodes": 8,
  "node_features": [
    [
      0.0,
      0.0,
      0.0,
      0.0,
      0
    ],
    [
      -2.9394635325832894,
      3.0284385804933707,
      2.175,
      0.0,
      1
    ],
    [
      -2.995462271557524,
      2.92558099100825,
      2.175,
      0.0,
      1
    ],
    [
      -2.9223769695023956,
      3.065246189209115,
      2.175,
      0.0,
      1
    ],
    [
      -2.9020932548803002,
      2.9321266317638313,
      2.175,
      0.0,
      1
    ],
    [
      -3.0270367768519604,
      2.9588791882646905,
      2.175,
      0.0,
      1
    ],
    [
      -2.907312174968352,
      3.0143258154483146,
      2.175,
      0.0,
      1
    ],
    [
      -2.927637418341954,
      2.96120104328884,
      2.175,
      0.0,
      2
    ]
  ],
  "adjacency_matrix": [
    [
      0,
      1,
      0,
      0,
      0,
      0,
      0,
      0
    ],
    [
      1,
      0,
      1,
      0,
      0,
      0,
      0,
      0
    ],
    [
      0,
      1,
      0,
      1,
      0,
      0,
      0,
      0
    ],
    [
      0,
      0,
      1,
      0,
      1,
      0,
      0,
      0
    ],
    [
      0,
      0,
      0,
      1,
      0,
      1,
      0,
      0
    ],
    [
      0,
      0,
      0,
      0,
      1,
      0,
      1,
      0
    ],
    [
      0,
      0,
      0,
      0,
      0,
      1,
      0,
      1
    ],
    [
      0,
      0,
      0,
      0,
      0,
      0,
      1,
      0
    ]
  ],
  "dh_parameters": [
    [
      0.0,
      0.3367292349252858,
      0.0,
      1.5707963267948966
    ],
    [
      0.0,
      0.0,
      0.0,
      -1.5707963267948966
    ],
    [
      0.0,
      0.34170907954133206,
      0.0,
      1.5707963267948966
    ],
    [
      0.08630325862341716,
      0.0,
      0.0,
      1.5707963267948966
    ],
    [
      -0.08330792851267357,
      0.3877605399862624,
      0.0,
      -1.5707963267948966
    ],
    [
      0.0,
      0.0,
      0.0,
      1.5707963267948966
    ],
    [
      0.08534731589480185,
      0.10377457728117953,
      0.0,
      0.0
    ]
  ],
  "morphology_type": "link_scaling"
}