{
  "num_nodes": 8,
  "node_features": [
    [
      0.0,
      0.0,
      0.0,
      0.0,
      0
    ],
    [
      -2.9382395328063975,
      2.937721172613404,
      2.175,
      0.0,
      1
    ],
    [
      -2.982903422152666,
      2.9060335920667004,
      2.175,
      0.0,
      1
    ],
    [
      -3.017778577095432,
      2.915201510623727,
      2.175,
      0.0,
      1
    ],
    [
      -3.059778155707561,
      2.9259865083073007,
      2.175,
      0.0,
      1
    ],
    [
      -2.918774798484852,
      3.0633857017147843,
      2.175,
      0.0,
      1
    ],
    [
      -2.9065020386880365,
      2.9853937144846645,
      2.175,
      0.0,
      1
    ],
    [
      -3.005447761115753,
      2.9825102678395927,
      2.175,
      0.0,
      2
    ]
  ],
  "adjacency_matrix": [
    [
      0,
      1,
      0,
      0,
      0,
      0,
      0,
      0
    ],
    [
      1,
      0,
      1,
      0,
      0,
      0,
      0,
      0
    ],
    [
      0,
      1,
      0,
      1,
      0,
      0,
      0,
      0
    ],
    [
      0,
      0,
      1,
      0,
      1,
      0,
      0,
      0
    ],
    [
      0,
      0,
      0,
      1,
      0,
      1,
      0,
      0
    ],
    [
      0,
      0,
      0,
      0,
      1,
      0,
      1,
      0
    ],
    [
      0,
      0,
      0,
      0,
      0,
      1,
      0,
      1
    ],
    [
      0,
      0,
      0,
      0,
      0,
      0,
      1,
      0
    ]
  ],
  "dh_parameters": [
    [
      0.0,
      0.3075286795132304,
      0.0,
      1.5707963267948966
    ],
    [
      0.0,
      0.0,
      0.0,
      -1.5707963267948966
    ],
    [
      0.0,
      0.28842948601518836,
      0.0,
      1.5707963267948966
    ],
    [
      0.08327566167125676,
      0.0,
      0.0,
      1.5707963267948966
    ],
    [
      -0.08718114763192776,
      0.40578861443224556,
      0.0,
      -1.5707963267948966
    ],
    [
      0.0,
      0.0,
      0.0,
      1.5707963267948966
    ],
    [
      0.09289519047806553,
      0.1129521066040115,
      0.0,
      0.0
    ]
  ],
  "morphology_type": "link_scaling"
}