{
  "num_nodes": 8,
  "node_features": [
    [
      0.0,
      0.0,
      0.0,
      0.0,
      0
    ],
    [
      -2.9637971238698784,
      2.9694784930178932,
      2.175,
      0.0,
      1
    ],
    [
      -2.9888986750266677,
      3.058477454414106,
      2.175,
      0.0,
      1
    ],
    [
      -2.926245532788527,
      3.0341983347049553,
      2.175,
      0.0,
      1
    ],
    [
      -3.0612406750965335,
      3.0384858003343362,
      2.175,
      0.0,
      1
    ],
    [
      -2.9572997201238342,
      2.9257377218339946,
      2.175,
      0.0,
      1
    ],
    [
      -2.9584931643087535,
      2.9305097164808847,
      2.175,
      0.0,
      1
    ],
    [
      -2.9156230998179784,
      3.0260908662199473,
      2.175,
      0.0,
      2
    ]
  ],
  "adjacency_matrix": [
    [
      0,
      1,
      0,
      0,
      0,
      0,
      0,
      0
    ],
    [
      1,
      0,
      1,
      0,
      0,
      0,
      0,
      0
    ],
    [
      0,
      1,
      0,
      1,
      0,
      0,
      0,
      0
    ],
    [
      0,
      0,
      1,
      0,
      1,
      0,
      0,
      0
    ],
    [
      0,
      0,
      0,
      1,
      0,
      1,
      0,
      0
    ],
    [
      0,
      0,
      0,
      0,
      1,
      0,
      1,
      0
    ],
    [
      0,
      0,
      0,
      0,
      0,
      1,
      0,
      1
    ],
    [
      0,
      0,
      0,
      0,
      0,
      0,
      1,
      0
    ]
  ],
  "dh_parameters": [
    [
      0.0,
      0.355179795195959,
      0.0,
      1.5707963267948966
    ],
    [
      0.0,
      0.0,
      0.0,
      -1.5707963267948966
    ],
    [
      0.0,
      0.29796304404862256,
      0.0,
      1.5707963267948966
    ],
    [
      0.08604631148960899,
      0.0,
      0.0,
      1.5707963267948966
    ],
    [
      -0.08836329425067212,
      0.4112909696031284,
      0.0,
      -1.5707963267948966
    ],
    [
      0.0,
      0.0,
      0.0,
      1.5707963267948966
    ],
    [
      0.09056093363116036,
      0.1101138624833427,
      0.0,
      0.0
    ]
  ],
  "morphology_type": "link_scaling"
}