{
  "num_nodes": 8,
  "node_features": [
    [
      0.0,
      0.0,
      0.0,
      0.0,
      0
    ],
    [
      -3.021621556016392,
      2.9389564101146877,
      2.175,
      0.0,
      1
    ],
    [
      -3.0280991364186898,
      2.9455101479517616,
      2.175,
      0.0,
      1
    ],
    [
      -2.9848364684783038,
      2.959831652487141,
      2.175,
      0.0,
      1
    ],
    [
      -3.000315173051062,
      3.0272229102985198,
      2.175,
      0.0,
      1
    ],
    [
      -3.0485882682930905,
      2.928815651661731,
      2.175,
      0.0,
      1
    ],
    [
      -2.960618014311546,
      3.023195713734666,
      2.175,
      0.0,
      1
    ],
    [
      -3.031673782100835,
      2.9909367583508004,
      2.175,
      0.0,
      2
    ]
  ],
  "adjacency_matrix": [
    [
      0,
      1,
      0,
      0,
      0,
      0,
      0,
      0
    ],
    [
      1,
      0,
      1,
      0,
      0,
      0,
      0,
      0
    ],
    [
      0,
      1,
      0,
      1,
      0,
      0,
      0,
      0
    ],
    [
      0,
      0,
      1,
      0,
      1,
      0,
      0,
      0
    ],
    [
      0,
      0,
      0,
      1,
      0,
      1,
      0,
      0
    ],
    [
      0,
      0,
      0,
      0,
      1,
      0,
      1,
      0
    ],
    [
      0,
      0,
      0,
      0,
      0,
      1,
      0,
      1
    ],
    [
      0,
      0,
      0,
      0,
      0,
      0,
      1,
      0
    ]
  ],
  "dh_parameters": [
    [
      0.0,
      0.32706383271580297,
      0.0,
      1.5707963267948966
    ],
    [
      0.0,
      0.0,
      0.0,
      -1.5707963267948966
    ],
    [
      0.0,
      0.32430351643171845,
      0.0,
      1.5707963267948966
    ],
    [
      0.07700573792451076,
      0.0,
      0.0,
      1.5707963267948966
    ],
    [
      -0.08472524032844483,
      0.3943574822560341,
      0.0,
      -1.5707963267948966
    ],
    [
      0.0,
      0.0,
      0.0,
      1.5707963267948966
    ],
    [
      0.08133616477011119,
      0.09889738216365793,
      0.0,
      0.0
    ]
  ],
  "morphology_type": "link_scaling"
}