{
  "num_nodes": 8,
  "node_features": [
    [
      0.0,
      0.0,
      0.0,
      0.0,
      0
    ],
    [
      -2.9059914390804003,
      3.0406609366668618,
      2.175,
      0.0,
      1
    ],
    [
      -2.9727794965967917,
      2.9569242685898107,
      2.175,
      0.0,
      1
    ],
    [
      -2.9363813490590918,
      2.991763482796264,
      2.175,
      0.0,
      1
    ],
    [
      -3.000768089212978,
      3.045275182264757,
      2.175,
      0.0,
      1
    ],
    [
      -2.9443917577088143,
      2.9381737470002727,
      2.175,
      0.0,
      1
    ],
    [
      -2.905330737699526,
      3.0097884507634727,
      2.175,
      0.0,
      1
    ],
    [
      -3.013234098440866,
      3.00979319658755,
      2.175,
      0.0,
      2
    ]
  ],
  "adjacency_matrix": [
    [
      0,
      1,
      0,
      0,
      0,
      0,
      0,
      0
    ],
    [
      1,
      0,
      1,
      0,
      0,
      0,
      0,
      0
    ],
    [
      0,
      1,
      0,
      1,
      0,
      0,
      0,
      0
    ],
    [
      0,
      0,
      1,
      0,
      1,
      0,
      0,
      0
    ],
    [
      0,
      0,
      0,
      1,
      0,
      1,
      0,
      0
    ],
    [
      0,
      0,
      0,
      0,
      1,
      0,
      1,
      0
    ],
    [
      0,
      0,
      0,
      0,
      0,
      1,
      0,
      1
    ],
    [
      0,
      0,
      0,
      0,
      0,
      0,
      1,
      0
    ]
  ],
  "dh_parameters": [
    [
      0.0,
      0.32364824416144544,
      0.0,
      1.5707963267948966
    ],
    [
      0.0,
      0.0,
      0.0,
      -1.5707963267948966
    ],
    [
      0.0,
      0.2996465492048388,
      0.0,
      1.5707963267948966
    ],
    [
      0.08113512345689383,
      0.0,
      0.0,
      1.5707963267948966
    ],
    [
      -0.08091387053082812,
      0.3766172882889454,
      0.0,
      -1.5707963267948966
    ],
    [
      0.0,
      0.0,
      0.0,
      1.5707963267948966
    ],
    [
      0.08751691664033535,
      0.10641261455131686,
      0.0,
      0.0
    ]
  ],
  "morphology_type": "link_scaling"
}