{
  "num_nodes": 8,
  "node_features": [
    [
      0.0,
      0.0,
      0.0,
      0.0,
      0
    ],
    [
      -3.0132376374481122,
      3.002371150457353,
      2.175,
      0.0,
      1
    ],
    [
      -3.0376003887092993,
      2.9241158570947863,
      2.175,
      0.0,
      1
    ],
    [
      -2.9947531536101604,
      2.935520619687574,
      2.175,
      0.0,
      1
    ],
    [
      -3.0578732673247293,
      2.9263470941607923,
      2.175,
      0.0,
      1
    ],
    [
      -2.918009356395204,
      3.066781738287853,
      2.175,
      0.0,
      1
    ],
    [
      -2.912924877668926,
      2.9397425952377705,
      2.175,
      0.0,
      1
    ],
    [
      -3.0003701512198386,
      2.9435851549311414,
      2.175,
      0.0,
      2
    ]
  ],
  "adjacency_matrix": [
    [
      0,
      1,
      0,
      0,
      0,
      0,
      0,
      0
    ],
    [
      1,
      0,
      1,
      0,
      0,
      0,
      0,
      0
    ],
    [
      0,
      1,
      0,
      1,
      0,
      0,
      0,
      0
    ],
    [
      0,
      0,
      1,
      0,
      1,
      0,
      0,
      0
    ],
    [
      0,
      0,
      0,
      1,
      0,
      1,
      0,
      0
    ],
    [
      0,
      0,
      0,
      0,
      1,
      0,
      1,
      0
    ],
    [
      0,
      0,
      0,
      0,
      0,
      1,
      0,
      1
    ],
    [
      0,
      0,
      0,
      0,
      0,
      0,
      1,
      0
    ]
  ],
  "dh_parameters": [
    [
      0.0,
      0.33311430539610126,
      0.0,
      1.5707963267948966
    ],
    [
      0.0,
      0.0,
      0.0,
      -1.5707963267948966
    ],
    [
      0.0,
      0.3157580623193817,
      0.0,
      1.5707963267948966
    ],
    [
      0.08637188922417524,
      0.0,
      0.0,
      1.5707963267948966
    ],
    [
      -0.07746025135840837,
      0.360542260868228,
      0.0,
      -1.5707963267948966
    ],
    [
      0.0,
      0.0,
      0.0,
      1.5707963267948966
    ],
    [
      0.08039991093132626,
      0.09775898260968079,
      0.0,
      0.0
    ]
  ],
  "morphology_type": "link_scaling"
}