{
  "num_nodes": 8,
  "node_features": [
    [
      0.0,
      0.0,
      0.0,
      0.0,
      0
    ],
    [
      -3.0123331365738903,
      3.0605237231339233,
      2.175,
      0.0,
      1
    ],
    [
      -2.9562882723454558,
      2.91167816489667,
      2.175,
      0.0,
      1
    ],
    [
      -3.0439424595475923,
      2.9896786430903806,
      2.175,
      0.0,
      1
    ],
    [
      -2.9804126559458473,
      3.0144401948520203,
      2.175,
      0.0,
      1
    ],
    [
      -3.0202828914429802,
      2.957034521935554,
      2.175,
      0.0,
      1
    ],
    [
      -2.9745247635555647,
      2.966270905706114,
      2.175,
      0.0,
      1
    ],
    [
      -2.9924928369077417,
      3.0320185024306974,
      2.175,
      0.0,
      2
    ]
  ],
  "adjacency_matrix": [
    [
      0,
      1,
      0,
      0,
      0,
      0,
      0,
      0
    ],
    [
      1,
      0,
      1,
      0,
      0,
      0,
      0,
      0
    ],
    [
      0,
      1,
      0,
      1,
      0,
      0,
      0,
      0
    ],
    [
      0,
      0,
      1,
      0,
      1,
      0,
      0,
      0
    ],
    [
      0,
      0,
      0,
      1,
      0,
      1,
      0,
      0
    ],
    [
      0,
      0,
      0,
      0,
      1,
      0,
      1,
      0
    ],
    [
      0,
      0,
      0,
      0,
      0,
      1,
      0,
      1
    ],
    [
      0,
      0,
      0,
      0,
      0,
      0,
      1,
      0
    ]
  ],
  "dh_parameters": [
    [
      0.0,
      0.32703418389003086,
      0.0,
      1.5707963267948966
    ],
    [
      0.0,
      0.0,
      0.0,
      -1.5707963267948966
    ],
    [
      0.0,
      0.3401780319389033,
      0.0,
      1.5707963267948966
    ],
    [
      0.08246966667282606,
      0.0,
      0.0,
      1.5707963267948966
    ],
    [
      -0.09062125383788792,
      0.421800745136351,
      0.0,
      -1.5707963267948966
    ],
    [
      0.0,
      0.0,
      0.0,
      1.5707963267948966
    ],
    [
      0.09114585615951405,
      0.1108250751030455,
      0.0,
      0.0
    ]
  ],
  "morphology_type": "link_scaling"
}