{
  "num_nodes": 8,
  "node_features": [
    [
      0.0,
      0.0,
      0.0,
      0.0,
      0
    ],
    [
      -2.925420051456373,
      2.963359466057231,
      2.175,
      0.0,
      1
    ],
    [
      -3.0062878107430486,
      2.936597782130274,
      2.175,
      0.0,
      1
    ],
    [
      -2.9156762575259507,
      2.9418208220793254,
      2.175,
      0.0,
      1
    ],
    [
      -2.992589471606189,
      3.0559757989600085,
      2.175,
      0.0,
      1
    ],
    [
      -2.9343490180403298,
      2.980817721065668,
      2.175,
      0.0,
      1
    ],
    [
      -3.0110289720622094,
      3.0603209999429577,
      2.175,
      0.0,
      1
    ],
    [
      -3.055909806578415,
      2.945472255097044,
      2.175,
      0.0,
      2
    ]
  ],
  "adjacency_matrix": [
    [
      0,
      1,
      0,
      0,
      0,
      0,
      0,
      0
    ],
    [
      1,
      0,
      1,
      0,
      0,
      0,
      0,
      0
    ],
    [
      0,
      1,
      0,
      1,
      0,
      0,
      0,
      0
    ],
    [
      0,
      0,
      1,
      0,
      1,
      0,
      0,
      0
    ],
    [
      0,
      0,
      0,
      1,
      0,
      1,
      0,
      0
    ],
    [
      0,
      0,
      0,
      0,
      1,
      0,
      1,
      0
    ],
    [
      0,
      0,
      0,
      0,
      0,
      1,
      0,
      1
    ],
    [
      0,
      0,
      0,
      0,
      0,
      0,
      1,
      0
    ]
  ],
  "dh_parameters": [
    [
      0.0,
      0.36408332478030364,
      0.0,
      1.5707963267948966
    ],
    [
      0.0,
      0.0,
      0.0,
      -1.5707963267948966
    ],
    [
      0.0,
      0.3459405387471014,
      0.0,
      1.5707963267948966
    ],
    [
      0.0810452243572946,
      0.0,
      0.0,
      1.5707963267948966
    ],
    [
      -0.08875034718421759,
      0.41309252507563093,
      0.0,
      -1.5707963267948966
    ],
    [
      0.0,
      0.0,
      0.0,
      1.5707963267948966
    ],
    [
      0.08445412502594665,
      0.1026885383838215,
      0.0,
      0.0
    ]
  ],
  "morphology_type": "link_scaling"
}