{
  "num_nodes": 8,
  "node_features": [
    [
      0.0,
      0.0,
      0.0,
      0.0,
      0
    ],
    [
      -2.9718706482959063,
      2.934447216946399,
      2.175,
      0.0,
      1
    ],
    [
      -3.0141407963689835,
      3.0488771271943356,
      2.175,
      0.0,
      1
    ],
    [
      -2.9603552072974577,
      3.0521116827875727,
      2.175,
      0.0,
      1
    ],
    [
      -2.9669315210301517,
      2.9442610889671545,
      2.175,
      0.0,
      1
    ],
    [
      -3.020581771686169,
      2.9323113006033705,
      2.175,
      0.0,
      1
    ],
    [
      -3.026138046805848,
      3.0297116260382024,
      2.175,
      0.0,
      1
    ],
    [
      -3.006500764859903,
      3.016536127452097,
      2.175,
      0.0,
      2
    ]
  ],
  "adjacency_matrix": [
    [
      0,
      1,
      0,
      0,
      0,
      0,
      0,
      0
    ],
    [
      1,
      0,
      1,
      0,
      0,
      0,
      0,
      0
    ],
    [
      0,
      1,
      0,
      1,
      0,
      0,
      0,
      0
    ],
    [
      0,
      0,
      1,
      0,
      1,
      0,
      0,
      0
    ],
    [
      0,
      0,
      0,
      1,
      0,
      1,
      0,
      0
    ],
    [
      0,
      0,
      0,
      0,
      1,
      0,
      1,
      0
    ],
    [
      0,
      0,
      0,
      0,
      0,
      1,
      0,
      1
    ],
    [
      0,
      0,
      0,
      0,
      0,
      0,
      1,
      0
    ]
  ],
  "dh_parameters": [
    [
      0.0,
      0.3276664198621526,
      0.0,
      1.5707963267948966
    ],
    [
      0.0,
      0.0,
      0.0,
      -1.5707963267948966
    ],
    [
      0.0,
      0.3196493668059065,
      0.0,
      1.5707963267948966
    ],
    [
      0.08418828950363706,
      0.0,
      0.0,
      1.5707963267948966
    ],
    [
      -0.07966202245132173,
      0.3707905045006975,
      0.0,
      -1.5707963267948966
    ],
    [
      0.0,
      0.0,
      0.0,
      1.5707963267948966
    ],
    [
      0.08854285816984256,
      0.10766006618378583,
      0.0,
      0.0
    ]
  ],
  "morphology_type": "link_scaling"
}