{
  "num_nodes": 8,
  "node_features": [
    [
      0.0,
      0.0,
      0.0,
      0.0,
      0
    ],
    [
      -3.0286275658617887,
      3.0449170515694486,
      2.175,
      0.0,
      1
    ],
    [
      -3.0300813801910698,
      2.91654828525152,
      2.175,
      0.0,
      1
    ],
    [
      -2.9555772140396126,
      2.9559571029873384,
      2.175,
      0.0,
      1
    ],
    [
      -3.041850006756739,
      3.006081175959687,
      2.175,
      0.0,
      1
    ],
    [
      -3.0059878846736443,
      2.9360901026057333,
      2.175,
      0.0,
      1
    ],
    [
      -2.9816285724743516,
      3.004309483882951,
      2.175,
      0.0,
      1
    ],
    [
      -3.0689940885722353,
      2.9142322961552294,
      2.175,
      0.0,
      2
    ]
  ],
  "adjacency_matrix": [
    [
      0,
      1,
      0,
      0,
      0,
      0,
      0,
      0
    ],
    [
      1,
      0,
      1,
      0,
      0,
      0,
      0,
      0
    ],
    [
      0,
      1,
      0,
      1,
      0,
      0,
      0,
      0
    ],
    [
      0,
      0,
      1,
      0,
      1,
      0,
      0,
      0
    ],
    [
      0,
      0,
      0,
      1,
      0,
      1,
      0,
      0
    ],
    [
      0,
      0,
      0,
      0,
      1,
      0,
      1,
      0
    ],
    [
      0,
      0,
      0,
      0,
      0,
      1,
      0,
      1
    ],
    [
      0,
      0,
      0,
      0,
      0,
      0,
      1,
      0
    ]
  ],
  "dh_parameters": [
    [
      0.0,
      0.33501341090375053,
      0.0,
      1.5707963267948966
    ],
    [
      0.0,
      0.0,
      0.0,
      -1.5707963267948966
    ],
    [
      0.0,
      0.28629236673407454,
      0.0,
      1.5707963267948966
    ],
    [
      0.08188971580505022,
      0.0,
      0.0,
      1.5707963267948966
    ],
    [
      -0.07679932425732455,
      0.35746594563409245,
      0.0,
      -1.5707963267948966
    ],
    [
      0.0,
      0.0,
      0.0,
      1.5707963267948966
    ],
    [
      0.09040610295565489,
      0.10992560245744401,
      0.0,
      0.0
    ]
  ],
  "morphology_type": "link_scaling"
}