{
  "num_nodes": 8,
  "node_features": [
    [
      0.0,
      0.0,
      0.0,
      0.0,
      0
    ],
    [
      -3.001097584737266,
      2.9676589412425773,
      2.175,
      0.0,
      1
    ],
    [
      -3.016257159242381,
      2.9691670814232825,
      2.175,
      0.0,
      1
    ],
    [
      -3.0306261241608548,
      2.9874628237381615,
      2.175,
      0.0,
      1
    ],
    [
      -2.995253681614106,
      2.974691385691009,
      2.175,
      0.0,
      1
    ],
    [
      -3.0171815262941943,
      3.0289944652650402,
      2.175,
      0.0,
      1
    ],
    [
      -2.9085580461227423,
      2.974520102022276,
      2.175,
      0.0,
      1
    ],
    [
      -2.9230651760444215,
      2.907311803715009,
      2.175,
      0.0,
      2
    ]
  ],
  "adjacency_matrix": [
    [
      0,
      1,
      0,
      0,
      0,
      0,
      0,
      0
    ],
    [
      1,
      0,
      1,
      0,
      0,
      0,
      0,
      0
    ],
    [
      0,
      1,
      0,
      1,
      0,
      0,
      0,
      0
    ],
    [
      0,
      0,
      1,
      0,
      1,
      0,
      0,
      0
    ],
    [
      0,
      0,
      0,
      1,
      0,
      1,
      0,
      0
    ],
    [
      0,
      0,
      0,
      0,
      1,
      0,
      1,
      0
    ],
    [
      0,
      0,
      0,
      0,
      0,
      1,
      0,
      1
    ],
    [
      0,
      0,
      0,
      0,
      0,
      0,
      1,
      0
    ]
  ],
  "dh_parameters": [
    [
      0.0,
      0.35900891204691243,
      0.0,
      1.5707963267948966
    ],
    [
      0.0,
      0.0,
      0.0,
      -1.5707963267948966
    ],
    [
      0.0,
      0.29821794208635855,
      0.0,
      1.5707963267948966
    ],
    [
      0.090174209199719,
      0.0,
      0.0,
      1.5707963267948966
    ],
    [
      -0.08552804539882493,
      0.3980941749472578,
      0.0,
      -1.5707963267948966
    ],
    [
      0.0,
      0.0,
      0.0,
      1.5707963267948966
    ],
    [
      0.09116027937324894,
      0.11084261241974587,
      0.0,
      0.0
    ]
  ],
  "morphology_type": "link_scaling"
}