{
  "num_nodes": 8,
  "node_features": [
    [
      0.0,
      0.0,
      0.0,
      0.0,
      0
    ],
    [
      -2.943529588154355,
      2.981585828868324,
      2.175,
      0.0,
      1
    ],
    [
      -2.9658873536748134,
      2.99887214445069,
      2.175,
      0.0,
      1
    ],
    [
      -2.9793176960627132,
      2.929686420926923,
      2.175,
      0.0,
      1
    ],
    [
      -2.9782829972861333,
      3.0054739525876566,
      2.175,
      0.0,
      1
    ],
    [
      -2.9212814652720374,
      2.9820730535598905,
      2.175,
      0.0,
      1
    ],
    [
      -2.9065385606731238,
      3.0406354377739007,
      2.175,
      0.0,
      1
    ],
    [
      -3.0579215688118904,
      2.9810451074920152,
      2.175,
      0.0,
      2
    ]
  ],
  "adjacency_matrix": [
    [
      0,
      1,
      0,
      0,
      0,
      0,
      0,
      0
    ],
    [
      1,
      0,
      1,
      0,
      0,
      0,
      0,
      0
    ],
    [
      0,
      1,
      0,
      1,
      0,
      0,
      0,
      0
    ],
    [
      0,
      0,
      1,
      0,
      1,
      0,
      0,
      0
    ],
    [
      0,
      0,
      0,
      1,
      0,
      1,
      0,
      0
    ],
    [
      0,
      0,
      0,
      0,
      1,
      0,
      1,
      0
    ],
    [
      0,
      0,
      0,
      0,
      0,
      1,
      0,
      1
    ],
    [
      0,
      0,
      0,
      0,
      0,
      0,
      1,
      0
    ]
  ],
  "dh_parameters": [
    [
      0.0,
      0.35332710403195705,
      0.0,
      1.5707963267948966
    ],
    [
      0.0,
      0.0,
      0.0,
      -1.5707963267948966
    ],
    [
      0.0,
      0.3084286320870542,
      0.0,
      1.5707963267948966
    ],
    [
      0.08249847174605697,
      0.0,
      0.0,
      1.5707963267948966
    ],
    [
      -0.08121131584397324,
      0.3780017610192209,
      0.0,
      -1.5707963267948966
    ],
    [
      0.0,
      0.0,
      0.0,
      1.5707963267948966
    ],
    [
      0.0877301993114708,
      0.10667194689008383,
      0.0,
      0.0
    ]
  ],
  "morphology_type": "link_scaling"
}