{
  "num_nodes": 8,
  "node_features": [
    [
      0.0,
      0.0,
      0.0,
      0.0,
      0
    ],
    [
      -3.012066795204677,
      3.0411584809095533,
      2.175,
      0.0,
      1
    ],
    [
      -2.9666160045461063,
      3.065548394270313,
      2.175,
      0.0,
      1
    ],
    [
      -3.033565128066471,
      2.9552902606868963,
      2.175,
      0.0,
      1
    ],
    [
      -2.980490094904837,
      3.0090963892428624,
      2.175,
      0.0,
      1
    ],
    [
      -2.9722918377619,
      2.969544247462038,
      2.175,
      0.0,
      1
    ],
    [
      -3.012892515640971,
      3.00578934472899,
      2.175,
      0.0,
      1
    ],
    [
      -2.957804156613809,
      2.9593793583576575,
      2.175,
      0.0,
      2
    ]
  ],
  "adjacency_matrix": [
    [
      0,
      1,
      0,
      0,
      0,
      0,
      0,
      0
    ],
    [
      1,
      0,
      1,
      0,
      0,
      0,
      0,
      0
    ],
    [
      0,
      1,
      0,
      1,
      0,
      0,
      0,
      0
    ],
    [
      0,
      0,
      1,
      0,
      1,
      0,
      0,
      0
    ],
    [
      0,
      0,
      0,
      1,
      0,
      1,
      0,
      0
    ],
    [
      0,
      0,
      0,
      0,
      1,
      0,
      1,
      0
    ],
    [
      0,
      0,
      0,
      0,
      0,
      1,
      0,
      1
    ],
    [
      0,
      0,
      0,
      0,
      0,
      0,
      1,
      0
    ]
  ],
  "dh_parameters": [
    [
      0.0,
      0.31155226152233456,
      0.0,
      1.5707963267948966
    ],
    [
      0.0,
      0.0,
      0.0,
      -1.5707963267948966
    ],
    [
      0.0,
      0.2872163062105453,
      0.0,
      1.5707963267948966
    ],
    [
      0.0845983182871483,
      0.0,
      0.0,
      1.5707963267948966
    ],
    [
      -0.08042874716851957,
      0.37435925954801835,
      0.0,
      -1.5707963267948966
    ],
    [
      0.0,
      0.0,
      0.0,
      1.5707963267948966
    ],
    [
      0.08848658322395128,
      0.10759164096548622,
      0.0,
      0.0
    ]
  ],
  "morphology_type": "link_scaling"
}