{
  "num_nodes": 8,
  "node_features": [
    [
      0.0,
      0.0,
      0.0,
      0.0,
      0
    ],
    [
      -2.9551686918452007,
      3.006066848679167,
      2.175,
      0.0,
      1
    ],
    [
      -3.0136476927209097,
      2.9340564112887537,
      2.175,
      0.0,
      1
    ],
    [
      -2.9915038167814365,
      3.0216835090147356,
      2.175,
      0.0,
      1
    ],
    [
      -2.9828821893426465,
      2.9244969350416086,
      2.175,
      0.0,
      1
    ],
    [
      -3.0572193704297295,
      2.9521146721966978,
      2.175,
      0.0,
      1
    ],
    [
      -3.017446918763079,
      2.9006519026190603,
      2.175,
      0.0,
      1
    ],
    [
      -2.9870838719876645,
      2.9734693718353054,
      2.175,
      0.0,
      2
    ]
  ],
  "adjacency_matrix": [
    [
      0,
      1,
      0,
      0,
      0,
      0,
      0,
      0
    ],
    [
      1,
      0,
      1,
      0,
      0,
      0,
      0,
      0
    ],
    [
      0,
      1,
      0,
      1,
      0,
      0,
      0,
      0
    ],
    [
      0,
      0,
      1,
      0,
      1,
      0,
      0,
      0
    ],
    [
      0,
      0,
      0,
      1,
      0,
      1,
      0,
      0
    ],
    [
      0,
      0,
      0,
      0,
      1,
      0,
      1,
      0
    ],
    [
      0,
      0,
      0,
      0,
      0,
      1,
      0,
      1
    ],
    [
      0,
      0,
      0,
      0,
      0,
      0,
      1,
      0
    ]
  ],
  "dh_parameters": [
    [
      0.0,
      0.3152841825191447,
      0.0,
      1.5707963267948966
    ],
    [
      0.0,
      0.0,
      0.0,
      -1.5707963267948966
    ],
    [
      0.0,
      0.344236819704215,
      0.0,
      1.5707963267948966
    ],
    [
      0.07455206091941594,
      0.0,
      0.0,
      1.5707963267948966
    ],
    [
      -0.08831820057875088,
      0.41108107905745866,
      0.0,
      -1.5707963267948966
    ],
    [
      0.0,
      0.0,
      0.0,
      1.5707963267948966
    ],
    [
      0.08191789950505696,
      0.09960471871637606,
      0.0,
      0.0
    ]
  ],
  "morphology_type": "link_scaling"
}