{
  "num_nodes": 8,
  "node_features": [
    [
      0.0,
      0.0,
      0.0,
      0.0,
      0
    ],
    [
      -3.04723686775635,
      2.902662208903789,
      2.175,
      0.0,
      1
    ],
    [
      -3.024059812774263,
      2.927051704146617,
      2.175,
      0.0,
      1
    ],
    [
      -2.921107025119132,
      2.919223273237522,
      2.175,
      0.0,
      1
    ],
    [
      -3.0397321293492623,
      3.0413534199134973,
      2.175,
      0.0,
      1
    ],
    [
      -2.9441647796679513,
      3.0474533811680344,
      2.175,
      0.0,
      1
    ],
    [
      -3.0400785508598287,
      2.9604046339845262,
      2.175,
      0.0,
      1
    ],
    [
      -2.9916452996906324,
      3.013389336393625,
      2.175,
      0.0,
      2
    ]
  ],
  "adjacency_matrix": [
    [
      0,
      1,
      0,
      0,
      0,
      0,
      0,
      0
    ],
    [
      1,
      0,
      1,
      0,
      0,
      0,
      0,
      0
    ],
    [
      0,
      1,
      0,
      1,
      0,
      0,
      0,
      0
    ],
    [
      0,
      0,
      1,
      0,
      1,
      0,
      0,
      0
    ],
    [
      0,
      0,
      0,
      1,
      0,
      1,
      0,
      0
    ],
    [
      0,
      0,
      0,
      0,
      1,
      0,
      1,
      0
    ],
    [
      0,
      0,
      0,
      0,
      0,
      1,
      0,
      1
    ],
    [
      0,
      0,
      0,
      0,
      0,
      0,
      1,
      0
    ]
  ],
  "dh_parameters": [
    [
      0.0,
      0.30148334283642375,
      0.0,
      1.5707963267948966
    ],
    [
      0.0,
      0.0,
      0.0,
      -1.5707963267948966
    ],
    [
      0.0,
      0.2935239670763026,
      0.0,
      1.5707963267948966
    ],
    [
      0.07956003818804923,
      0.0,
      0.0,
      1.5707963267948966
    ],
    [
      -0.08405728971003966,
      0.39124847574127547,
      0.0,
      -1.5707963267948966
    ],
    [
      0.0,
      0.0,
      0.0,
      1.5707963267948966
    ],
    [
      0.08681776457542546,
      0.10556250919966506,
      0.0,
      0.0
    ]
  ],
  "morphology_type": "link_scaling"
}