{
  "num_nodes": 8,
  "node_features": [
    [
      0.0,
      0.0,
      0.0,
      0.0,
      0
    ],
    [
      -3.002920680579044,
      2.981662930834468,
      2.175,
      0.0,
      1
    ],
    [
      -3.021323899410897,
      2.941072640906153,
      2.175,
      0.0,
      1
    ],
    [
      -2.992364525767297,
      3.0149400973506326,
      2.175,
      0.0,
      1
    ],
    [
      -2.919613685726609,
      2.9030010126888275,
      2.175,
      0.0,
      1
    ],
    [
      -2.951771397143713,
      2.989512201214221,
      2.175,
      0.0,
      1
    ],
    [
      -2.9073729567968694,
      2.9564415264782995,
      2.175,
      0.0,
      1
    ],
    [
      -2.9064002772119872,
      2.917716674519779,
      2.175,
      0.0,
      2
    ]
  ],
  "adjacency_matrix": [
    [
      0,
      1,
      0,
      0,
      0,
      0,
      0,
      0
    ],
    [
      1,
      0,
      1,
      0,
      0,
      0,
      0,
      0
    ],
    [
      0,
      1,
      0,
      1,
      0,
      0,
      0,
      0
    ],
    [
      0,
      0,
      1,
      0,
      1,
      0,
      0,
      0
    ],
    [
      0,
      0,
      0,
      1,
      0,
      1,
      0,
      0
    ],
    [
      0,
      0,
      0,
      0,
      1,
      0,
      1,
      0
    ],
    [
      0,
      0,
      0,
      0,
      0,
      1,
      0,
      1
    ],
    [
      0,
      0,
      0,
      0,
      0,
      0,
      1,
      0
    ]
  ],
  "dh_parameters": [
    [
      0.0,
      0.3423645142762917,
      0.0,
      1.5707963267948966
    ],
    [
      0.0,
      0.0,
      0.0,
      -1.5707963267948966
    ],
    [
      0.0,
      0.286622480012722,
      0.0,
      1.5707963267948966
    ],
    [
      0.08998280390165014,
      0.0,
      0.0,
      1.5707963267948966
    ],
    [
      -0.08535697509167886,
      0.3972979204267234,
      0.0,
      -1.5707963267948966
    ],
    [
      0.0,
      0.0,
      0.0,
      1.5707963267948966
    ],
    [
      0.08698625577347047,
      0.10576737917910614,
      0.0,
      0.0
    ]
  ],
  "morphology_type": "link_scaling"
}