{
  "num_nodes": 8,
  "node_features": [
    [
      0.0,
      0.0,
      0.0,
      0.0,
      0
    ],
    [
      -2.928222300170664,
      2.924604020692337,
      2.175,
      0.0,
      1
    ],
    [
      -2.9445654819426403,
      2.967216729061449,
      2.175,
      0.0,
      1
    ],
    [
      -3.053176325956895,
      2.92247850562739,
      2.175,
      0.0,
      1
    ],
    [
      -2.971035547259581,
      3.039321607649842,
      2.175,
      0.0,
      1
    ],
    [
      -3.067369593088279,
      2.9124427703881066,
      2.175,
      0.0,
      1
    ],
    [
      -3.068200198846032,
      3.048441789138173,
      2.175,
      0.0,
      1
    ],
    [
      -3.015521513347321,
      2.9327771916931926,
      2.175,
      0.0,
      2
    ]
  ],
  "adjacency_matrix": [
    [
      0,
      1,
      0,
      0,
      0,
      0,
      0,
      0
    ],
    [
      1,
      0,
      1,
      0,
      0,
      0,
      0,
      0
    ],
    [
      0,
      1,
      0,
      1,
      0,
      0,
      0,
      0
    ],
    [
      0,
      0,
      1,
      0,
      1,
      0,
      0,
      0
    ],
    [
      0,
      0,
      0,
      1,
      0,
      1,
      0,
      0
    ],
    [
      0,
      0,
      0,
      0,
      1,
      0,
      1,
      0
    ],
    [
      0,
      0,
      0,
      0,
      0,
      1,
      0,
      1
    ],
    [
      0,
      0,
      0,
      0,
      0,
      0,
      1,
      0
    ]
  ],
  "dh_parameters": [
    [
      0.0,
      0.3450677294782813,
      0.0,
      1.5707963267948966
    ],
    [
      0.0,
      0.0,
      0.0,
      -1.5707963267948966
    ],
    [
      0.0,
      0.342575539009014,
      0.0,
      1.5707963267948966
    ],
    [
      0.08667053993979126,
      0.0,
      0.0,
      1.5707963267948966
    ],
    [
      -0.08682491578791643,
      0.40413051712193826,
      0.0,
      -1.5707963267948966
    ],
    [
      0.0,
      0.0,
      0.0,
      1.5707963267948966
    ],
    [
      0.09538034528878339,
      0.11597382893067981,
      0.0,
      0.0
    ]
  ],
  "morphology_type": "link_scaling"
}