{
  "num_nodes": 8,
  "node_features": [
    [
      0.0,
      0.0,
      0.0,
      0.0,
      0
    ],
    [
      -2.9306555756851207,
      2.979852380489164,
      2.175,
      0.0,
      1
    ],
    [
      -2.981992701490709,
      2.95179765705167,
      2.175,
      0.0,
      1
    ],
    [
      -2.9984421807854167,
      3.056425463138448,
      2.175,
      0.0,
      1
    ],
    [
      -2.93092821020651,
      3.0345212311905563,
      2.175,
      0.0,
      1
    ],
    [
      -2.9233605714513247,
      3.057529864722169,
      2.175,
      0.0,
      1
    ],
    [
      -2.9594557462652795,
      3.055698140440287,
      2.175,
      0.0,
      1
    ],
    [
      -2.91135782649447,
      3.027406271671441,
      2.175,
      0.0,
      2
    ]
  ],
  "adjacency_matrix": [
    [
      0,
      1,
      0,
      0,
      0,
      0,
      0,
      0
    ],
    [
      1,
      0,
      1,
      0,
      0,
      0,
      0,
      0
    ],
    [
      0,
      1,
      0,
      1,
      0,
      0,
      0,
      0
    ],
    [
      0,
      0,
      1,
      0,
      1,
      0,
      0,
      0
    ],
    [
      0,
      0,
      0,
      1,
      0,
      1,
      0,
      0
    ],
    [
      0,
      0,
      0,
      0,
      1,
      0,
      1,
      0
    ],
    [
      0,
      0,
      0,
      0,
      0,
      1,
      0,
      1
    ],
    [
      0,
      0,
      0,
      0,
      0,
      0,
      1,
      0
    ]
  ],
  "dh_parameters": [
    [
      0.0,
      0.32694517051371474,
      0.0,
      1.5707963267948966
    ],
    [
      0.0,
      0.0,
      0.0,
      -1.5707963267948966
    ],
    [
      0.0,
      0.2846632227953476,
      0.0,
      1.5707963267948966
    ],
    [
      0.07896563974241455,
      0.0,
      0.0,
      1.5707963267948966
    ],
    [
      -0.08214063688415077,
      0.3823273280425927,
      0.0,
      -1.5707963267948966
    ],
    [
      0.0,
      0.0,
      0.0,
      1.5707963267948966
    ],
    [
      0.09473386441016195,
      0.1151877669532651,
      0.0,
      0.0
    ]
  ],
  "morphology_type": "link_scaling"
}