{
  "num_nodes": 8,
  "node_features": [
    [
      0.0,
      0.0,
      0.0,
      0.0,
      0
    ],
    [
      -3.0506626449483782,
      3.029723500899694,
      2.175,
      0.0,
      1
    ],
    [
      -3.004609796831731,
      3.044255469875459,
      2.175,
      0.0,
      1
    ],
    [
      -3.055737468453035,
      2.9739495139014895,
      2.175,
      0.0,
      1
    ],
    [
      -2.9739193831051147,
      2.913294599345825,
      2.175,
      0.0,
      1
    ],
    [
      -3.0541023289582125,
      2.9248698634225234,
      2.175,
      0.0,
      1
    ],
    [
      -3.051694667183347,
      2.9624963807300455,
      2.175,
      0.0,
      1
    ],
    [
      -2.9972617293946993,
      2.9383578682464155,
      2.175,
      0.0,
      2
    ]
  ],
  "adjacency_matrix": [
    [
      0,
      1,
      0,
      0,
      0,
      0,
      0,
      0
    ],
    [
      1,
      0,
      1,
      0,
      0,
      0,
      0,
      0
    ],
    [
      0,
      1,
      0,
      1,
      0,
      0,
      0,
      0
    ],
    [
      0,
      0,
      1,
      0,
      1,
      0,
      0,
      0
    ],
    [
      0,
      0,
      0,
      1,
      0,
      1,
      0,
      0
    ],
    [
      0,
      0,
      0,
      0,
      1,
      0,
      1,
      0
    ],
    [
      0,
      0,
      0,
      0,
      0,
      1,
      0,
      1
    ],
    [
      0,
      0,
      0,
      0,
      0,
      0,
      1,
      0
    ]
  ],
  "dh_parameters": [
    [
      0.0,
      0.36608343627033724,
      0.0,
      1.5707963267948966
    ],
    [
      0.0,
      0.0,
      0.0,
      -1.5707963267948966
    ],
    [
      0.0,
      0.297500632427642,
      0.0,
      1.5707963267948966
    ],
    [
      0.08998387168946713,
      0.0,
      0.0,
      1.5707963267948966
    ],
    [
      -0.07496995653863227,
      0.3489510704343611,
      0.0,
      -1.5707963267948966
    ],
    [
      0.0,
      0.0,
      0.0,
      1.5707963267948966
    ],
    [
      0.08383559209156743,
      0.10193645856588314,
      0.0,
      0.0
    ]
  ],
  "morphology_type": "link_scaling"
}