{
  "num_nodes": 8,
  "node_features": [
    [
      0.0,
      0.0,
      0.0,
      0.0,
      0
    ],
    [
      -3.052525620902571,
      2.9857955512509293,
      2.175,
      0.0,
      1
    ],
    [
      -3.039614973619123,
      3.0587558882427803,
      2.175,
      0.0,
      1
    ],
    [
      -2.95078253432043,
      3.0172136282848903,
      2.175,
      0.0,
      1
    ],
    [
      -3.057249517390506,
      3.0101802931373447,
      2.175,
      0.0,
      1
    ],
    [
      -2.971769189994308,
      2.9898312537293785,
      2.175,
      0.0,
      1
    ],
    [
      -2.9832070998566946,
      3.0612865679538337,
      2.175,
      0.0,
      1
    ],
    [
      -2.997173891903037,
      3.0530147058213997,
      2.175,
      0.0,
      2
    ]
  ],
  "adjacency_matrix": [
    [
      0,
      1,
      0,
      0,
      0,
      0,
      0,
      0
    ],
    [
      1,
      0,
      1,
      0,
      0,
      0,
      0,
      0
    ],
    [
      0,
      1,
      0,
      1,
      0,
      0,
      0,
      0
    ],
    [
      0,
      0,
      1,
      0,
      1,
      0,
      0,
      0
    ],
    [
      0,
      0,
      0,
      1,
      0,
      1,
      0,
      0
    ],
    [
      0,
      0,
      0,
      0,
      1,
      0,
      1,
      0
    ],
    [
      0,
      0,
      0,
      0,
      0,
      1,
      0,
      1
    ],
    [
      0,
      0,
      0,
      0,
      0,
      0,
      1,
      0
    ]
  ],
  "dh_parameters": [
    [
      0.0,
      0.34507385190137685,
      0.0,
      1.5707963267948966
    ],
    [
      0.0,
      0.0,
      0.0,
      -1.5707963267948966
    ],
    [
      0.0,
      0.3161505911559317,
      0.0,
      1.5707963267948966
    ],
    [
      0.08081909818812409,
      0.0,
      0.0,
      1.5707963267948966
    ],
    [
      -0.07444218866654242,
      0.34649455088427017,
      0.0,
      -1.5707963267948966
    ],
    [
      0.0,
      0.0,
      0.0,
      1.5707963267948966
    ],
    [
      0.0921990215873797,
      0.1121056285210185,
      0.0,
      0.0
    ]
  ],
  "morphology_type": "link_scaling"
}