{
  "num_nodes": 8,
  "node_features": [
    [
      0.0,
      0.0,
      0.0,
      0.0,
      0
    ],
    [
      -2.948548373670397,
      2.9333760935308124,
      2.175,
      0.0,
      1
    ],
    [
      -2.9525894606956298,
      3.0246932448786605,
      2.175,
      0.0,
      1
    ],
    [
      -2.949191072746066,
      2.995708282541815,
      2.175,
      0.0,
      1
    ],
    [
      -2.9116518258587054,
      3.0401956895713265,
      2.175,
      0.0,
      1
    ],
    [
      -2.938765525570646,
      3.0392576676432403,
      2.175,
      0.0,
      1
    ],
    [
      -3.05674633486761,
      3.0488802249420597,
      2.175,
      0.0,
      1
    ],
    [
      -2.9772808136013458,
      2.9841928170563348,
      2.175,
      0.0,
      2
    ]
  ],
  "adjacency_matrix": [
    [
      0,
      1,
      0,
      0,
      0,
      0,
      0,
      0
    ],
    [
      1,
      0,
      1,
      0,
      0,
      0,
      0,
      0
    ],
    [
      0,
      1,
      0,
      1,
      0,
      0,
      0,
      0
    ],
    [
      0,
      0,
      1,
      0,
      1,
      0,
      0,
      0
    ],
    [
      0,
      0,
      0,
      1,
      0,
      1,
      0,
      0
    ],
    [
      0,
      0,
      0,
      0,
      1,
      0,
      1,
      0
    ],
    [
      0,
      0,
      0,
      0,
      0,
      1,
      0,
      1
    ],
    [
      0,
      0,
      0,
      0,
      0,
      0,
      1,
      0
    ]
  ],
  "dh_parameters": [
    [
      0.0,
      0.32495219601592307,
      0.0,
      1.5707963267948966
    ],
    [
      0.0,
      0.0,
      0.0,
      -1.5707963267948966
    ],
    [
      0.0,
      0.34226570552366803,
      0.0,
      1.5707963267948966
    ],
    [
      0.0863847627289682,
      0.0,
      0.0,
      1.5707963267948966
    ],
    [
      -0.08344623024718817,
      0.3884042716960031,
      0.0,
      -1.5707963267948966
    ],
    [
      0.0,
      0.0,
      0.0,
      1.5707963267948966
    ],
    [
      0.0815576408770907,
      0.09916667697555348,
      0.0,
      0.0
    ]
  ],
  "morphology_type": "link_scaling"
}