{
  "num_nodes": 8,
  "node_features": [
    [
      0.0,
      0.0,
      0.0,
      0.0,
      0
    ],
    [
      -2.9950945765078565,
      2.9126875331648985,
      2.175,
      0.0,
      1
    ],
    [
      -3.0185866112548387,
      2.9530780214830976,
      2.175,
      0.0,
      1
    ],
    [
      -2.9402930489986763,
      2.909461300162787,
      2.175,
      0.0,
      1
    ],
    [
      -2.9830944941356514,
      3.043315538562205,
      2.175,
      0.0,
      1
    ],
    [
      -2.918373936833904,
      3.0466986144685677,
      2.175,
      0.0,
      1
    ],
    [
      -3.0394320545343922,
      2.905551887772615,
      2.175,
      0.0,
      1
    ],
    [
      -2.965764882500932,
      2.9814061906559557,
      2.175,
      0.0,
      2
    ]
  ],
  "adjacency_matrix": [
    [
      0,
      1,
      0,
      0,
      0,
      0,
      0,
      0
    ],
    [
      1,
      0,
      1,
      0,
      0,
      0,
      0,
      0
    ],
    [
      0,
      1,
      0,
      1,
      0,
      0,
      0,
      0
    ],
    [
      0,
      0,
      1,
      0,
      1,
      0,
      0,
      0
    ],
    [
      0,
      0,
      0,
      1,
      0,
      1,
      0,
      0
    ],
    [
      0,
      0,
      0,
      0,
      1,
      0,
      1,
      0
    ],
    [
      0,
      0,
      0,
      0,
      0,
      1,
      0,
      1
    ],
    [
      0,
      0,
      0,
      0,
      0,
      0,
      1,
      0
    ]
  ],
  "dh_parameters": [
    [
      0.0,
      0.3483906774811713,
      0.0,
      1.5707963267948966
    ],
    [
      0.0,
      0.0,
      0.0,
      -1.5707963267948966
    ],
    [
      0.0,
      0.29682786687467444,
      0.0,
      1.5707963267948966
    ],
    [
      0.08025529984834077,
      0.0,
      0.0,
      1.5707963267948966
    ],
    [
      -0.08629183673015019,
      0.40164927641669906,
      0.0,
      -1.5707963267948966
    ],
    [
      0.0,
      0.0,
      0.0,
      1.5707963267948966
    ],
    [
      0.09605982443197184,
      0.11680001379796576,
      0.0,
      0.0
    ]
  ],
  "morphology_type": "link_scaling"
}