{
  "num_nodes": 8,
  "node_features": [
    [
      0.0,
      0.0,
      0.0,
      0.0,
      0
    ],
    [
      -3.040587620490771,
      2.9475309336502833,
      2.175,
      0.0,
      1
    ],
    [
      -2.921635468002835,
      2.900428258571219,
      2.175,
      0.0,
      1
    ],
    [
      -3.012952111251852,
      2.987085137508246,
      2.175,
      0.0,
      1
    ],
    [
      -3.065632269198892,
      3.0099296533387956,
      2.175,
      0.0,
      1
    ],
    [
      -3.0577502200818842,
      2.994439120732366,
      2.175,
      0.0,
      1
    ],
    [
      -3.0274328108095268,
      3.0333988385205615,
      2.175,
      0.0,
      1
    ],
    [
      -3.0698919815641297,
      2.9947786200280633,
      2.175,
      0.0,
      2
    ]
  ],
  "adjacency_matrix": [
    [
      0,
      1,
      0,
      0,
      0,
      0,
      0,
      0
    ],
    [
      1,
      0,
      1,
      0,
      0,
      0,
      0,
      0
    ],
    [
      0,
      1,
      0,
      1,
      0,
      0,
      0,
      0
    ],
    [
      0,
      0,
      1,
      0,
      1,
      0,
      0,
      0
    ],
    [
      0,
      0,
      0,
      1,
      0,
      1,
      0,
      0
    ],
    [
      0,
      0,
      0,
      0,
      1,
      0,
      1,
      0
    ],
    [
      0,
      0,
      0,
      0,
      0,
      1,
      0,
      1
    ],
    [
      0,
      0,
      0,
      0,
      0,
      0,
      1,
      0
    ]
  ],
  "dh_parameters": [
    [
      0.0,
      0.36077254729898767,
      0.0,
      1.5707963267948966
    ],
    [
      0.0,
      0.0,
      0.0,
      -1.5707963267948966
    ],
    [
      0.0,
      0.29069191827640545,
      0.0,
      1.5707963267948966
    ],
    [
      0.08801118964552515,
      0.0,
      0.0,
      1.5707963267948966
    ],
    [
      -0.07921606955649259,
      0.36871479648112915,
      0.0,
      -1.5707963267948966
    ],
    [
      0.0,
      0.0,
      0.0,
      1.5707963267948966
    ],
    [
      0.08204342400067278,
      0.09975734509172714,
      0.0,
      0.0
    ]
  ],
  "morphology_type": "link_scaling"
}