{
  "num_nodes": 8,
  "node_features": [
    [
      0.0,
      0.0,
      0.0,
      0.0,
      0
    ],
    [
      -2.9090811236382645,
      2.900801578348561,
      2.175,
      0.0,
      1
    ],
    [
      -3.0450037249336233,
      2.940041373708508,
      2.175,
      0.0,
      1
    ],
    [
      -2.935839393054247,
      2.966589847198261,
      2.175,
      0.0,
      1
    ],
    [
      -2.979995708180824,
      2.966583313803784,
      2.175,
      0.0,
      1
    ],
    [
      -2.9659191135325242,
      2.9133384682418515,
      2.175,
      0.0,
      1
    ],
    [
      -2.9027062298510984,
      3.0459325120652987,
      2.175,
      0.0,
      1
    ],
    [
      -2.9733312628417092,
      2.9017630647307304,
      2.175,
      0.0,
      2
    ]
  ],
  "adjacency_matrix": [
    [
      0,
      1,
      0,
      0,
      0,
      0,
      0,
      0
    ],
    [
      1,
      0,
      1,
      0,
      0,
      0,
      0,
      0
    ],
    [
      0,
      1,
      0,
      1,
      0,
      0,
      0,
      0
    ],
    [
      0,
      0,
      1,
      0,
      1,
      0,
      0,
      0
    ],
    [
      0,
      0,
      0,
      1,
      0,
      1,
      0,
      0
    ],
    [
      0,
      0,
      0,
      0,
      1,
      0,
      1,
      0
    ],
    [
      0,
      0,
      0,
      0,
      0,
      1,
      0,
      1
    ],
    [
      0,
      0,
      0,
      0,
      0,
      0,
      1,
      0
    ]
  ],
  "dh_parameters": [
    [
      0.0,
      0.3411965484385017,
      0.0,
      1.5707963267948966
    ],
    [
      0.0,
      0.0,
      0.0,
      -1.5707963267948966
    ],
    [
      0.0,
      0.3006311165071786,
      0.0,
      1.5707963267948966
    ],
    [
      0.0884820680903232,
      0.0,
      0.0,
      1.5707963267948966
    ],
    [
      -0.07934890339566858,
      0.36933307762347556,
      0.0,
      -1.5707963267948966
    ],
    [
      0.0,
      0.0,
      0.0,
      1.5707963267948966
    ],
    [
      0.0893697032710635,
      0.10866543465913403,
      0.0,
      0.0
    ]
  ],
  "morphology_type": "link_scaling"
}