{
  "num_nodes": 8,
  "node_features": [
    [
      0.0,
      0.0,
      0.0,
      0.0,
      0
    ],
    [
      -3.0500629553938596,
      3.06119321675038,
      2.175,
      0.0,
      1
    ],
    [
      -3.037294065705362,
      3.0390816301578396,
      2.175,
      0.0,
      1
    ],
    [
      -3.05660457354785,
      3.0547021954393534,
      2.175,
      0.0,
      1
    ],
    [
      -2.961361197723617,
      3.067429601423344,
      2.175,
      0.0,
      1
    ],
    [
      -3.0279750969112453,
      2.9916916006137297,
      2.175,
      0.0,
      1
    ],
    [
      -3.032021140776775,
      2.9296700216463356,
      2.175,
      0.0,
      1
    ],
    [
      -2.957825646901691,
      2.92055144183124,
      2.175,
      0.0,
      2
    ]
  ],
  "adjacency_matrix": [
    [
      0,
      1,
      0,
      0,
      0,
      0,
      0,
      0
    ],
    [
      1,
      0,
      1,
      0,
      0,
      0,
      0,
      0
    ],
    [
      0,
      1,
      0,
      1,
      0,
      0,
      0,
      0
    ],
    [
      0,
      0,
      1,
      0,
      1,
      0,
      0,
      0
    ],
    [
      0,
      0,
      0,
      1,
      0,
      1,
      0,
      0
    ],
    [
      0,
      0,
      0,
      0,
      1,
      0,
      1,
      0
    ],
    [
      0,
      0,
      0,
      0,
      0,
      1,
      0,
      1
    ],
    [
      0,
      0,
      0,
      0,
      0,
      0,
      1,
      0
    ]
  ],
  "dh_parameters": [
    [
      0.0,
      0.36209401729030877,
      0.0,
      1.5707963267948966
    ],
    [
      0.0,
      0.0,
      0.0,
      -1.5707963267948966
    ],
    [
      0.0,
      0.3281637072937774,
      0.0,
      1.5707963267948966
    ],
    [
      0.08320756896783084,
      0.0,
      0.0,
      1.5707963267948966
    ],
    [
      -0.08657494501932299,
      0.4029670168172125,
      0.0,
      -1.5707963267948966
    ],
    [
      0.0,
      0.0,
      0.0,
      1.5707963267948966
    ],
    [
      0.08719394374787243,
      0.10601990887525398,
      0.0,
      0.0
    ]
  ],
  "morphology_type": "link_scaling"
}