{
  "num_nodes": 8,
  "node_features": [
    [
      0.0,
      0.0,
      0.0,
      0.0,
      0
    ],
    [
      -3.0264949434426205,
      2.9879132680438225,
      2.175,
      0.0,
      1
    ],
    [
      -2.9536058251665462,
      3.069264340025697,
      2.175,
      0.0,
      1
    ],
    [
      -2.946357573329049,
      2.9717093058366246,
      2.175,
      0.0,
      1
    ],
    [
      -2.961669935684454,
      2.9649048183906817,
      2.175,
      0.0,
      1
    ],
    [
      -2.9354008334758173,
      3.0296952735310665,
      2.175,
      0.0,
      1
    ],
    [
      -2.999595239820431,
      3.049530821798471,
      2.175,
      0.0,
      1
    ],
    [
      -2.9557258415811085,
      2.9996496358334968,
      2.175,
      0.0,
      2
    ]
  ],
  "adjacency_matrix": [
    [
      0,
      1,
      0,
      0,
      0,
      0,
      0,
      0
    ],
    [
      1,
      0,
      1,
      0,
      0,
      0,
      0,
      0
    ],
    [
      0,
      1,
      0,
      1,
      0,
      0,
      0,
      0
    ],
    [
      0,
      0,
      1,
      0,
      1,
      0,
      0,
      0
    ],
    [
      0,
      0,
      0,
      1,
      0,
      1,
      0,
      0
    ],
    [
      0,
      0,
      0,
      0,
      1,
      0,
      1,
      0
    ],
    [
      0,
      0,
      0,
      0,
      0,
      1,
      0,
      1
    ],
    [
      0,
      0,
      0,
      0,
      0,
      0,
      1,
      0
    ]
  ],
  "dh_parameters": [
    [
      0.0,
      0.33727576113534286,
      0.0,
      1.5707963267948966
    ],
    [
      0.0,
      0.0,
      0.0,
      -1.5707963267948966
    ],
    [
      0.0,
      0.3185324706237149,
      0.0,
      1.5707963267948966
    ],
    [
      0.08141672583414411,
      0.0,
      0.0,
      1.5707963267948966
    ],
    [
      -0.08025013434864758,
      0.3735278980591597,
      0.0,
      -1.5707963267948966
    ],
    [
      0.0,
      0.0,
      0.0,
      1.5707963267948966
    ],
    [
      0.08932984103926694,
      0.10861696580910868,
      0.0,
      0.0
    ]
  ],
  "morphology_type": "link_scaling"
}