{
  "num_nodes": 8,
  "node_features": [
    [
      0.0,
      0.0,
      0.0,
      0.0,
      0
    ],
    [
      -3.0537174602204273,
      3.0471501973959914,
      2.175,
      0.0,
      1
    ],
    [
      -3.008369866021088,
      2.999583827009166,
      2.175,
      0.0,
      1
    ],
    [
      -2.950420709215859,
      3.0159549365289977,
      2.175,
      0.0,
      1
    ],
    [
      -2.9784504872256523,
      2.9620804862426944,
      2.175,
      0.0,
      1
    ],
    [
      -2.9817674988132437,
      2.9277993689664488,
      2.175,
      0.0,
      1
    ],
    [
      -3.052267036864816,
      2.901839189745197,
      2.175,
      0.0,
      1
    ],
    [
      -3.0306772907759676,
      3.060911238556149,
      2.175,
      0.0,
      2
    ]
  ],
  "adjacency_matrix": [
    [
      0,
      1,
      0,
      0,
      0,
      0,
      0,
      0
    ],
    [
      1,
      0,
      1,
      0,
      0,
      0,
      0,
      0
    ],
    [
      0,
      1,
      0,
      1,
      0,
      0,
      0,
      0
    ],
    [
      0,
      0,
      1,
      0,
      1,
      0,
      0,
      0
    ],
    [
      0,
      0,
      0,
      1,
      0,
      1,
      0,
      0
    ],
    [
      0,
      0,
      0,
      0,
      1,
      0,
      1,
      0
    ],
    [
      0,
      0,
      0,
      0,
      0,
      1,
      0,
      1
    ],
    [
      0,
      0,
      0,
      0,
      0,
      0,
      1,
      0
    ]
  ],
  "dh_parameters": [
    [
      0.0,
      0.36356503165910586,
      0.0,
      1.5707963267948966
    ],
    [
      0.0,
      0.0,
      0.0,
      -1.5707963267948966
    ],
    [
      0.0,
      0.29693732838362313,
      0.0,
      1.5707963267948966
    ],
    [
      0.08259921142107689,
      0.0,
      0.0,
      1.5707963267948966
    ],
    [
      -0.088194825940502,
      0.4105068261957911,
      0.0,
      -1.5707963267948966
    ],
    [
      0.0,
      0.0,
      0.0,
      1.5707963267948966
    ],
    [
      0.08054894332163037,
      0.09794019244789148,
      0.0,
      0.0
    ]
  ],
  "morphology_type": "link_scaling"
}