{
  "num_nodes": 8,
  "node_features": [
    [
      0.0,
      0.0,
      0.0,
      0.0,
      0
    ],
    [
      -2.9970333497265687,
      2.9795385163874815,
      2.175,
      0.0,
      1
    ],
    [
      -2.961287233625191,
      3.016801522942922,
      2.175,
      0.0,
      1
    ],
    [
      -3.0246116434845653,
      3.0379176231438247,
      2.175,
      0.0,
      1
    ],
    [
      -2.944669224347064,
      2.9150133050294778,
      2.175,
      0.0,
      1
    ],
    [
      -2.918149764443808,
      2.9382318430096643,
      2.175,
      0.0,
      1
    ],
    [
      -2.937805535033351,
      2.9206163195646386,
      2.175,
      0.0,
      1
    ],
    [
      -2.9799485259098235,
      3.0595938519699777,
      2.175,
      0.0,
      2
    ]
  ],
  "adjacency_matrix": [
    [
      0,
      1,
      0,
      0,
      0,
      0,
      0,
      0
    ],
    [
      1,
      0,
      1,
      0,
      0,
      0,
      0,
      0
    ],
    [
      0,
      1,
      0,
      1,
      0,
      0,
      0,
      0
    ],
    [
      0,
      0,
      1,
      0,
      1,
      0,
      0,
      0
    ],
    [
      0,
      0,
      0,
      1,
      0,
      1,
      0,
      0
    ],
    [
      0,
      0,
      0,
      0,
      1,
      0,
      1,
      0
    ],
    [
      0,
      0,
      0,
      0,
      0,
      1,
      0,
      1
    ],
    [
      0,
      0,
      0,
      0,
      0,
      0,
      1,
      0
    ]
  ],
  "dh_parameters": [
    [
      0.0,
      0.3366692088636863,
      0.0,
      1.5707963267948966
    ],
    [
      0.0,
      0.0,
      0.0,
      -1.5707963267948966
    ],
    [
      0.0,
      0.3116220155019673,
      0.0,
      1.5707963267948966
    ],
    [
      0.08184851038228767,
      0.0,
      0.0,
      1.5707963267948966
    ],
    [
      -0.07694233537994356,
      0.35813159740482825,
      0.0,
      -1.5707963267948966
    ],
    [
      0.0,
      0.0,
      0.0,
      1.5707963267948966
    ],
    [
      0.08043285293359992,
      0.09779903708971809,
      0.0,
      0.0
    ]
  ],
  "morphology_type": "link_scaling"
}