{
  "num_nodes": 8,
  "node_features": [
    [
      0.0,
      0.0,
      0.0,
      0.0,
      0
    ],
    [
      -2.9967499027871005,
      2.9215532845883234,
      2.175,
      0.0,
      1
    ],
    [
      -2.920678710212128,
      2.994258244508772,
      2.175,
      0.0,
      1
    ],
    [
      -2.9774987002457665,
      3.022259262916103,
      2.175,
      0.0,
      1
    ],
    [
      -3.0217326047194604,
      2.9989539969409917,
      2.175,
      0.0,
      1
    ],
    [
      -2.9967286842963663,
      2.9543377453297643,
      2.175,
      0.0,
      1
    ],
    [
      -3.0209676104941883,
      2.9009865168725386,
      2.175,
      0.0,
      1
    ],
    [
      -2.939390754373406,
      2.9240333355233723,
      2.175,
      0.0,
      2
    ]
  ],
  "adjacency_matrix": [
    [
      0,
      1,
      0,
      0,
      0,
      0,
      0,
      0
    ],
    [
      1,
      0,
      1,
      0,
      0,
      0,
      0,
      0
    ],
    [
      0,
      1,
      0,
      1,
      0,
      0,
      0,
      0
    ],
    [
      0,
      0,
      1,
      0,
      1,
      0,
      0,
      0
    ],
    [
      0,
      0,
      0,
      1,
      0,
      1,
      0,
      0
    ],
    [
      0,
      0,
      0,
      0,
      1,
      0,
      1,
      0
    ],
    [
      0,
      0,
      0,
      0,
      0,
      1,
      0,
      1
    ],
    [
      0,
      0,
      0,
      0,
      0,
      0,
      1,
      0
    ]
  ],
  "dh_parameters": [
    [
      0.0,
      0.29981714240939256,
      0.0,
      1.5707963267948966
    ],
    [
      0.0,
      0.0,
      0.0,
      -1.5707963267948966
    ],
    [
      0.0,
      0.33933653002782027,
      0.0,
      1.5707963267948966
    ],
    [
      0.08925886849621269,
      0.0,
      0.0,
      1.5707963267948966
    ],
    [
      -0.07989141061741507,
      0.37185820214651377,
      0.0,
      -1.5707963267948966
    ],
    [
      0.0,
      0.0,
      0.0,
      1.5707963267948966
    ],
    [
      0.089725853913901,
      0.10909848146349327,
      0.0,
      0.0
    ]
  ],
  "morphology_type": "link_scaling"
}