{
  "num_nodes": 8,
  "node_features": [
    [
      0.0,
      0.0,
      0.0,
      0.0,
      0
    ],
    [
      -2.932491372972499,
      2.9402765380581926,
      2.175,
      0.0,
      1
    ],
    [
      -3.035939881204808,
      3.0530028258752853,
      2.175,
      0.0,
      1
    ],
    [
      -2.9130756187222935,
      2.9615213403379608,
      2.175,
      0.0,
      1
    ],
    [
      -2.9010426900221393,
      3.020720006990879,
      2.175,
      0.0,
      1
    ],
    [
      -3.0052975649991773,
      2.990999215364533,
      2.175,
      0.0,
      1
    ],
    [
      -2.999479752051822,
      2.9205290142023688,
      2.175,
      0.0,
      1
    ],
    [
      -2.9194297506218807,
      2.921476108120661,
      2.175,
      0.0,
      2
    ]
  ],
  "adjacency_matrix": [
    [
      0,
      1,
      0,
      0,
      0,
      0,
      0,
      0
    ],
    [
      1,
      0,
      1,
      0,
      0,
      0,
      0,
      0
    ],
    [
      0,
      1,
      0,
      1,
      0,
      0,
      0,
      0
    ],
    [
      0,
      0,
      1,
      0,
      1,
      0,
      0,
      0
    ],
    [
      0,
      0,
      0,
      1,
      0,
      1,
      0,
      0
    ],
    [
      0,
      0,
      0,
      0,
      1,
      0,
      1,
      0
    ],
    [
      0,
      0,
      0,
      0,
      0,
      1,
      0,
      1
    ],
    [
      0,
      0,
      0,
      0,
      0,
      0,
      1,
      0
    ]
  ],
  "dh_parameters": [
    [
      0.0,
      0.3497584962462583,
      0.0,
      1.5707963267948966
    ],
    [
      0.0,
      0.0,
      0.0,
      -1.5707963267948966
    ],
    [
      0.0,
      0.29887141549188445,
      0.0,
      1.5707963267948966
    ],
    [
      0.08498548426500831,
      0.0,
      0.0,
      1.5707963267948966
    ],
    [
      -0.07861929593549048,
      0.3659370865361012,
      0.0,
      -1.5707963267948966
    ],
    [
      0.0,
      0.0,
      0.0,
      1.5707963267948966
    ],
    [
      0.08336729591146652,
      0.10136705298326043,
      0.0,
      0.0
    ]
  ],
  "morphology_type": "link_scaling"
}