{
  "num_nodes": 8,
  "node_features": [
    [
      0.0,
      0.0,
      0.0,
      0.0,
      0
    ],
    [
      -2.90893923808049,
      3.0438931185399514,
      2.175,
      0.0,
      1
    ],
    [
      -2.9036059657985818,
      2.9487211247776717,
      2.175,
      0.0,
      1
    ],
    [
      -2.91127414520101,
      2.9908913886580226,
      2.175,
      0.0,
      1
    ],
    [
      -2.9823079538277755,
      2.998000349255697,
      2.175,
      0.0,
      1
    ],
    [
      -3.0676063551522725,
      2.927688664287892,
      2.175,
      0.0,
      1
    ],
    [
      -3.041235260248044,
      2.9090867077390996,
      2.175,
      0.0,
      1
    ],
    [
      -2.9821290522679216,
      2.9363286858595474,
      2.175,
      0.0,
      2
    ]
  ],
  "adjacency_matrix": [
    [
      0,
      1,
      0,
      0,
      0,
      0,
      0,
      0
    ],
    [
      1,
      0,
      1,
      0,
      0,
      0,
      0,
      0
    ],
    [
      0,
      1,
      0,
      1,
      0,
      0,
      0,
      0
    ],
    [
      0,
      0,
      1,
      0,
      1,
      0,
      0,
      0
    ],
    [
      0,
      0,
      0,
      1,
      0,
      1,
      0,
      0
    ],
    [
      0,
      0,
      0,
      0,
      1,
      0,
      1,
      0
    ],
    [
      0,
      0,
      0,
      0,
      0,
      1,
      0,
      1
    ],
    [
      0,
      0,
      0,
      0,
      0,
      0,
      1,
      0
    ]
  ],
  "dh_parameters": [
    [
      0.0,
      0.33849020875658553,
      0.0,
      1.5707963267948966
    ],
    [
      0.0,
      0.0,
      0.0,
      -1.5707963267948966
    ],
    [
      0.0,
      0.32647197785881693,
      0.0,
      1.5707963267948966
    ],
    [
      0.08941117639611838,
      0.0,
      0.0,
      1.5707963267948966
    ],
    [
      -0.0881381785258859,
      0.410243158229578,
      0.0,
      -1.5707963267948966
    ],
    [
      0.0,
      0.0,
      0.0,
      1.5707963267948966
    ],
    [
      0.08370745288712247,
      0.10178065294229664,
      0.0,
      0.0
    ]
  ],
  "morphology_type": "link_scaling"
}