{
  "num_nodes": 8,
  "node_features": [
    [
      0.0,
      0.0,
      0.0,
      0.0,
      0
    ],
    [
      -2.9573541796125333,
      2.948928618190547,
      2.175,
      0.0,
      1
    ],
    [
      -3.0329836595564834,
      2.9611735159407515,
      2.175,
      0.0,
      1
    ],
    [
      -2.920974047757924,
      3.054180382475282,
      2.175,
      0.0,
      1
    ],
    [
      -3.0292829893027853,
      3.0327972892880752,
      2.175,
      0.0,
      1
    ],
    [
      -2.9273051598371285,
      2.9224444016662177,
      2.175,
      0.0,
      1
    ],
    [
      -2.94208331802843,
      3.068502782493879,
      2.175,
      0.0,
      1
    ],
    [
      -3.0637074352575757,
      2.944726895962801,
      2.175,
      0.0,
      2
    ]
  ],
  "adjacency_matrix": [
    [
      0,
      1,
      0,
      0,
      0,
      0,
      0,
      0
    ],
    [
      1,
      0,
      1,
      0,
      0,
      0,
      0,
      0
    ],
    [
      0,
      1,
      0,
      1,
      0,
      0,
      0,
      0
    ],
    [
      0,
      0,
      1,
      0,
      1,
      0,
      0,
      0
    ],
    [
      0,
      0,
      0,
      1,
      0,
      1,
      0,
      0
    ],
    [
      0,
      0,
      0,
      0,
      1,
      0,
      1,
      0
    ],
    [
      0,
      0,
      0,
      0,
      0,
      1,
      0,
      1
    ],
    [
      0,
      0,
      0,
      0,
      0,
      0,
      1,
      0
    ]
  ],
  "dh_parameters": [
    [
      0.0,
      0.35100901910525256,
      0.0,
      1.5707963267948966
    ],
    [
      0.0,
      0.0,
      0.0,
      -1.5707963267948966
    ],
    [
      0.0,
      0.344474213201688,
      0.0,
      1.5707963267948966
    ],
    [
      0.07474551411424935,
      0.0,
      0.0,
      1.5707963267948966
    ],
    [
      -0.08639857341099424,
      0.402146087149355,
      0.0,
      -1.5707963267948966
    ],
    [
      0.0,
      0.0,
      0.0,
      1.5707963267948966
    ],
    [
      0.08291877373162039,
      0.10082169078731115,
      0.0,
      0.0
    ]
  ],
  "morphology_type": "link_scaling"
}