{
  "num_nodes": 8,
  "node_features": [
    [
      0.0,
      0.0,
      0.0,
      0.0,
      0
    ],
    [
      -2.9116898142617935,
      2.9956708792464704,
      2.175,
      0.0,
      1
    ],
    [
      -3.018701844744337,
      3.0671997025783555,
      2.175,
      0.0,
      1
    ],
    [
      -2.910441517955542,
      3.009134785210486,
      2.175,
      0.0,
      1
    ],
    [
      -3.0632904466898476,
      3.0048593861767157,
      2.175,
      0.0,
      1
    ],
    [
      -2.990712531582865,
      3.0194680351425807,
      2.175,
      0.0,
      1
    ],
    [
      -2.9139020830540607,
      3.014475460683532,
      2.175,
      0.0,
      1
    ],
    [
      -3.060998144185736,
      3.03477146346511,
      2.175,
      0.0,
      2
    ]
  ],
  "adjacency_matrix": [
    [
      0,
      1,
      0,
      0,
      0,
      0,
      0,
      0
    ],
    [
      1,
      0,
      1,
      0,
      0,
      0,
      0,
      0
    ],
    [
      0,
      1,
      0,
      1,
      0,
      0,
      0,
      0
    ],
    [
      0,
      0,
      1,
      0,
      1,
      0,
      0,
      0
    ],
    [
      0,
      0,
      0,
      1,
      0,
      1,
      0,
      0
    ],
    [
      0,
      0,
      0,
      0,
      1,
      0,
      1,
      0
    ],
    [
      0,
      0,
      0,
      0,
      0,
      1,
      0,
      1
    ],
    [
      0,
      0,
      0,
      0,
      0,
      0,
      1,
      0
    ]
  ],
  "dh_parameters": [
    [
      0.0,
      0.3460976333324666,
      0.0,
      1.5707963267948966
    ],
    [
      0.0,
      0.0,
      0.0,
      -1.5707963267948966
    ],
    [
      0.0,
      0.2916163899630545,
      0.0,
      1.5707963267948966
    ],
    [
      0.074925734745114,
      0.0,
      0.0,
      1.5707963267948966
    ],
    [
      -0.08059006875077357,
      0.3751101381854188,
      0.0,
      -1.5707963267948966
    ],
    [
      0.0,
      0.0,
      0.0,
      1.5707963267948966
    ],
    [
      0.08925729870119153,
      0.10852876092076699,
      0.0,
      0.0
    ]
  ],
  "morphology_type": "link_scaling"
}