{
  "num_nodes": 8,
  "node_features": [
    [
      0.0,
      0.0,
      0.0,
      0.0,
      0
    ],
    [
      -2.9623446613382214,
      2.9872217735745488,
      2.175,
      0.0,
      1
    ],
    [
      -3.0660163068009423,
      2.9709539679070938,
      2.175,
      0.0,
      1
    ],
    [
      -2.9860536333671286,
      3.066478370127944,
      2.175,
      0.0,
      1
    ],
    [
      -2.9255575598594064,
      2.994036407907432,
      2.175,
      0.0,
      1
    ],
    [
      -3.0361404412547968,
      2.968960122142066,
      2.175,
      0.0,
      1
    ],
    [
      -2.9242114664132473,
      3.045183877713578,
      2.175,
      0.0,
      1
    ],
    [
      -3.006445491575395,
      3.0171492372388715,
      2.175,
      0.0,
      2
    ]
  ],
  "adjacency_matrix": [
    [
      0,
      1,
      0,
      0,
      0,
      0,
      0,
      0
    ],
    [
      1,
      0,
      1,
      0,
      0,
      0,
      0,
      0
    ],
    [
      0,
      1,
      0,
      1,
      0,
      0,
      0,
      0
    ],
    [
      0,
      0,
      1,
      0,
      1,
      0,
      0,
      0
    ],
    [
      0,
      0,
      0,
      1,
      0,
      1,
      0,
      0
    ],
    [
      0,
      0,
      0,
      0,
      1,
      0,
      1,
      0
    ],
    [
      0,
      0,
      0,
      0,
      0,
      1,
      0,
      1
    ],
    [
      0,
      0,
      0,
      0,
      0,
      0,
      1,
      0
    ]
  ],
  "dh_parameters": [
    [
      0.0,
      0.3409817977851259,
      0.0,
      1.5707963267948966
    ],
    [
      0.0,
      0.0,
      0.0,
      -1.5707963267948966
    ],
    [
      0.0,
      0.3035161492507278,
      0.0,
      1.5707963267948966
    ],
    [
      0.07826721901706714,
      0.0,
      0.0,
      1.5707963267948966
    ],
    [
      -0.08461389231782182,
      0.39383920787931614,
      0.0,
      -1.5707963267948966
    ],
    [
      0.0,
      0.0,
      0.0,
      1.5707963267948966
    ],
    [
      0.09193339862717663,
      0.11178265514895341,
      0.0,
      0.0
    ]
  ],
  "morphology_type": "link_scaling"
}