{
  "num_nodes": 8,
  "node_features": [
    [
      0.0,
      0.0,
      0.0,
      0.0,
      0
    ],
    [
      -3.0571158926477002,
      2.9587015034711226,
      2.175,
      0.0,
      1
    ],
    [
      -3.0639609986793728,
      2.9207984036504357,
      2.175,
      0.0,
      1
    ],
    [
      -2.9924492096030457,
      3.0008299858167806,
      2.175,
      0.0,
      1
    ],
    [
      -3.0257137288369282,
      3.0566050438552796,
      2.175,
      0.0,
      1
    ],
    [
      -3.0100449351198217,
      2.9203670558111234,
      2.175,
      0.0,
      1
    ],
    [
      -3.067160705862381,
      2.908391045743362,
      2.175,
      0.0,
      1
    ],
    [
      -3.058046249737621,
      2.9925535977867646,
      2.175,
      0.0,
      2
    ]
  ],
  "adjacency_matrix": [
    [
      0,
      1,
      0,
      0,
      0,
      0,
      0,
      0
    ],
    [
      1,
      0,
      1,
      0,
      0,
      0,
      0,
      0
    ],
    [
      0,
      1,
      0,
      1,
      0,
      0,
      0,
      0
    ],
    [
      0,
      0,
      1,
      0,
      1,
      0,
      0,
      0
    ],
    [
      0,
      0,
      0,
      1,
      0,
      1,
      0,
      0
    ],
    [
      0,
      0,
      0,
      0,
      1,
      0,
      1,
      0
    ],
    [
      0,
      0,
      0,
      0,
      0,
      1,
      0,
      1
    ],
    [
      0,
      0,
      0,
      0,
      0,
      0,
      1,
      0
    ]
  ],
  "dh_parameters": [
    [
      0.0,
      0.3432813087460836,
      0.0,
      1.5707963267948966
    ],
    [
      0.0,
      0.0,
      0.0,
      -1.5707963267948966
    ],
    [
      0.0,
      0.3231160138355034,
      0.0,
      1.5707963267948966
    ],
    [
      0.07555879847880544,
      0.0,
      0.0,
      1.5707963267948966
    ],
    [
      -0.08939234705136527,
      0.416080742639082,
      0.0,
      -1.5707963267948966
    ],
    [
      0.0,
      0.0,
      0.0,
      1.5707963267948966
    ],
    [
      0.08506871978793679,
      0.10343582974215042,
      0.0,
      0.0
    ]
  ],
  "morphology_type": "link_scaling"
}