{
  "num_nodes": 8,
  "node_features": [
    [
      0.0,
      0.0,
      0.0,
      0.0,
      0
    ],
    [
      -3.0302096575587596,
      3.047060307474611,
      2.175,
      0.0,
      1
    ],
    [
      -3.0348257146796764,
      2.9447346854727625,
      2.175,
      0.0,
      1
    ],
    [
      -3.0147199757921395,
      3.026062860626953,
      2.175,
      0.0,
      1
    ],
    [
      -2.9443312846966228,
      3.0149547827823624,
      2.175,
      0.0,
      1
    ],
    [
      -2.974241386841399,
      2.9043657665201894,
      2.175,
      0.0,
      1
    ],
    [
      -2.9308036437788054,
      3.0030081987832156,
      2.175,
      0.0,
      1
    ],
    [
      -2.9557484380009678,
      2.967546007398066,
      2.175,
      0.0,
      2
    ]
  ],
  "adjacency_matrix": [
    [
      0,
      1,
      0,
      0,
      0,
      0,
      0,
      0
    ],
    [
      1,
      0,
      1,
      0,
      0,
      0,
      0,
      0
    ],
    [
      0,
      1,
      0,
      1,
      0,
      0,
      0,
      0
    ],
    [
      0,
      0,
      1,
      0,
      1,
      0,
      0,
      0
    ],
    [
      0,
      0,
      0,
      1,
      0,
      1,
      0,
      0
    ],
    [
      0,
      0,
      0,
      0,
      1,
      0,
      1,
      0
    ],
    [
      0,
      0,
      0,
      0,
      0,
      1,
      0,
      1
    ],
    [
      0,
      0,
      0,
      0,
      0,
      0,
      1,
      0
    ]
  ],
  "dh_parameters": [
    [
      0.0,
      0.3504793535268011,
      0.0,
      1.5707963267948966
    ],
    [
      0.0,
      0.0,
      0.0,
      -1.5707963267948966
    ],
    [
      0.0,
      0.3243878416104297,
      0.0,
      1.5707963267948966
    ],
    [
      0.08884527288154313,
      0.0,
      0.0,
      1.5707963267948966
    ],
    [
      -0.08941148625486767,
      0.41616982693174764,
      0.0,
      -1.5707963267948966
    ],
    [
      0.0,
      0.0,
      0.0,
      1.5707963267948966
    ],
    [
      0.07937034041759265,
      0.09650711846230016,
      0.0,
      0.0
    ]
  ],
  "morphology_type": "link_scaling"
}