{
  "num_nodes": 8,
  "node_features": [
    [
      0.0,
      0.0,
      0.0,
      0.0,
      0
    ],
    [
      -2.939093738807282,
      3.0360887872660984,
      2.175,
      0.0,
      1
    ],
    [
      -2.992366121273699,
      3.0518254660152055,
      2.175,
      0.0,
      1
    ],
    [
      -2.9888554854758556,
      2.943342034398049,
      2.175,
      0.0,
      1
    ],
    [
      -2.9540266953378205,
      3.0222565863009088,
      2.175,
      0.0,
      1
    ],
    [
      -3.045037812692854,
      2.9106088580502814,
      2.175,
      0.0,
      1
    ],
    [
      -2.9441143788105424,
      2.940742968750752,
      2.175,
      0.0,
      1
    ],
    [
      -2.979354249095007,
      3.038281207081226,
      2.175,
      0.0,
      2
    ]
  ],
  "adjacency_matrix": [
    [
      0,
      1,
      0,
      0,
      0,
      0,
      0,
      0
    ],
    [
      1,
      0,
      1,
      0,
      0,
      0,
      0,
      0
    ],
    [
      0,
      1,
      0,
      1,
      0,
      0,
      0,
      0
    ],
    [
      0,
      0,
      1,
      0,
      1,
      0,
      0,
      0
    ],
    [
      0,
      0,
      0,
      1,
      0,
      1,
      0,
      0
    ],
    [
      0,
      0,
      0,
      0,
      1,
      0,
      1,
      0
    ],
    [
      0,
      0,
      0,
      0,
      0,
      1,
      0,
      1
    ],
    [
      0,
      0,
      0,
      0,
      0,
      0,
      1,
      0
    ]
  ],
  "dh_parameters": [
    [
      0.0,
      0.31209235243790034,
      0.0,
      1.5707963267948966
    ],
    [
      0.0,
      0.0,
      0.0,
      -1.5707963267948966
    ],
    [
      0.0,
      0.2986734434186836,
      0.0,
      1.5707963267948966
    ],
    [
      0.0898096589399169,
      0.0,
      0.0,
      1.5707963267948966
    ],
    [
      -0.08240614580893597,
      0.38356315140159286,
      0.0,
      -1.5707963267948966
    ],
    [
      0.0,
      0.0,
      0.0,
      1.5707963267948966
    ],
    [
      0.0936584733783229,
      0.1138801892213699,
      0.0,
      0.0
    ]
  ],
  "morphology_type": "link_scaling"
}