{
  "num_nodes": 8,
  "node_features": [
    [
      0.0,
      0.0,
      0.0,
      0.0,
      0
    ],
    [
      -2.9915309604190448,
      2.9121010523151236,
      2.175,
      0.0,
      1
    ],
    [
      -2.9798211004756165,
      3.004979175809949,
      2.175,
      0.0,
      1
    ],
    [
      -2.987785217588629,
      2.954249707468971,
      2.175,
      0.0,
      1
    ],
    [
      -3.048990400622425,
      2.9950299469505888,
      2.175,
      0.0,
      1
    ],
    [
      -2.946467037263194,
      2.9619496913962413,
      2.175,
      0.0,
      1
    ],
    [
      -2.98290878890118,
      3.0043024985545044,
      2.175,
      0.0,
      1
    ],
    [
      -2.9005816571772893,
      2.9823421053455377,
      2.175,
      0.0,
      2
    ]
  ],
  "adjacency_matrix": [
    [
      0,
      1,
      0,
      0,
      0,
      0,
      0,
      0
    ],
    [
      1,
      0,
      1,
      0,
      0,
      0,
      0,
      0
    ],
    [
      0,
      1,
      0,
      1,
      0,
      0,
      0,
      0
    ],
    [
      0,
      0,
      1,
      0,
      1,
      0,
      0,
      0
    ],
    [
      0,
      0,
      0,
      1,
      0,
      1,
      0,
      0
    ],
    [
      0,
      0,
      0,
      0,
      1,
      0,
      1,
      0
    ],
    [
      0,
      0,
      0,
      0,
      0,
      1,
      0,
      1
    ],
    [
      0,
      0,
      0,
      0,
      0,
      0,
      1,
      0
    ]
  ],
  "dh_parameters": [
    [
      0.0,
      0.30973876978433346,
      0.0,
      1.5707963267948966
    ],
    [
      0.0,
      0.0,
      0.0,
      -1.5707963267948966
    ],
    [
      0.0,
      0.34669294621187685,
      0.0,
      1.5707963267948966
    ],
    [
      0.08415072350841007,
      0.0,
      0.0,
      1.5707963267948966
    ],
    [
      -0.07812047202856127,
      0.3636152879874852,
      0.0,
      -1.5707963267948966
    ],
    [
      0.0,
      0.0,
      0.0,
      1.5707963267948966
    ],
    [
      0.0805608751521603,
      0.097954700469104,
      0.0,
      0.0
    ]
  ],
  "morphology_type": "link_scaling"
}