{
  "num_nodes": 8,
  "node_features": [
    [
      0.0,
      0.0,
      0.0,
      0.0,
      0
    ],
    [
      -3.046654492510853,
      3.014794107534147,
      2.175,
      0.0,
      1
    ],
    [
      -2.990758915496986,
      2.936912954416397,
      2.175,
      0.0,
      1
    ],
    [
      -2.9480880965967637,
      2.944246364115006,
      2.175,
      0.0,
      1
    ],
    [
      -2.960110318242952,
      2.993268837198275,
      2.175,
      0.0,
      1
    ],
    [
      -2.9060993350545545,
      3.0049648295256026,
      2.175,
      0.0,
      1
    ],
    [
      -2.9559800707774486,
      2.9003660303082186,
      2.175,
      0.0,
      1
    ],
    [
      -2.928370014287339,
      3.040343672806587,
      2.175,
      0.0,
      2
    ]
  ],
  "adjacency_matrix": [
    [
      0,
      1,
      0,
      0,
      0,
      0,
      0,
      0
    ],
    [
      1,
      0,
      1,
      0,
      0,
      0,
      0,
      0
    ],
    [
      0,
      1,
      0,
      1,
      0,
      0,
      0,
      0
    ],
    [
      0,
      0,
      1,
      0,
      1,
      0,
      0,
      0
    ],
    [
      0,
      0,
      0,
      1,
      0,
      1,
      0,
      0
    ],
    [
      0,
      0,
      0,
      0,
      1,
      0,
      1,
      0
    ],
    [
      0,
      0,
      0,
      0,
      0,
      1,
      0,
      1
    ],
    [
      0,
      0,
      0,
      0,
      0,
      0,
      1,
      0
    ]
  ],
  "dh_parameters": [
    [
      0.0,
      0.3203489624388898,
      0.0,
      1.5707963267948966
    ],
    [
      0.0,
      0.0,
      0.0,
      -1.5707963267948966
    ],
    [
      0.0,
      0.3377818280029091,
      0.0,
      1.5707963267948966
    ],
    [
      0.0762621144532363,
      0.0,
      0.0,
      1.5707963267948966
    ],
    [
      -0.081096067546821,
      0.37746533258156684,
      0.0,
      -1.5707963267948966
    ],
    [
      0.0,
      0.0,
      0.0,
      1.5707963267948966
    ],
    [
      0.08061973171396841,
      0.09802626469766614,
      0.0,
      0.0
    ]
  ],
  "morphology_type": "link_scaling"
}