{
  "num_nodes": 8,
  "node_features": [
    [
      0.0,
      0.0,
      0.0,
      0.0,
      0
    ],
    [
      -3.0209730454229753,
      2.9930230155530295,
      2.175,
      0.0,
      1
    ],
    [
      -2.9202682532216193,
      2.947433277672052,
      2.175,
      0.0,
      1
    ],
    [
      -2.9942703585833894,
      3.0152277051858047,
      2.175,
      0.0,
      1
    ],
    [
      -3.057369693367822,
      2.956068285877281,
      2.175,
      0.0,
      1
    ],
    [
      -2.9244722144746804,
      3.026073026968219,
      2.175,
      0.0,
      1
    ],
    [
      -2.977206285565459,
      2.9414833777717484,
      2.175,
      0.0,
      1
    ],
    [
      -2.9076632722671913,
      3.049531721429908,
      2.175,
      0.0,
      2
    ]
  ],
  "adjacency_matrix": [
    [
      0,
      1,
      0,
      0,
      0,
      0,
      0,
      0
    ],
    [
      1,
      0,
      1,
      0,
      0,
      0,
      0,
      0
    ],
    [
      0,
      1,
      0,
      1,
      0,
      0,
      0,
      0
    ],
    [
      0,
      0,
      1,
      0,
      1,
      0,
      0,
      0
    ],
    [
      0,
      0,
      0,
      1,
      0,
      1,
      0,
      0
    ],
    [
      0,
      0,
      0,
      0,
      1,
      0,
      1,
      0
    ],
    [
      0,
      0,
      0,
      0,
      0,
      1,
      0,
      1
    ],
    [
      0,
      0,
      0,
      0,
      0,
      0,
      1,
      0
    ]
  ],
  "dh_parameters": [
    [
      0.0,
      0.3281515581785512,
      0.0,
      1.5707963267948966
    ],
    [
      0.0,
      0.0,
      0.0,
      -1.5707963267948966
    ],
    [
      0.0,
      0.2879729453424666,
      0.0,
      1.5707963267948966
    ],
    [
      0.08512139956170763,
      0.0,
      0.0,
      1.5707963267948966
    ],
    [
      -0.08143480445710774,
      0.3790419989276288,
      0.0,
      -1.5707963267948966
    ],
    [
      0.0,
      0.0,
      0.0,
      1.5707963267948966
    ],
    [
      0.09105677838783136,
      0.11071676463065858,
      0.0,
      0.0
    ]
  ],
  "morphology_type": "link_scaling"
}