{
  "num_nodes": 8,
  "node_features": [
    [
      0.0,
      0.0,
      0.0,
      0.0,
      0
    ],
    [
      -3.0355985158522394,
      3.061047554152707,
      2.175,
      0.0,
      1
    ],
    [
      -3.0433599271398846,
      2.9144027386928704,
      2.175,
      0.0,
      1
    ],
    [
      -2.973729287187138,
      3.0392032871230996,
      2.175,
      0.0,
      1
    ],
    [
      -2.9622066086446512,
      2.9427307114773016,
      2.175,
      0.0,
      1
    ],
    [
      -2.9114579187982708,
      2.9853242121280226,
      2.175,
      0.0,
      1
    ],
    [
      -2.959248407495289,
      3.0501895627785176,
      2.175,
      0.0,
      1
    ],
    [
      -3.025705327084808,
      2.9572841686620275,
      2.175,
      0.0,
      2
    ]
  ],
  "adjacency_matrix": [
    [
      0,
      1,
      0,
      0,
      0,
      0,
      0,
      0
    ],
    [
      1,
      0,
      1,
      0,
      0,
      0,
      0,
      0
    ],
    [
      0,
      1,
      0,
      1,
      0,
      0,
      0,
      0
    ],
    [
      0,
      0,
      1,
      0,
      1,
      0,
      0,
      0
    ],
    [
      0,
      0,
      0,
      1,
      0,
      1,
      0,
      0
    ],
    [
      0,
      0,
      0,
      0,
      1,
      0,
      1,
      0
    ],
    [
      0,
      0,
      0,
      0,
      0,
      1,
      0,
      1
    ],
    [
      0,
      0,
      0,
      0,
      0,
      0,
      1,
      0
    ]
  ],
  "dh_parameters": [
    [
      0.0,
      0.36174423748804935,
      0.0,
      1.5707963267948966
    ],
    [
      0.0,
      0.0,
      0.0,
      -1.5707963267948966
    ],
    [
      0.0,
      0.3309237656849605,
      0.0,
      1.5707963267948966
    ],
    [
      0.08454557591904607,
      0.0,
      0.0,
      1.5707963267948966
    ],
    [
      -0.08094018878938504,
      0.3767397878196831,
      0.0,
      -1.5707963267948966
    ],
    [
      0.0,
      0.0,
      0.0,
      1.5707963267948966
    ],
    [
      0.08474170575409119,
      0.10303821040554272,
      0.0,
      0.0
    ]
  ],
  "morphology_type": "link_scaling"
}