{
  "num_nodes": 8,
  "node_features": [
    [
      0.0,
      0.0,
      0.0,
      0.0,
      0
    ],
    [
      -3.0212037110111476,
      3.0565939213388114,
      2.175,
      0.0,
      1
    ],
    [
      -3.0406101448357097,
      2.9666575779929087,
      2.175,
      0.0,
      1
    ],
    [
      -3.0307259619311493,
      3.056639686434027,
      2.175,
      0.0,
      1
    ],
    [
      -2.955073929795293,
      2.9972044822581037,
      2.175,
      0.0,
      1
    ],
    [
      -2.9904858756147936,
      2.9365716429604283,
      2.175,
      0.0,
      1
    ],
    [
      -2.9473100435885313,
      2.9518100604980293,
      2.175,
      0.0,
      1
    ],
    [
      -3.0080025708380007,
      2.9669218156117974,
      2.175,
      0.0,
      2
    ]
  ],
  "adjacency_matrix": [
    [
      0,
      1,
      0,
      0,
      0,
      0,
      0,
      0
    ],
    [
      1,
      0,
      1,
      0,
      0,
      0,
      0,
      0
    ],
    [
      0,
      1,
      0,
      1,
      0,
      0,
      0,
      0
    ],
    [
      0,
      0,
      1,
      0,
      1,
      0,
      0,
      0
    ],
    [
      0,
      0,
      0,
      1,
      0,
      1,
      0,
      0
    ],
    [
      0,
      0,
      0,
      0,
      1,
      0,
      1,
      0
    ],
    [
      0,
      0,
      0,
      0,
      0,
      1,
      0,
      1
    ],
    [
      0,
      0,
      0,
      0,
      0,
      0,
      1,
      0
    ]
  ],
  "dh_parameters": [
    [
      0.0,
      0.3567569394613953,
      0.0,
      1.5707963267948966
    ],
    [
      0.0,
      0.0,
      0.0,
      -1.5707963267948966
    ],
    [
      0.0,
      0.34349512621984907,
      0.0,
      1.5707963267948966
    ],
    [
      0.07493420920545103,
      0.0,
      0.0,
      1.5707963267948966
    ],
    [
      -0.08239357445704985,
      0.3835046374728139,
      0.0,
      -1.5707963267948966
    ],
    [
      0.0,
      0.0,
      0.0,
      1.5707963267948966
    ],
    [
      0.08375032864355446,
      0.10183278596432191,
      0.0,
      0.0
    ]
  ],
  "morphology_type": "link_scaling"
}