{
  "num_nodes": 8,
  "node_features": [
    [
      0.0,
      0.0,
      0.0,
      0.0,
      0
    ],
    [
      -2.9338150765778837,
      2.938249672201621,
      2.175,
      0.0,
      1
    ],
    [
      -2.960453784293583,
      3.0617139205040766,
      2.175,
      0.0,
      1
    ],
    [
      -2.915879078595589,
      2.9379683553941467,
      2.175,
      0.0,
      1
    ],
    [
      -3.0208967952151364,
      2.947264815660692,
      2.175,
      0.0,
      1
    ],
    [
      -2.9237576885473753,
      2.9584962654727054,
      2.175,
      0.0,
      1
    ],
    [
      -2.9634469327070305,
      3.058659881641391,
      2.175,
      0.0,
      1
    ],
    [
      -2.9528428560544984,
      3.0269803467058276,
      2.175,
      0.0,
      2
    ]
  ],
  "adjacency_matrix": [
    [
      0,
      1,
      0,
      0,
      0,
      0,
      0,
      0
    ],
    [
      1,
      0,
      1,
      0,
      0,
      0,
      0,
      0
    ],
    [
      0,
      1,
      0,
      1,
      0,
      0,
      0,
      0
    ],
    [
      0,
      0,
      1,
      0,
      1,
      0,
      0,
      0
    ],
    [
      0,
      0,
      0,
      1,
      0,
      1,
      0,
      0
    ],
    [
      0,
      0,
      0,
      0,
      1,
      0,
      1,
      0
    ],
    [
      0,
      0,
      0,
      0,
      0,
      1,
      0,
      1
    ],
    [
      0,
      0,
      0,
      0,
      0,
      0,
      1,
      0
    ]
  ],
  "dh_parameters": [
    [
      0.0,
      0.3247071410304059,
      0.0,
      1.5707963267948966
    ],
    [
      0.0,
      0.0,
      0.0,
      -1.5707963267948966
    ],
    [
      0.0,
      0.3254229924750127,
      0.0,
      1.5707963267948966
    ],
    [
      0.08171835092315072,
      0.0,
      0.0,
      1.5707963267948966
    ],
    [
      -0.08199641423226756,
      0.3816560371538272,
      0.0,
      -1.5707963267948966
    ],
    [
      0.0,
      0.0,
      0.0,
      1.5707963267948966
    ],
    [
      0.09386180278116105,
      0.11412741929072992,
      0.0,
      0.0
    ]
  ],
  "morphology_type": "link_scaling"
}