{
  "num_nodes": 8,
  "node_features": [
    [
      0.0,
      0.0,
      0.0,
      0.0,
      0
    ],
    [
      -2.9682725666512635,
      2.9304592937166474,
      2.175,
      0.0,
      1
    ],
    [
      -3.041306860708624,
      2.9767025844891166,
      2.175,
      0.0,
      1
    ],
    [
      -3.067391382333926,
      2.9161050845317376,
      2.175,
      0.0,
      1
    ],
    [
      -2.9847184912837275,
      3.0191227240060217,
      2.175,
      0.0,
      1
    ],
    [
      -3.0429154205732494,
      3.01538080305841,
      2.175,
      0.0,
      1
    ],
    [
      -3.042881999725294,
      2.9268002502229717,
      2.175,
      0.0,
      1
    ],
    [
      -3.0069448641606744,
      2.902848570302139,
      2.175,
      0.0,
      2
    ]
  ],
  "adjacency_matrix": [
    [
      0,
      1,
      0,
      0,
      0,
      0,
      0,
      0
    ],
    [
      1,
      0,
      1,
      0,
      0,
      0,
      0,
      0
    ],
    [
      0,
      1,
      0,
      1,
      0,
      0,
      0,
      0
    ],
    [
      0,
      0,
      1,
      0,
      1,
      0,
      0,
      0
    ],
    [
      0,
      0,
      0,
      1,
      0,
      1,
      0,
      0
    ],
    [
      0,
      0,
      0,
      0,
      1,
      0,
      1,
      0
    ],
    [
      0,
      0,
      0,
      0,
      0,
      1,
      0,
      1
    ],
    [
      0,
      0,
      0,
      0,
      0,
      0,
      1,
      0
    ]
  ],
  "dh_parameters": [
    [
      0.0,
      0.35104493018864336,
      0.0,
      1.5707963267948966
    ],
    [
      0.0,
      0.0,
      0.0,
      -1.5707963267948966
    ],
    [
      0.0,
      0.33707852439910063,
      0.0,
      1.5707963267948966
    ],
    [
      0.08397922311613679,
      0.0,
      0.0,
      1.5707963267948966
    ],
    [
      -0.08290012486253794,
      0.3858623993601765,
      0.0,
      -1.5707963267948966
    ],
    [
      0.0,
      0.0,
      0.0,
      1.5707963267948966
    ],
    [
      0.09637823030612051,
      0.117187166394942,
      0.0,
      0.0
    ]
  ],
  "morphology_type": "link_scaling"
}