{
  "num_nodes": 8,
  "node_features": [
    [
      0.0,
      0.0,
      0.0,
      0.0,
      0
    ],
    [
      -2.9791745356380095,
      2.974482580388413,
      2.175,
      0.0,
      1
    ],
    [
      -3.0402244890330166,
      3.0452103823127175,
      2.175,
      0.0,
      1
    ],
    [
      -2.9998963252577147,
      3.0105998361402553,
      2.175,
      0.0,
      1
    ],
    [
      -3.037967013126471,
      3.0051257969146765,
      2.175,
      0.0,
      1
    ],
    [
      -3.0380397001459127,
      3.069313593805342,
      2.175,
      0.0,
      1
    ],
    [
      -3.0318949161958346,
      2.913983997858182,
      2.175,
      0.0,
      1
    ],
    [
      -2.986952185574509,
      2.94441065471292,
      2.175,
      0.0,
      2
    ]
  ],
  "adjacency_matrix": [
    [
      0,
      1,
      0,
      0,
      0,
      0,
      0,
      0
    ],
    [
      1,
      0,
      1,
      0,
      0,
      0,
      0,
      0
    ],
    [
      0,
      1,
      0,
      1,
      0,
      0,
      0,
      0
    ],
    [
      0,
      0,
      1,
      0,
      1,
      0,
      0,
      0
    ],
    [
      0,
      0,
      0,
      1,
      0,
      1,
      0,
      0
    ],
    [
      0,
      0,
      0,
      0,
      1,
      0,
      1,
      0
    ],
    [
      0,
      0,
      0,
      0,
      0,
      1,
      0,
      1
    ],
    [
      0,
      0,
      0,
      0,
      0,
      0,
      1,
      0
    ]
  ],
  "dh_parameters": [
    [
      0.0,
      0.33025840756842123,
      0.0,
      1.5707963267948966
    ],
    [
      0.0,
      0.0,
      0.0,
      -1.5707963267948966
    ],
    [
      0.0,
      0.33026979505198556,
      0.0,
      1.5707963267948966
    ],
    [
      0.08230625043835993,
      0.0,
      0.0,
      1.5707963267948966
    ],
    [
      -0.08290177751684426,
      0.385870091714766,
      0.0,
      -1.5707963267948966
    ],
    [
      0.0,
      0.0,
      0.0,
      1.5707963267948966
    ],
    [
      0.0824584706753979,
      0.10026200411667699,
      0.0,
      0.0
    ]
  ],
  "morphology_type": "link_scaling"
}