{
  "num_nodes": 8,
  "node_features": [
    [
      0.0,
      0.0,
      0.0,
      0.0,
      0
    ],
    [
      -3.0696280089185075,
      2.915701642777394,
      2.175,
      0.0,
      1
    ],
    [
      -2.9959356733465357,
      2.965047121892354,
      2.175,
      0.0,
      1
    ],
    [
      -2.9201041171873854,
      3.0663040686380265,
      2.175,
      0.0,
      1
    ],
    [
      -3.0024546034568904,
      2.9371269342972406,
      2.175,
      0.0,
      1
    ],
    [
      -2.9349232303228288,
      2.9911829223102817,
      2.175,
      0.0,
      1
    ],
    [
      -2.9565874367343685,
      2.9615993897679243,
      2.175,
      0.0,
      1
    ],
    [
      -2.916606535045286,
      3.027333166109425,
      2.175,
      0.0,
      2
    ]
  ],
  "adjacency_matrix": [
    [
      0,
      1,
      0,
      0,
      0,
      0,
      0,
      0
    ],
    [
      1,
      0,
      1,
      0,
      0,
      0,
      0,
      0
    ],
    [
      0,
      1,
      0,
      1,
      0,
      0,
      0,
      0
    ],
    [
      0,
      0,
      1,
      0,
      1,
      0,
      0,
      0
    ],
    [
      0,
      0,
      0,
      1,
      0,
      1,
      0,
      0
    ],
    [
      0,
      0,
      0,
      0,
      1,
      0,
      1,
      0
    ],
    [
      0,
      0,
      0,
      0,
      0,
      1,
      0,
      1
    ],
    [
      0,
      0,
      0,
      0,
      0,
      0,
      1,
      0
    ]
  ],
  "dh_parameters": [
    [
      0.0,
      0.35573969349661555,
      0.0,
      1.5707963267948966
    ],
    [
      0.0,
      0.0,
      0.0,
      -1.5707963267948966
    ],
    [
      0.0,
      0.32264547074524563,
      0.0,
      1.5707963267948966
    ],
    [
      0.08855739257734718,
      0.0,
      0.0,
      1.5707963267948966
    ],
    [
      -0.08954967389564962,
      0.41681302758702365,
      0.0,
      -1.5707963267948966
    ],
    [
      0.0,
      0.0,
      0.0,
      1.5707963267948966
    ],
    [
      0.0941411764924611,
      0.11446711232606067,
      0.0,
      0.0
    ]
  ],
  "morphology_type": "link_scaling"
}