{
  "num_nodes": 8,
  "node_features": [
    [
      0.0,
      0.0,
      0.0,
      0.0,
      0
    ],
    [
      -3.026812132768215,
      2.9904009475761177,
      2.175,
      0.0,
      1
    ],
    [
      -3.001690220213752,
      2.9172513871545775,
      2.175,
      0.0,
      1
    ],
    [
      -2.925325924754936,
      2.9869608364371407,
      2.175,
      0.0,
      1
    ],
    [
      -2.959511771098687,
      2.9488348017622332,
      2.175,
      0.0,
      1
    ],
    [
      -2.9035396728139347,
      3.007096411022113,
      2.175,
      0.0,
      1
    ],
    [
      -3.0252235103117835,
      2.9023059762655388,
      2.175,
      0.0,
      1
    ],
    [
      -2.9101105490479844,
      2.9703005020887963,
      2.175,
      0.0,
      2
    ]
  ],
  "adjacency_matrix": [
    [
      0,
      1,
      0,
      0,
      0,
      0,
      0,
      0
    ],
    [
      1,
      0,
      1,
      0,
      0,
      0,
      0,
      0
    ],
    [
      0,
      1,
      0,
      1,
      0,
      0,
      0,
      0
    ],
    [
      0,
      0,
      1,
      0,
      1,
      0,
      0,
      0
    ],
    [
      0,
      0,
      0,
      1,
      0,
      1,
      0,
      0
    ],
    [
      0,
      0,
      0,
      0,
      1,
      0,
      1,
      0
    ],
    [
      0,
      0,
      0,
      0,
      0,
      1,
      0,
      1
    ],
    [
      0,
      0,
      0,
      0,
      0,
      0,
      1,
      0
    ]
  ],
  "dh_parameters": [
    [
      0.0,
      0.3560386055337463,
      0.0,
      1.5707963267948966
    ],
    [
      0.0,
      0.0,
      0.0,
      -1.5707963267948966
    ],
    [
      0.0,
      0.3261220522637298,
      0.0,
      1.5707963267948966
    ],
    [
      0.08346985960290126,
      0.0,
      0.0,
      1.5707963267948966
    ],
    [
      -0.07559283257851199,
      0.3518502752745285,
      0.0,
      -1.5707963267948966
    ],
    [
      0.0,
      0.0,
      0.0,
      1.5707963267948966
    ],
    [
      0.08980091541082323,
      0.10918974941997825,
      0.0,
      0.0
    ]
  ],
  "morphology_type": "link_scaling"
}