{
  "num_nodes": 8,
  "node_features": [
    [
      0.0,
      0.0,
      0.0,
      0.0,
      0
    ],
    [
      -3.068198650705273,
      3.0277356088368754,
      2.175,
      0.0,
      1
    ],
    [
      -2.938922903444228,
      3.044858547591402,
      2.175,
      0.0,
      1
    ],
    [
      -2.951068906055891,
      2.953188188775862,
      2.175,
      0.0,
      1
    ],
    [
      -3.0674836161634818,
      2.997558302759754,
      2.175,
      0.0,
      1
    ],
    [
      -2.910011001847354,
      3.0310516021397453,
      2.175,
      0.0,
      1
    ],
    [
      -3.040674588477955,
      2.975772462508941,
      2.175,
      0.0,
      1
    ],
    [
      -3.069076367604517,
      3.046975615575989,
      2.175,
      0.0,
      2
    ]
  ],
  "adjacency_matrix": [
    [
      0,
      1,
      0,
      0,
      0,
      0,
      0,
      0
    ],
    [
      1,
      0,
      1,
      0,
      0,
      0,
      0,
      0
    ],
    [
      0,
      1,
      0,
      1,
      0,
      0,
      0,
      0
    ],
    [
      0,
      0,
      1,
      0,
      1,
      0,
      0,
      0
    ],
    [
      0,
      0,
      0,
      1,
      0,
      1,
      0,
      0
    ],
    [
      0,
      0,
      0,
      0,
      1,
      0,
      1,
      0
    ],
    [
      0,
      0,
      0,
      0,
      0,
      1,
      0,
      1
    ],
    [
      0,
      0,
      0,
      0,
      0,
      0,
      1,
      0
    ]
  ],
  "dh_parameters": [
    [
      0.0,
      0.36140864113118,
      0.0,
      1.5707963267948966
    ],
    [
      0.0,
      0.0,
      0.0,
      -1.5707963267948966
    ],
    [
      0.0,
      0.3283190887586023,
      0.0,
      1.5707963267948966
    ],
    [
      0.07556323299610171,
      0.0,
      0.0,
      1.5707963267948966
    ],
    [
      -0.08971207047065796,
      0.41756890982706246,
      0.0,
      -1.5707963267948966
    ],
    [
      0.0,
      0.0,
      0.0,
      1.5707963267948966
    ],
    [
      0.09364944040360072,
      0.11386920594528725,
      0.0,
      0.0
    ]
  ],
  "morphology_type": "link_scaling"
}