{
  "num_nodes": 8,
  "node_features": [
    [
      0.0,
      0.0,
      0.0,
      0.0,
      0
    ],
    [
      -3.0520270551427484,
      2.906796897498612,
      2.175,
      0.0,
      1
    ],
    [
      -3.0139608882208844,
      3.066554549272034,
      2.175,
      0.0,
      1
    ],
    [
      -2.9401216635018104,
      3.0412954711077136,
      2.175,
      0.0,
      1
    ],
    [
      -2.952228571501885,
      3.0568514819149315,
      2.175,
      0.0,
      1
    ],
    [
      -3.021812275476356,
      2.9245195003183913,
      2.175,
      0.0,
      1
    ],
    [
      -3.0576043312312797,
      2.9323863068684486,
      2.175,
      0.0,
      1
    ],
    [
      -2.9342810913103623,
      2.990416577019754,
      2.175,
      0.0,
      2
    ]
  ],
  "adjacency_matrix": [
    [
      0,
      1,
      0,
      0,
      0,
      0,
      0,
      0
    ],
    [
      1,
      0,
      1,
      0,
      0,
      0,
      0,
      0
    ],
    [
      0,
      1,
      0,
      1,
      0,
      0,
      0,
      0
    ],
    [
      0,
      0,
      1,
      0,
      1,
      0,
      0,
      0
    ],
    [
      0,
      0,
      0,
      1,
      0,
      1,
      0,
      0
    ],
    [
      0,
      0,
      0,
      0,
      1,
      0,
      1,
      0
    ],
    [
      0,
      0,
      0,
      0,
      0,
      1,
      0,
      1
    ],
    [
      0,
      0,
      0,
      0,
      0,
      0,
      1,
      0
    ]
  ],
  "dh_parameters": [
    [
      0.0,
      0.3468409496507419,
      0.0,
      1.5707963267948966
    ],
    [
      0.0,
      0.0,
      0.0,
      -1.5707963267948966
    ],
    [
      0.0,
      0.32011920316015235,
      0.0,
      1.5707963267948966
    ],
    [
      0.08579181074053072,
      0.0,
      0.0,
      1.5707963267948966
    ],
    [
      -0.08755736429206983,
      0.4075397319776341,
      0.0,
      -1.5707963267948966
    ],
    [
      0.0,
      0.0,
      0.0,
      1.5707963267948966
    ],
    [
      0.09087289380131656,
      0.1104931776902372,
      0.0,
      0.0
    ]
  ],
  "morphology_type": "link_scaling"
}