{
  "num_nodes": 8,
  "node_features": [
    [
      0.0,
      0.0,
      0.0,
      0.0,
      0
    ],
    [
      -3.047633327229337,
      2.998239646189859,
      2.175,
      0.0,
      1
    ],
    [
      -3.025375376268884,
      3.00422797206036,
      2.175,
      0.0,
      1
    ],
    [
      -3.010583230091658,
      3.008680676406485,
      2.175,
      0.0,
      1
    ],
    [
      -2.9586323812399162,
      2.9083288136036547,
      2.175,
      0.0,
      1
    ],
    [
      -2.9924036962326164,
      3.0675448637310208,
      2.175,
      0.0,
      1
    ],
    [
      -3.0175119318240387,
      2.9728824965618434,
      2.175,
      0.0,
      1
    ],
    [
      -3.054023454835524,
      2.9325144990552006,
      2.175,
      0.0,
      2
    ]
  ],
  "adjacency_matrix": [
    [
      0,
      1,
      0,
      0,
      0,
      0,
      0,
      0
    ],
    [
      1,
      0,
      1,
      0,
      0,
      0,
      0,
      0
    ],
    [
      0,
      1,
      0,
      1,
      0,
      0,
      0,
      0
    ],
    [
      0,
      0,
      1,
      0,
      1,
      0,
      0,
      0
    ],
    [
      0,
      0,
      0,
      1,
      0,
      1,
      0,
      0
    ],
    [
      0,
      0,
      0,
      0,
      1,
      0,
      1,
      0
    ],
    [
      0,
      0,
      0,
      0,
      0,
      1,
      0,
      1
    ],
    [
      0,
      0,
      0,
      0,
      0,
      0,
      1,
      0
    ]
  ],
  "dh_parameters": [
    [
      0.0,
      0.3631784001806365,
      0.0,
      1.5707963267948966
    ],
    [
      0.0,
      0.0,
      0.0,
      -1.5707963267948966
    ],
    [
      0.0,
      0.3465904337254394,
      0.0,
      1.5707963267948966
    ],
    [
      0.08609857861141029,
      0.0,
      0.0,
      1.5707963267948966
    ],
    [
      -0.07695898702851298,
      0.3582091032599876,
      0.0,
      -1.5707963267948966
    ],
    [
      0.0,
      0.0,
      0.0,
      1.5707963267948966
    ],
    [
      0.08465344265769388,
      0.10293089050424142,
      0.0,
      0.0
    ]
  ],
  "morphology_type": "link_scaling"
}