{
  "num_nodes": 8,
  "node_features": [
    [
      0.0,
      0.0,
      0.0,
      0.0,
      0
    ],
    [
      -3.0464011774562945,
      3.0226834381483636,
      2.175,
      0.0,
      1
    ],
    [
      -2.954897680045344,
      2.979874781205695,
      2.175,
      0.0,
      1
    ],
    [
      -2.95333951675358,
      3.007688838860386,
      2.175,
      0.0,
      1
    ],
    [
      -3.0685738665079363,
      2.971457333661524,
      2.175,
      0.0,
      1
    ],
    [
      -2.960596138497987,
      2.9782125181848764,
      2.175,
      0.0,
      1
    ],
    [
      -3.050246797800115,
      3.0165433491999707,
      2.175,
      0.0,
      1
    ],
    [
      -3.0086940993360067,
      3.022173228336969,
      2.175,
      0.0,
      2
    ]
  ],
  "adjacency_matrix": [
    [
      0,
      1,
      0,
      0,
      0,
      0,
      0,
      0
    ],
    [
      1,
      0,
      1,
      0,
      0,
      0,
      0,
      0
    ],
    [
      0,
      1,
      0,
      1,
      0,
      0,
      0,
      0
    ],
    [
      0,
      0,
      1,
      0,
      1,
      0,
      0,
      0
    ],
    [
      0,
      0,
      0,
      1,
      0,
      1,
      0,
      0
    ],
    [
      0,
      0,
      0,
      0,
      1,
      0,
      1,
      0
    ],
    [
      0,
      0,
      0,
      0,
      0,
      1,
      0,
      1
    ],
    [
      0,
      0,
      0,
      0,
      0,
      0,
      1,
      0
    ]
  ],
  "dh_parameters": [
    [
      0.0,
      0.357721367408043,
      0.0,
      1.5707963267948966
    ],
    [
      0.0,
      0.0,
      0.0,
      -1.5707963267948966
    ],
    [
      0.0,
      0.29451809211690794,
      0.0,
      1.5707963267948966
    ],
    [
      0.08186014820688534,
      0.0,
      0.0,
      1.5707963267948966
    ],
    [
      -0.0884476559469117,
      0.4116836349528981,
      0.0,
      -1.5707963267948966
    ],
    [
      0.0,
      0.0,
      0.0,
      1.5707963267948966
    ],
    [
      0.08997989081091383,
      0.1094073672359975,
      0.0,
      0.0
    ]
  ],
  "morphology_type": "link_scaling"
}