{
  "num_nodes": 8,
  "node_features": [
    [
      0.0,
      0.0,
      0.0,
      0.0,
      0
    ],
    [
      -3.05101182830971,
      3.0482820000292947,
      2.175,
      0.0,
      1
    ],
    [
      -3.028806507394935,
      2.9690304836990036,
      2.175,
      0.0,
      1
    ],
    [
      -2.954501475987488,
      3.0031274113718935,
      2.175,
      0.0,
      1
    ],
    [
      -2.9782479049387316,
      2.9923488153668907,
      2.175,
      0.0,
      1
    ],
    [
      -2.919079092888633,
      2.9708820775219476,
      2.175,
      0.0,
      1
    ],
    [
      -3.049311317459318,
      2.954959375492284,
      2.175,
      0.0,
      1
    ],
    [
      -3.0392076451922048,
      3.015318765740504,
      2.175,
      0.0,
      2
    ]
  ],
  "adjacency_matrix": [
    [
      0,
      1,
      0,
      0,
      0,
      0,
      0,
      0
    ],
    [
      1,
      0,
      1,
      0,
      0,
      0,
      0,
      0
    ],
    [
      0,
      1,
      0,
      1,
      0,
      0,
      0,
      0
    ],
    [
      0,
      0,
      1,
      0,
      1,
      0,
      0,
      0
    ],
    [
      0,
      0,
      0,
      1,
      0,
      1,
      0,
      0
    ],
    [
      0,
      0,
      0,
      0,
      1,
      0,
      1,
      0
    ],
    [
      0,
      0,
      0,
      0,
      0,
      1,
      0,
      1
    ],
    [
      0,
      0,
      0,
      0,
      0,
      0,
      1,
      0
    ]
  ],
  "dh_parameters": [
    [
      0.0,
      0.3371497652982886,
      0.0,
      1.5707963267948966
    ],
    [
      0.0,
      0.0,
      0.0,
      -1.5707963267948966
    ],
    [
      0.0,
      0.30666978428094066,
      0.0,
      1.5707963267948966
    ],
    [
      0.08362004401452386,
      0.0,
      0.0,
      1.5707963267948966
    ],
    [
      -0.08295241306007115,
      0.38610577715233113,
      0.0,
      -1.5707963267948966
    ],
    [
      0.0,
      0.0,
      0.0,
      1.5707963267948966
    ],
    [
      0.08652271607860132,
      0.10520375705011752,
      0.0,
      0.0
    ]
  ],
  "morphology_type": "link_scaling"
}