{
  "num_nodes": 8,
  "node_features": [
    [
      0.0,
      0.0,
      0.0,
      0.0,
      0
    ],
    [
      -2.9440406664163774,
      2.9820167079331092,
      2.175,
      0.0,
      1
    ],
    [
      -3.039718624868275,
      2.992970837244274,
      2.175,
      0.0,
      1
    ],
    [
      -2.9168375377459888,
      2.9844766901797586,
      2.175,
      0.0,
      1
    ],
    [
      -2.9141398718839246,
      3.030365237653066,
      2.175,
      0.0,
      1
    ],
    [
      -3.0014506714266864,
      3.046423878347356,
      2.175,
      0.0,
      1
    ],
    [
      -3.0671972155379046,
      3.0235498574130233,
      2.175,
      0.0,
      1
    ],
    [
      -2.9596660237209864,
      2.972299441793699,
      2.175,
      0.0,
      2
    ]
  ],
  "adjacency_matrix": [
    [
      0,
      1,
      0,
      0,
      0,
      0,
      0,
      0
    ],
    [
      1,
      0,
      1,
      0,
      0,
      0,
      0,
      0
    ],
    [
      0,
      1,
      0,
      1,
      0,
      0,
      0,
      0
    ],
    [
      0,
      0,
      1,
      0,
      1,
      0,
      0,
      0
    ],
    [
      0,
      0,
      0,
      1,
      0,
      1,
      0,
      0
    ],
    [
      0,
      0,
      0,
      0,
      1,
      0,
      1,
      0
    ],
    [
      0,
      0,
      0,
      0,
      0,
      1,
      0,
      1
    ],
    [
      0,
      0,
      0,
      0,
      0,
      0,
      1,
      0
    ]
  ],
  "dh_parameters": [
    [
      0.0,
      0.3215260886191604,
      0.0,
      1.5707963267948966
    ],
    [
      0.0,
      0.0,
      0.0,
      -1.5707963267948966
    ],
    [
      0.0,
      0.3411862645331442,
      0.0,
      1.5707963267948966
    ],
    [
      0.08334780076962207,
      0.0,
      0.0,
      1.5707963267948966
    ],
    [
      -0.09022238964710763,
      0.41994421363017365,
      0.0,
      -1.5707963267948966
    ],
    [
      0.0,
      0.0,
      0.0,
      1.5707963267948966
    ],
    [
      0.08271945135635264,
      0.10057933289920151,
      0.0,
      0.0
    ]
  ],
  "morphology_type": "link_scaling"
}