{
  "num_nodes": 8,
  "node_features": [
    [
      0.0,
      0.0,
      0.0,
      0.0,
      0
    ],
    [
      -2.935442537845632,
      3.0544452194962277,
      2.175,
      0.0,
      1
    ],
    [
      -2.9539749707375127,
      2.9418536254795975,
      2.175,
      0.0,
      1
    ],
    [
      -2.9314114871185377,
      3.0160880649275077,
      2.175,
      0.0,
      1
    ],
    [
      -2.958719325850926,
      2.999040613974592,
      2.175,
      0.0,
      1
    ],
    [
      -2.923395041766632,
      2.973563769263885,
      2.175,
      0.0,
      1
    ],
    [
      -2.929636037203864,
      2.925759412047425,
      2.175,
      0.0,
      1
    ],
    [
      -3.0438016824574463,
      2.9369408473169925,
      2.175,
      0.0,
      2
    ]
  ],
  "adjacency_matrix": [
    [
      0,
      1,
      0,
      0,
      0,
      0,
      0,
      0
    ],
    [
      1,
      0,
      1,
      0,
      0,
      0,
      0,
      0
    ],
    [
      0,
      1,
      0,
      1,
      0,
      0,
      0,
      0
    ],
    [
      0,
      0,
      1,
      0,
      1,
      0,
      0,
      0
    ],
    [
      0,
      0,
      0,
      1,
      0,
      1,
      0,
      0
    ],
    [
      0,
      0,
      0,
      0,
      1,
      0,
      1,
      0
    ],
    [
      0,
      0,
      0,
      0,
      0,
      1,
      0,
      1
    ],
    [
      0,
      0,
      0,
      0,
      0,
      0,
      1,
      0
    ]
  ],
  "dh_parameters": [
    [
      0.0,
      0.33640188367675966,
      0.0,
      1.5707963267948966
    ],
    [
      0.0,
      0.0,
      0.0,
      -1.5707963267948966
    ],
    [
      0.0,
      0.33469536648985954,
      0.0,
      1.5707963267948966
    ],
    [
      0.08881691450423373,
      0.0,
      0.0,
      1.5707963267948966
    ],
    [
      -0.08532640529361649,
      0.3971556319121058,
      0.0,
      -1.5707963267948966
    ],
    [
      0.0,
      0.0,
      0.0,
      1.5707963267948966
    ],
    [
      0.09584644526834322,
      0.11654056413309916,
      0.0,
      0.0
    ]
  ],
  "morphology_type": "link_scaling"
}