{
  "num_nodes": 8,
  "node_features": [
    [
      0.0,
      0.0,
      0.0,
      0.0,
      0
    ],
    [
      -2.9888440607685154,
      3.0480403978012043,
      2.175,
      0.0,
      1
    ],
    [
      -2.9842626480996075,
      2.9365182983809213,
      2.175,
      0.0,
      1
    ],
    [
      -3.0415136418377484,
      2.9370705669561596,
      2.175,
      0.0,
      1
    ],
    [
      -3.0270660541474257,
      2.940167717668911,
      2.175,
      0.0,
      1
    ],
    [
      -3.004341946543476,
      2.973964827051763,
      2.175,
      0.0,
      1
    ],
    [
      -3.006133212665405,
      2.9874408463905757,
      2.175,
      0.0,
      1
    ],
    [
      -2.935486029806301,
      2.9207505164386918,
      2.175,
      0.0,
      2
    ]
  ],
  "adjacency_matrix": [
    [
      0,
      1,
      0,
      0,
      0,
      0,
      0,
      0
    ],
    [
      1,
      0,
      1,
      0,
      0,
      0,
      0,
      0
    ],
    [
      0,
      1,
      0,
      1,
      0,
      0,
      0,
      0
    ],
    [
      0,
      0,
      1,
      0,
      1,
      0,
      0,
      0
    ],
    [
      0,
      0,
      0,
      1,
      0,
      1,
      0,
      0
    ],
    [
      0,
      0,
      0,
      0,
      1,
      0,
      1,
      0
    ],
    [
      0,
      0,
      0,
      0,
      0,
      1,
      0,
      1
    ],
    [
      0,
      0,
      0,
      0,
      0,
      0,
      1,
      0
    ]
  ],
  "dh_parameters": [
    [
      0.0,
      0.3444926161246633,
      0.0,
      1.5707963267948966
    ],
    [
      0.0,
      0.0,
      0.0,
      -1.5707963267948966
    ],
    [
      0.0,
      0.2973749035815488,
      0.0,
      1.5707963267948966
    ],
    [
      0.08405407655713919,
      0.0,
      0.0,
      1.5707963267948966
    ],
    [
      -0.08581875699183988,
      0.3994473052711093,
      0.0,
      -1.5707963267948966
    ],
    [
      0.0,
      0.0,
      0.0,
      1.5707963267948966
    ],
    [
      0.08318817165327186,
      0.10114925416931919,
      0.0,
      0.0
    ]
  ],
  "morphology_type": "link_scaling"
}