{
  "num_nodes": 8,
  "node_features": [
    [
      0.0,
      0.0,
      0.0,
      0.0,
      0
    ],
    [
      -3.0242896883705512,
      2.970309402849562,
      2.175,
      0.0,
      1
    ],
    [
      -2.9640183551692396,
      3.0311459896363093,
      2.175,
      0.0,
      1
    ],
    [
      -2.9972058779501918,
      2.9475284649185163,
      2.175,
      0.0,
      1
    ],
    [
      -2.966438682967115,
      2.98493631368245,
      2.175,
      0.0,
      1
    ],
    [
      -3.023357635240018,
      3.01043433243139,
      2.175,
      0.0,
      1
    ],
    [
      -2.9601605024643507,
      3.000733260557974,
      2.175,
      0.0,
      1
    ],
    [
      -2.999423673426218,
      3.0481241631992546,
      2.175,
      0.0,
      2
    ]
  ],
  "adjacency_matrix": [
    [
      0,
      1,
      0,
      0,
      0,
      0,
      0,
      0
    ],
    [
      1,
      0,
      1,
      0,
      0,
      0,
      0,
      0
    ],
    [
      0,
      1,
      0,
      1,
      0,
      0,
      0,
      0
    ],
    [
      0,
      0,
      1,
      0,
      1,
      0,
      0,
      0
    ],
    [
      0,
      0,
      0,
      1,
      0,
      1,
      0,
      0
    ],
    [
      0,
      0,
      0,
      0,
      1,
      0,
      1,
      0
    ],
    [
      0,
      0,
      0,
      0,
      0,
      1,
      0,
      1
    ],
    [
      0,
      0,
      0,
      0,
      0,
      0,
      1,
      0
    ]
  ],
  "dh_parameters": [
    [
      0.0,
      0.364065260881468,
      0.0,
      1.5707963267948966
    ],
    [
      0.0,
      0.0,
      0.0,
      -1.5707963267948966
    ],
    [
      0.0,
      0.2945156403167169,
      0.0,
      1.5707963267948966
    ],
    [
      0.08964192939244903,
      0.0,
      0.0,
      1.5707963267948966
    ],
    [
      -0.08589120744194259,
      0.3997845291843146,
      0.0,
      -1.5707963267948966
    ],
    [
      0.0,
      0.0,
      0.0,
      1.5707963267948966
    ],
    [
      0.08381831496860935,
      0.10191545115501364,
      0.0,
      0.0
    ]
  ],
  "morphology_type": "link_scaling"
}