{
  "num_nodes": 8,
  "node_features": [
    [
      0.0,
      0.0,
      0.0,
      0.0,
      0
    ],
    [
      -2.945215434427375,
      2.9864494641568884,
      2.175,
      0.0,
      1
    ],
    [
      -3.0464760235769113,
      2.9992591955498162,
      2.175,
      0.0,
      1
    ],
    [
      -2.9882738406801685,
      2.993704005953043,
      2.175,
      0.0,
      1
    ],
    [
      -2.9421444177953244,
      3.0680224181356532,
      2.175,
      0.0,
      1
    ],
    [
      -2.969246739601762,
      2.935848188933063,
      2.175,
      0.0,
      1
    ],
    [
      -3.0599878069751867,
      3.054137537712697,
      2.175,
      0.0,
      1
    ],
    [
      -2.923648383113678,
      2.952815157819623,
      2.175,
      0.0,
      2
    ]
  ],
  "adjacency_matrix": [
    [
      0,
      1,
      0,
      0,
      0,
      0,
      0,
      0
    ],
    [
      1,
      0,
      1,
      0,
      0,
      0,
      0,
      0
    ],
    [
      0,
      1,
      0,
      1,
      0,
      0,
      0,
      0
    ],
    [
      0,
      0,
      1,
      0,
      1,
      0,
      0,
      0
    ],
    [
      0,
      0,
      0,
      1,
      0,
      1,
      0,
      0
    ],
    [
      0,
      0,
      0,
      0,
      1,
      0,
      1,
      0
    ],
    [
      0,
      0,
      0,
      0,
      0,
      1,
      0,
      1
    ],
    [
      0,
      0,
      0,
      0,
      0,
      0,
      1,
      0
    ]
  ],
  "dh_parameters": [
    [
      0.0,
      0.3645322395117554,
      0.0,
      1.5707963267948966
    ],
    [
      0.0,
      0.0,
      0.0,
      -1.5707963267948966
    ],
    [
      0.0,
      0.31057931569525826,
      0.0,
      1.5707963267948966
    ],
    [
      0.07823819871296239,
      0.0,
      0.0,
      1.5707963267948966
    ],
    [
      -0.08720697685350609,
      0.4059088377181374,
      0.0,
      -1.5707963267948966
    ],
    [
      0.0,
      0.0,
      0.0,
      1.5707963267948966
    ],
    [
      0.09400757166579818,
      0.11430466100273189,
      0.0,
      0.0
    ]
  ],
  "morphology_type": "link_scaling"
}