{
  "num_nodes": 8,
  "node_features": [
    [
      0.0,
      0.0,
      0.0,
      0.0,
      0
    ],
    [
      -2.963790892567824,
      2.9786198773256896,
      2.175,
      0.0,
      1
    ],
    [
      -3.013079357281758,
      2.965906208738076,
      2.175,
      0.0,
      1
    ],
    [
      -2.9459427175452344,
      2.9092705137181807,
      2.175,
      0.0,
      1
    ],
    [
      -2.966613992347589,
      2.9876657190885396,
      2.175,
      0.0,
      1
    ],
    [
      -2.923072174496269,
      3.019564144465467,
      2.175,
      0.0,
      1
    ],
    [
      -2.985621526035222,
      3.0432696611340853,
      2.175,
      0.0,
      1
    ],
    [
      -3.0203785704087562,
      2.9321781812482985,
      2.175,
      0.0,
      2
    ]
  ],
  "adjacency_matrix": [
    [
      0,
      1,
      0,
      0,
      0,
      0,
      0,
      0
    ],
    [
      1,
      0,
      1,
      0,
      0,
      0,
      0,
      0
    ],
    [
      0,
      1,
      0,
      1,
      0,
      0,
      0,
      0
    ],
    [
      0,
      0,
      1,
      0,
      1,
      0,
      0,
      0
    ],
    [
      0,
      0,
      0,
      1,
      0,
      1,
      0,
      0
    ],
    [
      0,
      0,
      0,
      0,
      1,
      0,
      1,
      0
    ],
    [
      0,
      0,
      0,
      0,
      0,
      1,
      0,
      1
    ],
    [
      0,
      0,
      0,
      0,
      0,
      0,
      1,
      0
    ]
  ],
  "dh_parameters": [
    [
      0.0,
      0.3215038844420702,
      0.0,
      1.5707963267948966
    ],
    [
      0.0,
      0.0,
      0.0,
      -1.5707963267948966
    ],
    [
      0.0,
      0.3283913106330678,
      0.0,
      1.5707963267948966
    ],
    [
      0.09003691013463785,
      0.0,
      0.0,
      1.5707963267948966
    ],
    [
      -0.07805589025886794,
      0.3633146892049126,
      0.0,
      -1.5707963267948966
    ],
    [
      0.0,
      0.0,
      0.0,
      1.5707963267948966
    ],
    [
      0.08598116154626084,
      0.10454527597102171,
      0.0,
      0.0
    ]
  ],
  "morphology_type": "link_scaling"
}