{
  "num_nodes": 8,
  "node_features": [
    [
      0.0,
      0.0,
      0.0,
      0.0,
      0
    ],
    [
      -2.954574631177444,
      2.9536972287644,
      2.175,
      0.0,
      1
    ],
    [
      -2.928752642329029,
      3.057484695647449,
      2.175,
      0.0,
      1
    ],
    [
      -2.9864129033918108,
      3.017644712513488,
      2.175,
      0.0,
      1
    ],
    [
      -2.928679591880461,
      2.9418658769177384,
      2.175,
      0.0,
      1
    ],
    [
      -2.9820193223872424,
      2.9460705323738368,
      2.175,
      0.0,
      1
    ],
    [
      -3.0684436548792435,
      2.9655863040881734,
      2.175,
      0.0,
      1
    ],
    [
      -2.989094246260901,
      3.0243545130170095,
      2.175,
      0.0,
      2
    ]
  ],
  "adjacency_matrix": [
    [
      0,
      1,
      0,
      0,
      0,
      0,
      0,
      0
    ],
    [
      1,
      0,
      1,
      0,
      0,
      0,
      0,
      0
    ],
    [
      0,
      1,
      0,
      1,
      0,
      0,
      0,
      0
    ],
    [
      0,
      0,
      1,
      0,
      1,
      0,
      0,
      0
    ],
    [
      0,
      0,
      0,
      1,
      0,
      1,
      0,
      0
    ],
    [
      0,
      0,
      0,
      0,
      1,
      0,
      1,
      0
    ],
    [
      0,
      0,
      0,
      0,
      0,
      1,
      0,
      1
    ],
    [
      0,
      0,
      0,
      0,
      0,
      0,
      1,
      0
    ]
  ],
  "dh_parameters": [
    [
      0.0,
      0.31266296637107416,
      0.0,
      1.5707963267948966
    ],
    [
      0.0,
      0.0,
      0.0,
      -1.5707963267948966
    ],
    [
      0.0,
      0.34404288155061874,
      0.0,
      1.5707963267948966
    ],
    [
      0.07923719439610886,
      0.0,
      0.0,
      1.5707963267948966
    ],
    [
      -0.08147551227433875,
      0.3792314753132858,
      0.0,
      -1.5707963267948966
    ],
    [
      0.0,
      0.0,
      0.0,
      1.5707963267948966
    ],
    [
      0.08984708670039812,
      0.10924588951071136,
      0.0,
      0.0
    ]
  ],
  "morphology_type": "link_scaling"
}