{
  "num_nodes": 8,
  "node_features": [
    [
      0.0,
      0.0,
      0.0,
      0.0,
      0
    ],
    [
      -2.9138990252527717,
      3.0481892435534723,
      2.175,
      0.0,
      1
    ],
    [
      -3.0102485237528445,
      3.038352995172618,
      2.175,
      0.0,
      1
    ],
    [
      -3.0326147898560247,
      2.9734751183884107,
      2.175,
      0.0,
      1
    ],
    [
      -2.981517060693898,
      2.9988067887456755,
      2.175,
      0.0,
      1
    ],
    [
      -3.0202367501035345,
      3.0475378384301464,
      2.175,
      0.0,
      1
    ],
    [
      -3.047758064078621,
      2.9948431394751074,
      2.175,
      0.0,
      1
    ],
    [
      -3.0154461849748535,
      2.916164172315998,
      2.175,
      0.0,
      2
    ]
  ],
  "adjacency_matrix": [
    [
      0,
      1,
      0,
      0,
      0,
      0,
      0,
      0
    ],
    [
      1,
      0,
      1,
      0,
      0,
      0,
      0,
      0
    ],
    [
      0,
      1,
      0,
      1,
      0,
      0,
      0,
      0
    ],
    [
      0,
      0,
      1,
      0,
      1,
      0,
      0,
      0
    ],
    [
      0,
      0,
      0,
      1,
      0,
      1,
      0,
      0
    ],
    [
      0,
      0,
      0,
      0,
      1,
      0,
      1,
      0
    ],
    [
      0,
      0,
      0,
      0,
      0,
      1,
      0,
      1
    ],
    [
      0,
      0,
      0,
      0,
      0,
      0,
      1,
      0
    ]
  ],
  "dh_parameters": [
    [
      0.0,
      0.30447925380213414,
      0.0,
      1.5707963267948966
    ],
    [
      0.0,
      0.0,
      0.0,
      -1.5707963267948966
    ],
    [
      0.0,
      0.29269121622461086,
      0.0,
      1.5707963267948966
    ],
    [
      0.07900334028642148,
      0.0,
      0.0,
      1.5707963267948966
    ],
    [
      -0.08679842390461376,
      0.40400720944692947,
      0.0,
      -1.5707963267948966
    ],
    [
      0.0,
      0.0,
      0.0,
      1.5707963267948966
    ],
    [
      0.0908737717905767,
      0.1104942452453603,
      0.0,
      0.0
    ]
  ],
  "morphology_type": "link_scaling"
}