{
  "num_nodes": 8,
  "node_features": [
    [
      0.0,
      0.0,
      0.0,
      0.0,
      0
    ],
    [
      -3.0122301181127287,
      2.909945215817865,
      2.175,
      0.0,
      1
    ],
    [
      -2.9875716029275026,
      3.032994366366941,
      2.175,
      0.0,
      1
    ],
    [
      -2.927918267185456,
      3.0627831163569974,
      2.175,
      0.0,
      1
    ],
    [
      -3.0144431470917388,
      2.9089292087631122,
      2.175,
      0.0,
      1
    ],
    [
      -3.0126823394631503,
      2.946019689816326,
      2.175,
      0.0,
      1
    ],
    [
      -2.9102921336309664,
      2.9295568984775398,
      2.175,
      0.0,
      1
    ],
    [
      -2.9888969443156297,
      2.971116154724033,
      2.175,
      0.0,
      2
    ]
  ],
  "adjacency_matrix": [
    [
      0,
      1,
      0,
      0,
      0,
      0,
      0,
      0
    ],
    [
      1,
      0,
      1,
      0,
      0,
      0,
      0,
      0
    ],
    [
      0,
      1,
      0,
      1,
      0,
      0,
      0,
      0
    ],
    [
      0,
      0,
      1,
      0,
      1,
      0,
      0,
      0
    ],
    [
      0,
      0,
      0,
      1,
      0,
      1,
      0,
      0
    ],
    [
      0,
      0,
      0,
      0,
      1,
      0,
      1,
      0
    ],
    [
      0,
      0,
      0,
      0,
      0,
      1,
      0,
      1
    ],
    [
      0,
      0,
      0,
      0,
      0,
      0,
      1,
      0
    ]
  ],
  "dh_parameters": [
    [
      0.0,
      0.34949060526350306,
      0.0,
      1.5707963267948966
    ],
    [
      0.0,
      0.0,
      0.0,
      -1.5707963267948966
    ],
    [
      0.0,
      0.3141438935422948,
      0.0,
      1.5707963267948966
    ],
    [
      0.08573964258080963,
      0.0,
      0.0,
      1.5707963267948966
    ],
    [
      -0.08689416081142781,
      0.4044528212313731,
      0.0,
      -1.5707963267948966
    ],
    [
      0.0,
      0.0,
      0.0,
      1.5707963267948966
    ],
    [
      0.08152418118022027,
      0.09912599302594965,
      0.0,
      0.0
    ]
  ],
  "morphology_type": "link_scaling"
}