{
  "num_nodes": 8,
  "node_features": [
    [
      0.0,
      0.0,
      0.0,
      0.0,
      0
    ],
    [
      -2.947163404784363,
      2.9534905087636343,
      2.175,
      0.0,
      1
    ],
    [
      -2.9686903951451153,
      3.0588563415913663,
      2.175,
      0.0,
      1
    ],
    [
      -3.0518705982414955,
      3.0112346944648682,
      2.175,
      0.0,
      1
    ],
    [
      -2.976110924792037,
      2.9366445110905435,
      2.175,
      0.0,
      1
    ],
    [
      -2.9861319610906256,
      3.0280109961091046,
      2.175,
      0.0,
      1
    ],
    [
      -2.9644687275158597,
      2.9731480598502653,
      2.175,
      0.0,
      1
    ],
    [
      -2.925357959836092,
      3.058390091410186,
      2.175,
      0.0,
      2
    ]
  ],
  "adjacency_matrix": [
    [
      0,
      1,
      0,
      0,
      0,
      0,
      0,
      0
    ],
    [
      1,
      0,
      1,
      0,
      0,
      0,
      0,
      0
    ],
    [
      0,
      1,
      0,
      1,
      0,
      0,
      0,
      0
    ],
    [
      0,
      0,
      1,
      0,
      1,
      0,
      0,
      0
    ],
    [
      0,
      0,
      0,
      1,
      0,
      1,
      0,
      0
    ],
    [
      0,
      0,
      0,
      0,
      1,
      0,
      1,
      0
    ],
    [
      0,
      0,
      0,
      0,
      0,
      1,
      0,
      1
    ],
    [
      0,
      0,
      0,
      0,
      0,
      0,
      1,
      0
    ]
  ],
  "dh_parameters": [
    [
      0.0,
      0.3300392785060739,
      0.0,
      1.5707963267948966
    ],
    [
      0.0,
      0.0,
      0.0,
      -1.5707963267948966
    ],
    [
      0.0,
      0.33329806778607796,
      0.0,
      1.5707963267948966
    ],
    [
      0.08494141787428838,
      0.0,
      0.0,
      1.5707963267948966
    ],
    [
      -0.08218847324619682,
      0.38254998456411615,
      0.0,
      -1.5707963267948966
    ],
    [
      0.0,
      0.0,
      0.0,
      1.5707963267948966
    ],
    [
      0.09466586884658203,
      0.1151050905293668,
      0.0,
      0.0
    ]
  ],
  "morphology_type": "link_scaling"
}