{
  "num_nodes": 8,
  "node_features": [
    [
      0.0,
      0.0,
      0.0,
      0.0,
      0
    ],
    [
      -2.958631406334039,
      3.0146194971938343,
      2.175,
      0.0,
      1
    ],
    [
      -2.9452188655158458,
      3.0549795817821948,
      2.175,
      0.0,
      1
    ],
    [
      -2.9230328725713366,
      3.0166489887201493,
      2.175,
      0.0,
      1
    ],
    [
      -3.0674939664827914,
      2.9974264137722284,
      2.175,
      0.0,
      1
    ],
    [
      -3.057136571149867,
      2.9145686150285703,
      2.175,
      0.0,
      1
    ],
    [
      -2.985471716273039,
      3.0372109736326856,
      2.175,
      0.0,
      1
    ],
    [
      -2.9586874418206577,
      3.065700137724675,
      2.175,
      0.0,
      2
    ]
  ],
  "adjacency_matrix": [
    [
      0,
      1,
      0,
      0,
      0,
      0,
      0,
      0
    ],
    [
      1,
      0,
      1,
      0,
      0,
      0,
      0,
      0
    ],
    [
      0,
      1,
      0,
      1,
      0,
      0,
      0,
      0
    ],
    [
      0,
      0,
      1,
      0,
      1,
      0,
      0,
      0
    ],
    [
      0,
      0,
      0,
      1,
      0,
      1,
      0,
      0
    ],
    [
      0,
      0,
      0,
      0,
      1,
      0,
      1,
      0
    ],
    [
      0,
      0,
      0,
      0,
      0,
      1,
      0,
      1
    ],
    [
      0,
      0,
      0,
      0,
      0,
      0,
      1,
      0
    ]
  ],
  "dh_parameters": [
    [
      0.0,
      0.31271393836644845,
      0.0,
      1.5707963267948966
    ],
    [
      0.0,
      0.0,
      0.0,
      -1.5707963267948966
    ],
    [
      0.0,
      0.33236401181872194,
      0.0,
      1.5707963267948966
    ],
    [
      0.0784915499575882,
      0.0,
      0.0,
      1.5707963267948966
    ],
    [
      -0.07902229646352125,
      0.3678128708120262,
      0.0,
      -1.5707963267948966
    ],
    [
      0.0,
      0.0,
      0.0,
      1.5707963267948966
    ],
    [
      0.08920890772404,
      0.10846992189173045,
      0.0,
      0.0
    ]
  ],
  "morphology_type": "link_scaling"
}