{
  "num_nodes": 8,
  "node_features": [
    [
      0.0,
      0.0,
      0.0,
      0.0,
      0
    ],
    [
      -3.037679621060877,
      2.9403905990234973,
      2.175,
      0.0,
      1
    ],
    [
      -2.9977662899133386,
      3.055656640591528,
      2.175,
      0.0,
      1
    ],
    [
      -2.9600498137967635,
      3.051928586612089,
      2.175,
      0.0,
      1
    ],
    [
      -3.0066561382718935,
      2.925937099172079,
      2.175,
      0.0,
      1
    ],
    [
      -2.990016446150203,
      3.0564783214080897,
      2.175,
      0.0,
      1
    ],
    [
      -2.923796690101177,
      2.9680205887036437,
      2.175,
      0.0,
      1
    ],
    [
      -3.002939193107606,
      3.0161491328804426,
      2.175,
      0.0,
      2
    ]
  ],
  "adjacency_matrix": [
    [
      0,
      1,
      0,
      0,
      0,
      0,
      0,
      0
    ],
    [
      1,
      0,
      1,
      0,
      0,
      0,
      0,
      0
    ],
    [
      0,
      1,
      0,
      1,
      0,
      0,
      0,
      0
    ],
    [
      0,
      0,
      1,
      0,
      1,
      0,
      0,
      0
    ],
    [
      0,
      0,
      0,
      1,
      0,
      1,
      0,
      0
    ],
    [
      0,
      0,
      0,
      0,
      1,
      0,
      1,
      0
    ],
    [
      0,
      0,
      0,
      0,
      0,
      1,
      0,
      1
    ],
    [
      0,
      0,
      0,
      0,
      0,
      0,
      1,
      0
    ]
  ],
  "dh_parameters": [
    [
      0.0,
      0.35588563587893396,
      0.0,
      1.5707963267948966
    ],
    [
      0.0,
      0.0,
      0.0,
      -1.5707963267948966
    ],
    [
      0.0,
      0.28605935442867614,
      0.0,
      1.5707963267948966
    ],
    [
      0.08804284111990293,
      0.0,
      0.0,
      1.5707963267948966
    ],
    [
      -0.08938102072252249,
      0.41602802372665015,
      0.0,
      -1.5707963267948966
    ],
    [
      0.0,
      0.0,
      0.0,
      1.5707963267948966
    ],
    [
      0.09163489121364746,
      0.11141969727113953,
      0.0,
      0.0
    ]
  ],
  "morphology_type": "link_scaling"
}