{
  "num_nodes": 8,
  "node_features": [
    [
      0.0,
      0.0,
      0.0,
      0.0,
      0
    ],
    [
      -2.9518272697231747,
      2.982217053607033,
      2.175,
      0.0,
      1
    ],
    [
      -3.0045262628892395,
      3.0333350890715765,
      2.175,
      0.0,
      1
    ],
    [
      -3.0347762486289027,
      3.022235636507522,
      2.175,
      0.0,
      1
    ],
    [
      -2.920877947219919,
      2.9672618289684483,
      2.175,
      0.0,
      1
    ],
    [
      -3.003920546641979,
      2.974899993986971,
      2.175,
      0.0,
      1
    ],
    [
      -3.0029793176241664,
      3.0045160784344978,
      2.175,
      0.0,
      1
    ],
    [
      -2.923014113428597,
      2.985282630126031,
      2.175,
      0.0,
      2
    ]
  ],
  "adjacency_matrix": [
    [
      0,
      1,
      0,
      0,
      0,
      0,
      0,
      0
    ],
    [
      1,
      0,
      1,
      0,
      0,
      0,
      0,
      0
    ],
    [
      0,
      1,
      0,
      1,
      0,
      0,
      0,
      0
    ],
    [
      0,
      0,
      1,
      0,
      1,
      0,
      0,
      0
    ],
    [
      0,
      0,
      0,
      1,
      0,
      1,
      0,
      0
    ],
    [
      0,
      0,
      0,
      0,
      1,
      0,
      1,
      0
    ],
    [
      0,
      0,
      0,
      0,
      0,
      1,
      0,
      1
    ],
    [
      0,
      0,
      0,
      0,
      0,
      0,
      1,
      0
    ]
  ],
  "dh_parameters": [
    [
      0.0,
      0.3217245382785773,
      0.0,
      1.5707963267948966
    ],
    [
      0.0,
      0.0,
      0.0,
      -1.5707963267948966
    ],
    [
      0.0,
      0.3036008733658464,
      0.0,
      1.5707963267948966
    ],
    [
      0.08898553521828917,
      0.0,
      0.0,
      1.5707963267948966
    ],
    [
      -0.07998874146404032,
      0.3723112329962604,
      0.0,
      -1.5707963267948966
    ],
    [
      0.0,
      0.0,
      0.0,
      1.5707963267948966
    ],
    [
      0.08747783534454227,
      0.10636509524847754,
      0.0,
      0.0
    ]
  ],
  "morphology_type": "link_scaling"
}