{
  "num_nodes": 8,
  "node_features": [
    [
      0.0,
      0.0,
      0.0,
      0.0,
      0
    ],
    [
      -3.0631926741761273,
      2.979917093103616,
      2.175,
      0.0,
      1
    ],
    [
      -2.964100294194561,
      2.9899769543048578,
      2.175,
      0.0,
      1
    ],
    [
      -3.046924029145853,
      2.90305620545708,
      2.175,
      0.0,
      1
    ],
    [
      -3.017116844857243,
      2.901386531240983,
      2.175,
      0.0,
      1
    ],
    [
      -2.9569078199398637,
      3.0335046837456074,
      2.175,
      0.0,
      1
    ],
    [
      -2.9386071327074084,
      3.0085766505052987,
      2.175,
      0.0,
      1
    ],
    [
      -2.9553618955506167,
      2.980628631222975,
      2.175,
      0.0,
      2
    ]
  ],
  "adjacency_matrix": [
    [
      0,
      1,
      0,
      0,
      0,
      0,
      0,
      0
    ],
    [
      1,
      0,
      1,
      0,
      0,
      0,
      0,
      0
    ],
    [
      0,
      1,
      0,
      1,
      0,
      0,
      0,
      0
    ],
    [
      0,
      0,
      1,
      0,
      1,
      0,
      0,
      0
    ],
    [
      0,
      0,
      0,
      1,
      0,
      1,
      0,
      0
    ],
    [
      0,
      0,
      0,
      0,
      1,
      0,
      1,
      0
    ],
    [
      0,
      0,
      0,
      0,
      0,
      1,
      0,
      1
    ],
    [
      0,
      0,
      0,
      0,
      0,
      0,
      1,
      0
    ]
  ],
  "dh_parameters": [
    [
      0.0,
      0.32686089676937086,
      0.0,
      1.5707963267948966
    ],
    [
      0.0,
      0.0,
      0.0,
      -1.5707963267948966
    ],
    [
      0.0,
      0.2892257856448383,
      0.0,
      1.5707963267948966
    ],
    [
      0.08785808956029556,
      0.0,
      0.0,
      1.5707963267948966
    ],
    [
      -0.08078441701222762,
      0.3760147410023686,
      0.0,
      -1.5707963267948966
    ],
    [
      0.0,
      0.0,
      0.0,
      1.5707963267948966
    ],
    [
      0.08522305677171127,
      0.10362348948378529,
      0.0,
      0.0
    ]
  ],
  "morphology_type": "link_scaling"
}