{
  "num_nodes": 8,
  "node_features": [
    [
      0.0,
      0.0,
      0.0,
      0.0,
      0
    ],
    [
      -3.029930757610837,
      3.0316925391915808,
      2.175,
      0.0,
      1
    ],
    [
      -3.0310236609058028,
      2.9071574252932755,
      2.175,
      0.0,
      1
    ],
    [
      -2.926755753657608,
      2.9133998967913124,
      2.175,
      0.0,
      1
    ],
    [
      -3.0455521223952733,
      2.972888571708757,
      2.175,
      0.0,
      1
    ],
    [
      -2.9546673671878767,
      3.0318104394462533,
      2.175,
      0.0,
      1
    ],
    [
      -3.0553967472723627,
      2.962650186360782,
      2.175,
      0.0,
      1
    ],
    [
      -3.0258934470983716,
      2.954825090090099,
      2.175,
      0.0,
      2
    ]
  ],
  "adjacency_matrix": [
    [
      0,
      1,
      0,
      0,
      0,
      0,
      0,
      0
    ],
    [
      1,
      0,
      1,
      0,
      0,
      0,
      0,
      0
    ],
    [
      0,
      1,
      0,
      1,
      0,
      0,
      0,
      0
    ],
    [
      0,
      0,
      1,
      0,
      1,
      0,
      0,
      0
    ],
    [
      0,
      0,
      0,
      1,
      0,
      1,
      0,
      0
    ],
    [
      0,
      0,
      0,
      0,
      1,
      0,
      1,
      0
    ],
    [
      0,
      0,
      0,
      0,
      0,
      1,
      0,
      1
    ],
    [
      0,
      0,
      0,
      0,
      0,
      0,
      1,
      0
    ]
  ],
  "dh_parameters": [
    [
      0.0,
      0.35256193008045705,
      0.0,
      1.5707963267948966
    ],
    [
      0.0,
      0.0,
      0.0,
      -1.5707963267948966
    ],
    [
      0.0,
      0.2953195142558778,
      0.0,
      1.5707963267948966
    ],
    [
      0.08577422902003784,
      0.0,
      0.0,
      1.5707963267948966
    ],
    [
      -0.08291075903145416,
      0.3859118965827684,
      0.0,
      -1.5707963267948966
    ],
    [
      0.0,
      0.0,
      0.0,
      1.5707963267948966
    ],
    [
      0.09418239726329752,
      0.11451723303605493,
      0.0,
      0.0
    ]
  ],
  "morphology_type": "link_scaling"
}