{
  "num_nodes": 8,
  "node_features": [
    [
      0.0,
      0.0,
      0.0,
      0.0,
      0
    ],
    [
      -3.024045478072765,
      2.9847335009852523,
      2.175,
      0.0,
      1
    ],
    [
      -3.0638178985528124,
      2.9642206982274626,
      2.175,
      0.0,
      1
    ],
    [
      -2.9302291822335444,
      3.0599087153044633,
      2.175,
      0.0,
      1
    ],
    [
      -3.014215421413746,
      2.9090784008842667,
      2.175,
      0.0,
      1
    ],
    [
      -2.956770929145506,
      2.9345335051988335,
      2.175,
      0.0,
      1
    ],
    [
      -3.0203697346066467,
      2.96926721387235,
      2.175,
      0.0,
      1
    ],
    [
      -2.930894989164726,
      2.981616519613855,
      2.175,
      0.0,
      2
    ]
  ],
  "adjacency_matrix": [
    [
      0,
      1,
      0,
      0,
      0,
      0,
      0,
      0
    ],
    [
      1,
      0,
      1,
      0,
      0,
      0,
      0,
      0
    ],
    [
      0,
      1,
      0,
      1,
      0,
      0,
      0,
      0
    ],
    [
      0,
      0,
      1,
      0,
      1,
      0,
      0,
      0
    ],
    [
      0,
      0,
      0,
      1,
      0,
      1,
      0,
      0
    ],
    [
      0,
      0,
      0,
      0,
      1,
      0,
      1,
      0
    ],
    [
      0,
      0,
      0,
      0,
      0,
      1,
      0,
      1
    ],
    [
      0,
      0,
      0,
      0,
      0,
      0,
      1,
      0
    ]
  ],
  "dh_parameters": [
    [
      0.0,
      0.311524519960093,
      0.0,
      1.5707963267948966
    ],
    [
      0.0,
      0.0,
      0.0,
      -1.5707963267948966
    ],
    [
      0.0,
      0.32075537525871683,
      0.0,
      1.5707963267948966
    ],
    [
      0.08953417241296688,
      0.0,
      0.0,
      1.5707963267948966
    ],
    [
      -0.07692254951564316,
      0.3580395032000845,
      0.0,
      -1.5707963267948966
    ],
    [
      0.0,
      0.0,
      0.0,
      1.5707963267948966
    ],
    [
      0.08063652768691348,
      0.09804668707386072,
      0.0,
      0.0
    ]
  ],
  "morphology_type": "link_scaling"
}