{
  "num_nodes": 8,
  "node_features": [
    [
      0.0,
      0.0,
      0.0,
      0.0,
      0
    ],
    [
      -3.044186747355963,
      3.031921597191119,
      2.175,
      0.0,
      1
    ],
    [
      -2.9524800941929383,
      2.971021636101958,
      2.175,
      0.0,
      1
    ],
    [
      -2.984866206720041,
      2.9990636799064476,
      2.175,
      0.0,
      1
    ],
    [
      -3.0325583035717396,
      2.9346733378886096,
      2.175,
      0.0,
      1
    ],
    [
      -3.0466396333486045,
      3.0549665629219875,
      2.175,
      0.0,
      1
    ],
    [
      -3.032782431557196,
      2.9190163011009296,
      2.175,
      0.0,
      1
    ],
    [
      -2.967809748791016,
      2.999021072120401,
      2.175,
      0.0,
      2
    ]
  ],
  "adjacency_matrix": [
    [
      0,
      1,
      0,
      0,
      0,
      0,
      0,
      0
    ],
    [
      1,
      0,
      1,
      0,
      0,
      0,
      0,
      0
    ],
    [
      0,
      1,
      0,
      1,
      0,
      0,
      0,
      0
    ],
    [
      0,
      0,
      1,
      0,
      1,
      0,
      0,
      0
    ],
    [
      0,
      0,
      0,
      1,
      0,
      1,
      0,
      0
    ],
    [
      0,
      0,
      0,
      0,
      1,
      0,
      1,
      0
    ],
    [
      0,
      0,
      0,
      0,
      0,
      1,
      0,
      1
    ],
    [
      0,
      0,
      0,
      0,
      0,
      0,
      1,
      0
    ]
  ],
  "dh_parameters": [
    [
      0.0,
      0.31935290506691166,
      0.0,
      1.5707963267948966
    ],
    [
      0.0,
      0.0,
      0.0,
      -1.5707963267948966
    ],
    [
      0.0,
      0.3170212760990437,
      0.0,
      1.5707963267948966
    ],
    [
      0.08944294641720643,
      0.0,
      0.0,
      1.5707963267948966
    ],
    [
      -0.08914175931247285,
      0.4149143706180555,
      0.0,
      -1.5707963267948966
    ],
    [
      0.0,
      0.0,
      0.0,
      1.5707963267948966
    ],
    [
      0.0800709649531633,
      0.09735901420441449,
      0.0,
      0.0
    ]
  ],
  "morphology_type": "link_scaling"
}