{
  "num_nodes": 8,
  "node_features": [
    [
      0.0,
      0.0,
      0.0,
      0.0,
      0
    ],
    [
      -3.053315068830731,
      2.9909138647499383,
      2.175,
      0.0,
      1
    ],
    [
      -2.992760031591367,
      2.9775854936237085,
      2.175,
      0.0,
      1
    ],
    [
      -2.94719618770884,
      2.909480243097652,
      2.175,
      0.0,
      1
    ],
    [
      -2.903784767522844,
      3.0313943760387416,
      2.175,
      0.0,
      1
    ],
    [
      -2.966093030624085,
      2.95515365553136,
      2.175,
      0.0,
      1
    ],
    [
      -2.967722469144126,
      3.022836499888888,
      2.175,
      0.0,
      1
    ],
    [
      -3.005096381059585,
      2.9820872152926894,
      2.175,
      0.0,
      2
    ]
  ],
  "adjacency_matrix": [
    [
      0,
      1,
      0,
      0,
      0,
      0,
      0,
      0
    ],
    [
      1,
      0,
      1,
      0,
      0,
      0,
      0,
      0
    ],
    [
      0,
      1,
      0,
      1,
      0,
      0,
      0,
      0
    ],
    [
      0,
      0,
      1,
      0,
      1,
      0,
      0,
      0
    ],
    [
      0,
      0,
      0,
      1,
      0,
      1,
      0,
      0
    ],
    [
      0,
      0,
      0,
      0,
      1,
      0,
      1,
      0
    ],
    [
      0,
      0,
      0,
      0,
      0,
      1,
      0,
      1
    ],
    [
      0,
      0,
      0,
      0,
      0,
      0,
      1,
      0
    ]
  ],
  "dh_parameters": [
    [
      0.0,
      0.3441854582067244,
      0.0,
      1.5707963267948966
    ],
    [
      0.0,
      0.0,
      0.0,
      -1.5707963267948966
    ],
    [
      0.0,
      0.33562856120666973,
      0.0,
      1.5707963267948966
    ],
    [
      0.08084461489757468,
      0.0,
      0.0,
      1.5707963267948966
    ],
    [
      -0.08304868189979235,
      0.38655386484266985,
      0.0,
      -1.5707963267948966
    ],
    [
      0.0,
      0.0,
      0.0,
      1.5707963267948966
    ],
    [
      0.09428251371031753,
      0.11463896553413609,
      0.0,
      0.0
    ]
  ],
  "morphology_type": "link_scaling"
}