{
  "num_nodes": 8,
  "node_features": [
    [
      0.0,
      0.0,
      0.0,
      0.0,
      0
    ],
    [
      -2.955515382583914,
      3.0329697516378733,
      2.175,
      0.0,
      1
    ],
    [
      -2.9421470138649366,
      3.0016999544087906,
      2.175,
      0.0,
      1
    ],
    [
      -2.933332441498168,
      2.9765135127527054,
      2.175,
      0.0,
      1
    ],
    [
      -3.0157887548154405,
      3.046923721428822,
      2.175,
      0.0,
      1
    ],
    [
      -3.02398920839502,
      3.04226921337083,
      2.175,
      0.0,
      1
    ],
    [
      -3.0365474135267827,
      3.0658003369177744,
      2.175,
      0.0,
      1
    ],
    [
      -2.980518504582875,
      3.0482499676340478,
      2.175,
      0.0,
      2
    ]
  ],
  "adjacency_matrix": [
    [
      0,
      1,
      0,
      0,
      0,
      0,
      0,
      0
    ],
    [
      1,
      0,
      1,
      0,
      0,
      0,
      0,
      0
    ],
    [
      0,
      1,
      0,
      1,
      0,
      0,
      0,
      0
    ],
    [
      0,
      0,
      1,
      0,
      1,
      0,
      0,
      0
    ],
    [
      0,
      0,
      0,
      1,
      0,
      1,
      0,
      0
    ],
    [
      0,
      0,
      0,
      0,
      1,
      0,
      1,
      0
    ],
    [
      0,
      0,
      0,
      0,
      0,
      1,
      0,
      1
    ],
    [
      0,
      0,
      0,
      0,
      0,
      0,
      1,
      0
    ]
  ],
  "dh_parameters": [
    [
      0.0,
      0.3154199316228996,
      0.0,
      1.5707963267948966
    ],
    [
      0.0,
      0.0,
      0.0,
      -1.5707963267948966
    ],
    [
      0.0,
      0.2888852461966628,
      0.0,
      1.5707963267948966
    ],
    [
      0.08863336554917838,
      0.0,
      0.0,
      1.5707963267948966
    ],
    [
      -0.08667496504236467,
      0.40343256456082466,
      0.0,
      -1.5707963267948966
    ],
    [
      0.0,
      0.0,
      0.0,
      1.5707963267948966
    ],
    [
      0.0827636319485967,
      0.10063305248295282,
      0.0,
      0.0
    ]
  ],
  "morphology_type": "link_scaling"
}