{
  "num_nodes": 8,
  "node_features": [
    [
      0.0,
      0.0,
      0.0,
      0.0,
      0
    ],
    [
      -3.041563703007546,
      3.0063083320195165,
      2.175,
      0.0,
      1
    ],
    [
      -3.0499753699206464,
      2.98036443537661,
      2.175,
      0.0,
      1
    ],
    [
      -2.9196655937360045,
      2.957958350458627,
      2.175,
      0.0,
      1
    ],
    [
      -2.904745659024893,
      2.918430943203206,
      2.175,
      0.0,
      1
    ],
    [
      -2.9371738622916657,
      2.9012141905238877,
      2.175,
      0.0,
      1
    ],
    [
      -2.9852135526114076,
      3.055870787555152,
      2.175,
      0.0,
      1
    ],
    [
      -3.022229365216405,
      2.9663617903268493,
      2.175,
      0.0,
      2
    ]
  ],
  "adjacency_matrix": [
    [
      0,
      1,
      0,
      0,
      0,
      0,
      0,
      0
    ],
    [
      1,
      0,
      1,
      0,
      0,
      0,
      0,
      0
    ],
    [
      0,
      1,
      0,
      1,
      0,
      0,
      0,
      0
    ],
    [
      0,
      0,
      1,
      0,
      1,
      0,
      0,
      0
    ],
    [
      0,
      0,
      0,
      1,
      0,
      1,
      0,
      0
    ],
    [
      0,
      0,
      0,
      0,
      1,
      0,
      1,
      0
    ],
    [
      0,
      0,
      0,
      0,
      0,
      1,
      0,
      1
    ],
    [
      0,
      0,
      0,
      0,
      0,
      0,
      1,
      0
    ]
  ],
  "dh_parameters": [
    [
      0.0,
      0.30989116424234464,
      0.0,
      1.5707963267948966
    ],
    [
      0.0,
      0.0,
      0.0,
      -1.5707963267948966
    ],
    [
      0.0,
      0.3449065156360247,
      0.0,
      1.5707963267948966
    ],
    [
      0.08588829693691577,
      0.0,
      0.0,
      1.5707963267948966
    ],
    [
      -0.08523053848812634,
      0.39670941550836986,
      0.0,
      -1.5707963267948966
    ],
    [
      0.0,
      0.0,
      0.0,
      1.5707963267948966
    ],
    [
      0.09289953911585333,
      0.11295739415223076,
      0.0,
      0.0
    ]
  ],
  "morphology_type": "link_scaling"
}