{
  "num_nodes": 8,
  "node_features": [
    [
      0.0,
      0.0,
      0.0,
      0.0,
      0
    ],
    [
      -2.9208711332971533,
      3.0106744611231946,
      2.175,
      0.0,
      1
    ],
    [
      -2.985128619302783,
      3.0378718605641426,
      2.175,
      0.0,
      1
    ],
    [
      -2.9335821222366363,
      3.03447136404361,
      2.175,
      0.0,
      1
    ],
    [
      -2.9991013154002752,
      3.054013291340127,
      2.175,
      0.0,
      1
    ],
    [
      -3.019059016167138,
      3.0440037715983985,
      2.175,
      0.0,
      1
    ],
    [
      -3.05424060712912,
      2.9271616739081057,
      2.175,
      0.0,
      1
    ],
    [
      -2.9358704150319146,
      2.9407498808547445,
      2.175,
      0.0,
      2
    ]
  ],
  "adjacency_matrix": [
    [
      0,
      1,
      0,
      0,
      0,
      0,
      0,
      0
    ],
    [
      1,
      0,
      1,
      0,
      0,
      0,
      0,
      0
    ],
    [
      0,
      1,
      0,
      1,
      0,
      0,
      0,
      0
    ],
    [
      0,
      0,
      1,
      0,
      1,
      0,
      0,
      0
    ],
    [
      0,
      0,
      0,
      1,
      0,
      1,
      0,
      0
    ],
    [
      0,
      0,
      0,
      0,
      1,
      0,
      1,
      0
    ],
    [
      0,
      0,
      0,
      0,
      0,
      1,
      0,
      1
    ],
    [
      0,
      0,
      0,
      0,
      0,
      0,
      1,
      0
    ]
  ],
  "dh_parameters": [
    [
      0.0,
      0.3274923231942323,
      0.0,
      1.5707963267948966
    ],
    [
      0.0,
      0.0,
      0.0,
      -1.5707963267948966
    ],
    [
      0.0,
      0.2936164089122518,
      0.0,
      1.5707963267948966
    ],
    [
      0.08079451399098177,
      0.0,
      0.0,
      1.5707963267948966
    ],
    [
      -0.08229667278389821,
      0.38305360423050805,
      0.0,
      -1.5707963267948966
    ],
    [
      0.0,
      0.0,
      0.0,
      1.5707963267948966
    ],
    [
      0.08646870761940488,
      0.10513808767359459,
      0.0,
      0.0
    ]
  ],
  "morphology_type": "link_scaling"
}