{
  "num_nodes": 8,
  "node_features": [
    [
      0.0,
      0.0,
      0.0,
      0.0,
      0
    ],
    [
      -3.0575840697574117,
      3.052939334956712,
      2.175,
      0.0,
      1
    ],
    [
      -2.9484099783908255,
      2.980256438695794,
      2.175,
      0.0,
      1
    ],
    [
      -2.9368931340764854,
      2.9177767423719776,
      2.175,
      0.0,
      1
    ],
    [
      -2.9795144741878437,
      2.924469235273087,
      2.175,
      0.0,
      1
    ],
    [
      -3.0440941823019965,
      2.9250219438694645,
      2.175,
      0.0,
      1
    ],
    [
      -3.0150302593513225,
      3.0217160205830402,
      2.175,
      0.0,
      1
    ],
    [
      -2.906848768101955,
      3.0397788788304707,
      2.175,
      0.0,
      2
    ]
  ],
  "adjacency_matrix": [
    [
      0,
      1,
      0,
      0,
      0,
      0,
      0,
      0
    ],
    [
      1,
      0,
      1,
      0,
      0,
      0,
      0,
      0
    ],
    [
      0,
      1,
      0,
      1,
      0,
      0,
      0,
      0
    ],
    [
      0,
      0,
      1,
      0,
      1,
      0,
      0,
      0
    ],
    [
      0,
      0,
      0,
      1,
      0,
      1,
      0,
      0
    ],
    [
      0,
      0,
      0,
      0,
      1,
      0,
      1,
      0
    ],
    [
      0,
      0,
      0,
      0,
      0,
      1,
      0,
      1
    ],
    [
      0,
      0,
      0,
      0,
      0,
      0,
      1,
      0
    ]
  ],
  "dh_parameters": [
    [
      0.0,
      0.36313026519066866,
      0.0,
      1.5707963267948966
    ],
    [
      0.0,
      0.0,
      0.0,
      -1.5707963267948966
    ],
    [
      0.0,
      0.31575304045255137,
      0.0,
      1.5707963267948966
    ],
    [
      0.08012378402803147,
      0.0,
      0.0,
      1.5707963267948966
    ],
    [
      -0.0904421218670043,
      0.42096696723551097,
      0.0,
      -1.5707963267948966
    ],
    [
      0.0,
      0.0,
      0.0,
      1.5707963267948966
    ],
    [
      0.0943174861418102,
      0.11468148883151923,
      0.0,
      0.0
    ]
  ],
  "morphology_type": "link_scaling"
}