{
  "num_nodes": 8,
  "node_features": [
    [
      0.0,
      0.0,
      0.0,
      0.0,
      0
    ],
    [
      -2.9818646091726215,
      2.9529864306935143,
      2.175,
      0.0,
      1
    ],
    [
      -3.060984341908817,
      2.910221011381357,
      2.175,
      0.0,
      1
    ],
    [
      -2.9401820697282512,
      3.0651719792426193,
      2.175,
      0.0,
      1
    ],
    [
      -3.00979207570978,
      3.014446122723449,
      2.175,
      0.0,
      1
    ],
    [
      -3.0095418912683094,
      3.0494826042695404,
      2.175,
      0.0,
      1
    ],
    [
      -2.9919639732709267,
      3.0107443118294963,
      2.175,
      0.0,
      1
    ],
    [
      -2.985681360909932,
      2.952664799056283,
      2.175,
      0.0,
      2
    ]
  ],
  "adjacency_matrix": [
    [
      0,
      1,
      0,
      0,
      0,
      0,
      0,
      0
    ],
    [
      1,
      0,
      1,
      0,
      0,
      0,
      0,
      0
    ],
    [
      0,
      1,
      0,
      1,
      0,
      0,
      0,
      0
    ],
    [
      0,
      0,
      1,
      0,
      1,
      0,
      0,
      0
    ],
    [
      0,
      0,
      0,
      1,
      0,
      1,
      0,
      0
    ],
    [
      0,
      0,
      0,
      0,
      1,
      0,
      1,
      0
    ],
    [
      0,
      0,
      0,
      0,
      0,
      1,
      0,
      1
    ],
    [
      0,
      0,
      0,
      0,
      0,
      0,
      1,
      0
    ]
  ],
  "dh_parameters": [
    [
      0.0,
      0.31297398995128856,
      0.0,
      1.5707963267948966
    ],
    [
      0.0,
      0.0,
      0.0,
      -1.5707963267948966
    ],
    [
      0.0,
      0.3345794048932618,
      0.0,
      1.5707963267948966
    ],
    [
      0.08283731477442127,
      0.0,
      0.0,
      1.5707963267948966
    ],
    [
      -0.07455266638355613,
      0.3470087744398249,
      0.0,
      -1.5707963267948966
    ],
    [
      0.0,
      0.0,
      0.0,
      1.5707963267948966
    ],
    [
      0.08025904411066648,
      0.0975877013618331,
      0.0,
      0.0
    ]
  ],
  "morphology_type": "link_scaling"
}