{
  "num_nodes": 8,
  "node_features": [
    [
      0.0,
      0.0,
      0.0,
      0.0,
      0
    ],
    [
      -2.979812895846259,
      3.029482062834601,
      2.175,
      0.0,
      1
    ],
    [
      -2.9309917459750445,
      2.9859788267666665,
      2.175,
      0.0,
      1
    ],
    [
      -2.917759165943927,
      2.9332108296464416,
      2.175,
      0.0,
      1
    ],
    [
      -3.067940747181787,
      3.0339736146037812,
      2.175,
      0.0,
      1
    ],
    [
      -3.0557032974054392,
      3.0546358363079342,
      2.175,
      0.0,
      1
    ],
    [
      -3.010266207815679,
      3.029990510737904,
      2.175,
      0.0,
      1
    ],
    [
      -3.0567981414600416,
      2.950344535310125,
      2.175,
      0.0,
      2
    ]
  ],
  "adjacency_matrix": [
    [
      0,
      1,
      0,
      0,
      0,
      0,
      0,
      0
    ],
    [
      1,
      0,
      1,
      0,
      0,
      0,
      0,
      0
    ],
    [
      0,
      1,
      0,
      1,
      0,
      0,
      0,
      0
    ],
    [
      0,
      0,
      1,
      0,
      1,
      0,
      0,
      0
    ],
    [
      0,
      0,
      0,
      1,
      0,
      1,
      0,
      0
    ],
    [
      0,
      0,
      0,
      0,
      1,
      0,
      1,
      0
    ],
    [
      0,
      0,
      0,
      0,
      0,
      1,
      0,
      1
    ],
    [
      0,
      0,
      0,
      0,
      0,
      0,
      1,
      0
    ]
  ],
  "dh_parameters": [
    [
      0.0,
      0.3392294932967746,
      0.0,
      1.5707963267948966
    ],
    [
      0.0,
      0.0,
      0.0,
      -1.5707963267948966
    ],
    [
      0.0,
      0.29188143674115735,
      0.0,
      1.5707963267948966
    ],
    [
      0.07543546473116554,
      0.0,
      0.0,
      1.5707963267948966
    ],
    [
      -0.07608793527661734,
      0.354154753287528,
      0.0,
      -1.5707963267948966
    ],
    [
      0.0,
      0.0,
      0.0,
      1.5707963267948966
    ],
    [
      0.08238470654403338,
      0.10017231363876786,
      0.0,
      0.0
    ]
  ],
  "morphology_type": "link_scaling"
}