{
  "num_nodes": 8,
  "node_features": [
    [
      0.0,
      0.0,
      0.0,
      0.0,
      0
    ],
    [
      -3.0590573518269437,
      2.9195649376212893,
      2.175,
      0.0,
      1
    ],
    [
      -3.0305809424028802,
      3.0675823045263186,
      2.175,
      0.0,
      1
    ],
    [
      -3.0240074009791384,
      3.0441589516405982,
      2.175,
      0.0,
      1
    ],
    [
      -2.9682269990702435,
      2.922776310893041,
      2.175,
      0.0,
      1
    ],
    [
      -3.0467107280981125,
      2.9983541672424696,
      2.175,
      0.0,
      1
    ],
    [
      -3.0691890404425215,
      2.929261441724012,
      2.175,
      0.0,
      1
    ],
    [
      -2.9615302260967753,
      3.042081781478598,
      2.175,
      0.0,
      2
    ]
  ],
  "adjacency_matrix": [
    [
      0,
      1,
      0,
      0,
      0,
      0,
      0,
      0
    ],
    [
      1,
      0,
      1,
      0,
      0,
      0,
      0,
      0
    ],
    [
      0,
      1,
      0,
      1,
      0,
      0,
      0,
      0
    ],
    [
      0,
      0,
      1,
      0,
      1,
      0,
      0,
      0
    ],
    [
      0,
      0,
      0,
      1,
      0,
      1,
      0,
      0
    ],
    [
      0,
      0,
      0,
      0,
      1,
      0,
      1,
      0
    ],
    [
      0,
      0,
      0,
      0,
      0,
      1,
      0,
      1
    ],
    [
      0,
      0,
      0,
      0,
      0,
      0,
      1,
      0
    ]
  ],
  "dh_parameters": [
    [
      0.0,
      0.3331230606344356,
      0.0,
      1.5707963267948966
    ],
    [
      0.0,
      0.0,
      0.0,
      -1.5707963267948966
    ],
    [
      0.0,
      0.30918059626805844,
      0.0,
      1.5707963267948966
    ],
    [
      0.08858188277229308,
      0.0,
      0.0,
      1.5707963267948966
    ],
    [
      -0.07841899490863129,
      0.3650047763019929,
      0.0,
      -1.5707963267948966
    ],
    [
      0.0,
      0.0,
      0.0,
      1.5707963267948966
    ],
    [
      0.08105272367199541,
      0.09855274355572169,
      0.0,
      0.0
    ]
  ],
  "morphology_type": "link_scaling"
}