{
  "num_nodes": 8,
  "node_features": [
    [
      0.0,
      0.0,
      0.0,
      0.0,
      0
    ],
    [
      -2.942384934466158,
      2.9600283597161416,
      2.175,
      0.0,
      1
    ],
    [
      -3.038789286772442,
      3.0277999443340082,
      2.175,
      0.0,
      1
    ],
    [
      -2.950267087869668,
      2.997414717493589,
      2.175,
      0.0,
      1
    ],
    [
      -2.978547922868688,
      3.05461151402086,
      2.175,
      0.0,
      1
    ],
    [
      -2.908888066064404,
      3.0582679159770367,
      2.175,
      0.0,
      1
    ],
    [
      -2.9604365060679023,
      3.004976100907073,
      2.175,
      0.0,
      1
    ],
    [
      -3.0583522132022027,
      2.979402430218022,
      2.175,
      0.0,
      2
    ]
  ],
  "adjacency_matrix": [
    [
      0,
      1,
      0,
      0,
      0,
      0,
      0,
      0
    ],
    [
      1,
      0,
      1,
      0,
      0,
      0,
      0,
      0
    ],
    [
      0,
      1,
      0,
      1,
      0,
      0,
      0,
      0
    ],
    [
      0,
      0,
      1,
      0,
      1,
      0,
      0,
      0
    ],
    [
      0,
      0,
      0,
      1,
      0,
      1,
      0,
      0
    ],
    [
      0,
      0,
      0,
      0,
      1,
      0,
      1,
      0
    ],
    [
      0,
      0,
      0,
      0,
      0,
      1,
      0,
      1
    ],
    [
      0,
      0,
      0,
      0,
      0,
      0,
      1,
      0
    ]
  ],
  "dh_parameters": [
    [
      0.0,
      0.3638920639272604,
      0.0,
      1.5707963267948966
    ],
    [
      0.0,
      0.0,
      0.0,
      -1.5707963267948966
    ],
    [
      0.0,
      0.3293795287940043,
      0.0,
      1.5707963267948966
    ],
    [
      0.08138051443882521,
      0.0,
      0.0,
      1.5707963267948966
    ],
    [
      -0.07889394966020269,
      0.3672154747820343,
      0.0,
      -1.5707963267948966
    ],
    [
      0.0,
      0.0,
      0.0,
      1.5707963267948966
    ],
    [
      0.08937863096367796,
      0.1086762899217448,
      0.0,
      0.0
    ]
  ],
  "morphology_type": "link_scaling"
}