{
  "num_nodes": 8,
  "node_features": [
    [
      0.0,
      0.0,
      0.0,
      0.0,
      0
    ],
    [
      -2.9238270727251097,
      2.985672040975957,
      2.175,
      0.0,
      1
    ],
    [
      -2.913967626899648,
      2.9876397412005895,
      2.175,
      0.0,
      1
    ],
    [
      -2.902127745192911,
      2.920448851865751,
      2.175,
      0.0,
      1
    ],
    [
      -3.034833354548211,
      3.012809661334618,
      2.175,
      0.0,
      1
    ],
    [
      -2.9978036276978837,
      3.0308478909980865,
      2.175,
      0.0,
      1
    ],
    [
      -2.9327329183352475,
      3.0075347086765922,
      2.175,
      0.0,
      1
    ],
    [
      -2.957601664113989,
      3.0589920565034223,
      2.175,
      0.0,
      2
    ]
  ],
  "adjacency_matrix": [
    [
      0,
      1,
      0,
      0,
      0,
      0,
      0,
      0
    ],
    [
      1,
      0,
      1,
      0,
      0,
      0,
      0,
      0
    ],
    [
      0,
      1,
      0,
      1,
      0,
      0,
      0,
      0
    ],
    [
      0,
      0,
      1,
      0,
      1,
      0,
      0,
      0
    ],
    [
      0,
      0,
      0,
      1,
      0,
      1,
      0,
      0
    ],
    [
      0,
      0,
      0,
      0,
      1,
      0,
      1,
      0
    ],
    [
      0,
      0,
      0,
      0,
      0,
      1,
      0,
      1
    ],
    [
      0,
      0,
      0,
      0,
      0,
      0,
      1,
      0
    ]
  ],
  "dh_parameters": [
    [
      0.0,
      0.3362783804311832,
      0.0,
      1.5707963267948966
    ],
    [
      0.0,
      0.0,
      0.0,
      -1.5707963267948966
    ],
    [
      0.0,
      0.29113757444806226,
      0.0,
      1.5707963267948966
    ],
    [
      0.08567716642680943,
      0.0,
      0.0,
      1.5707963267948966
    ],
    [
      -0.07710908462620497,
      0.3589077393510631,
      0.0,
      -1.5707963267948966
    ],
    [
      0.0,
      0.0,
      0.0,
      1.5707963267948966
    ],
    [
      0.09566850318293789,
      0.11632420273379948,
      0.0,
      0.0
    ]
  ],
  "morphology_type": "link_scaling"
}