{
  "num_nodes": 8,
  "node_features": [
    [
      0.0,
      0.0,
      0.0,
      0.0,
      0
    ],
    [
      -3.0680300919289976,
      3.0329620237993122,
      2.175,
      0.0,
      1
    ],
    [
      -2.910851802675939,
      2.9074792997609267,
      2.175,
      0.0,
      1
    ],
    [
      -3.005187064665802,
      3.0246452093525695,
      2.175,
      0.0,
      1
    ],
    [
      -2.9153134276491133,
      2.960402382937425,
      2.175,
      0.0,
      1
    ],
    [
      -3.0692913553977594,
      3.059566665217461,
      2.175,
      0.0,
      1
    ],
    [
      -3.0606303423623493,
      2.9568736036560206,
      2.175,
      0.0,
      1
    ],
    [
      -2.9326095963616066,
      3.0549230324807897,
      2.175,
      0.0,
      2
    ]
  ],
  "adjacency_matrix": [
    [
      0,
      1,
      0,
      0,
      0,
      0,
      0,
      0
    ],
    [
      1,
      0,
      1,
      0,
      0,
      0,
      0,
      0
    ],
    [
      0,
      1,
      0,
      1,
      0,
      0,
      0,
      0
    ],
    [
      0,
      0,
      1,
      0,
      1,
      0,
      0,
      0
    ],
    [
      0,
      0,
      0,
      1,
      0,
      1,
      0,
      0
    ],
    [
      0,
      0,
      0,
      0,
      1,
      0,
      1,
      0
    ],
    [
      0,
      0,
      0,
      0,
      0,
      1,
      0,
      1
    ],
    [
      0,
      0,
      0,
      0,
      0,
      0,
      1,
      0
    ]
  ],
  "dh_parameters": [
    [
      0.0,
      0.32018059939877597,
      0.0,
      1.5707963267948966
    ],
    [
      0.0,
      0.0,
      0.0,
      -1.5707963267948966
    ],
    [
      0.0,
      0.28527913155504353,
      0.0,
      1.5707963267948966
    ],
    [
      0.08136441637446708,
      0.0,
      0.0,
      1.5707963267948966
    ],
    [
      -0.08884707478698613,
      0.41354274809942637,
      0.0,
      -1.5707963267948966
    ],
    [
      0.0,
      0.0,
      0.0,
      1.5707963267948966
    ],
    [
      0.0942852949354779,
      0.11464234725109244,
      0.0,
      0.0
    ]
  ],
  "morphology_type": "link_scaling"
}