{
  "num_nodes": 8,
  "node_features": [
    [
      0.0,
      0.0,
      0.0,
      0.0,
      0
    ],
    [
      -2.9603094477963565,
      2.978605213516949,
      2.175,
      0.0,
      1
    ],
    [
      -2.960521828682582,
      2.990845384760527,
      2.175,
      0.0,
      1
    ],
    [
      -2.954280005969296,
      2.9003447085292846,
      2.175,
      0.0,
      1
    ],
    [
      -2.947686394580449,
      2.9843436199574933,
      2.175,
      0.0,
      1
    ],
    [
      -2.9529126675599287,
      3.0261646962336703,
      2.175,
      0.0,
      1
    ],
    [
      -2.9591745767761575,
      3.040018905170998,
      2.175,
      0.0,
      1
    ],
    [
      -2.962007348961493,
      2.9570172119421416,
      2.175,
      0.0,
      2
    ]
  ],
  "adjacency_matrix": [
    [
      0,
      1,
      0,
      0,
      0,
      0,
      0,
      0
    ],
    [
      1,
      0,
      1,
      0,
      0,
      0,
      0,
      0
    ],
    [
      0,
      1,
      0,
      1,
      0,
      0,
      0,
      0
    ],
    [
      0,
      0,
      1,
      0,
      1,
      0,
      0,
      0
    ],
    [
      0,
      0,
      0,
      1,
      0,
      1,
      0,
      0
    ],
    [
      0,
      0,
      0,
      0,
      1,
      0,
      1,
      0
    ],
    [
      0,
      0,
      0,
      0,
      0,
      1,
      0,
      1
    ],
    [
      0,
      0,
      0,
      0,
      0,
      0,
      1,
      0
    ]
  ],
  "dh_parameters": [
    [
      0.0,
      0.30902493132211106,
      0.0,
      1.5707963267948966
    ],
    [
      0.0,
      0.0,
      0.0,
      -1.5707963267948966
    ],
    [
      0.0,
      0.2958977853298143,
      0.0,
      1.5707963267948966
    ],
    [
      0.07891948001942245,
      0.0,
      0.0,
      1.5707963267948966
    ],
    [
      -0.08247475575654242,
      0.38388249952136105,
      0.0,
      -1.5707963267948966
    ],
    [
      0.0,
      0.0,
      0.0,
      1.5707963267948966
    ],
    [
      0.09583649002736289,
      0.11652845946508897,
      0.0,
      0.0
    ]
  ],
  "morphology_type": "link_scaling"
}