{
  "num_nodes": 8,
  "node_features": [
    [
      0.0,
      0.0,
      0.0,
      0.0,
      0
    ],
    [
      -2.9634447082694373,
      2.9662636426593454,
      2.175,
      0.0,
      1
    ],
    [
      -3.0341941611151264,
      3.0343219916777846,
      2.175,
      0.0,
      1
    ],
    [
      -3.0270292710925704,
      2.929104219432799,
      2.175,
      0.0,
      1
    ],
    [
      -3.0554176094084404,
      2.92572566558376,
      2.175,
      0.0,
      1
    ],
    [
      -3.0675561607700668,
      2.9641354398580404,
      2.175,
      0.0,
      1
    ],
    [
      -3.0600112969831708,
      3.024435028264633,
      2.175,
      0.0,
      1
    ],
    [
      -2.968583814857543,
      2.901639277254911,
      2.175,
      0.0,
      2
    ]
  ],
  "adjacency_matrix": [
    [
      0,
      1,
      0,
      0,
      0,
      0,
      0,
      0
    ],
    [
      1,
      0,
      1,
      0,
      0,
      0,
      0,
      0
    ],
    [
      0,
      1,
      0,
      1,
      0,
      0,
      0,
      0
    ],
    [
      0,
      0,
      1,
      0,
      1,
      0,
      0,
      0
    ],
    [
      0,
      0,
      0,
      1,
      0,
      1,
      0,
      0
    ],
    [
      0,
      0,
      0,
      0,
      1,
      0,
      1,
      0
    ],
    [
      0,
      0,
      0,
      0,
      0,
      1,
      0,
      1
    ],
    [
      0,
      0,
      0,
      0,
      0,
      0,
      1,
      0
    ]
  ],
  "dh_parameters": [
    [
      0.0,
      0.30954164088596875,
      0.0,
      1.5707963267948966
    ],
    [
      0.0,
      0.0,
      0.0,
      -1.5707963267948966
    ],
    [
      0.0,
      0.2860442830038551,
      0.0,
      1.5707963267948966
    ],
    [
      0.08388287208000145,
      0.0,
      0.0,
      1.5707963267948966
    ],
    [
      -0.08266557905183333,
      0.3847706952230788,
      0.0,
      -1.5707963267948966
    ],
    [
      0.0,
      0.0,
      0.0,
      1.5707963267948966
    ],
    [
      0.08871328237395448,
      0.10786728652287648,
      0.0,
      0.0
    ]
  ],
  "morphology_type": "link_scaling"
}