{
  "num_nodes": 8,
  "node_features": [
    [
      0.0,
      0.0,
      0.0,
      0.0,
      0
    ],
    [
      -2.946616047117142,
      3.0209897938076433,
      2.175,
      0.0,
      1
    ],
    [
      -2.956183616449364,
      2.9004304725221806,
      2.175,
      0.0,
      1
    ],
    [
      -3.0615119056656024,
      2.9592764951134316,
      2.175,
      0.0,
      1
    ],
    [
      -2.981404306675119,
      2.926602436173666,
      2.175,
      0.0,
      1
    ],
    [
      -2.9612819881348256,
      2.979721823508399,
      2.175,
      0.0,
      1
    ],
    [
      -2.9328323334399378,
      3.066093916445811,
      2.175,
      0.0,
      1
    ],
    [
      -2.9287413409786036,
      2.9488582326179,
      2.175,
      0.0,
      2
    ]
  ],
  "adjacency_matrix": [
    [
      0,
      1,
      0,
      0,
      0,
      0,
      0,
      0
    ],
    [
      1,
      0,
      1,
      0,
      0,
      0,
      0,
      0
    ],
    [
      0,
      1,
      0,
      1,
      0,
      0,
      0,
      0
    ],
    [
      0,
      0,
      1,
      0,
      1,
      0,
      0,
      0
    ],
    [
      0,
      0,
      0,
      1,
      0,
      1,
      0,
      0
    ],
    [
      0,
      0,
      0,
      0,
      1,
      0,
      1,
      0
    ],
    [
      0,
      0,
      0,
      0,
      0,
      1,
      0,
      1
    ],
    [
      0,
      0,
      0,
      0,
      0,
      0,
      1,
      0
    ]
  ],
  "dh_parameters": [
    [
      0.0,
      0.33572404737932127,
      0.0,
      1.5707963267948966
    ],
    [
      0.0,
      0.0,
      0.0,
      -1.5707963267948966
    ],
    [
      0.0,
      0.29522948421903106,
      0.0,
      1.5707963267948966
    ],
    [
      0.08266317399442119,
      0.0,
      0.0,
      1.5707963267948966
    ],
    [
      -0.08660808159863471,
      0.403121252531827,
      0.0,
      -1.5707963267948966
    ],
    [
      0.0,
      0.0,
      0.0,
      1.5707963267948966
    ],
    [
      0.08109851956986142,
      0.09860842720426331,
      0.0,
      0.0
    ]
  ],
  "morphology_type": "link_scaling"
}