{
  "num_nodes": 8,
  "node_features": [
    [
      0.0,
      0.0,
      0.0,
      0.0,
      0
    ],
    [
      -3.016642334764912,
      2.95143947982051,
      2.175,
      0.0,
      1
    ],
    [
      -2.913464804079268,
      2.9157982011439474,
      2.175,
      0.0,
      1
    ],
    [
      -2.9185352761818026,
      2.919298350705303,
      2.175,
      0.0,
      1
    ],
    [
      -2.9842716668739575,
      3.003379793449503,
      2.175,
      0.0,
      1
    ],
    [
      -3.0196538693476525,
      2.981416331397977,
      2.175,
      0.0,
      1
    ],
    [
      -2.9986986558142226,
      2.9881994744112097,
      2.175,
      0.0,
      1
    ],
    [
      -2.9537334867462,
      2.9822133243848983,
      2.175,
      0.0,
      2
    ]
  ],
  "adjacency_matrix": [
    [
      0,
      1,
      0,
      0,
      0,
      0,
      0,
      0
    ],
    [
      1,
      0,
      1,
      0,
      0,
      0,
      0,
      0
    ],
    [
      0,
      1,
      0,
      1,
      0,
      0,
      0,
      0
    ],
    [
      0,
      0,
      1,
      0,
      1,
      0,
      0,
      0
    ],
    [
      0,
      0,
      0,
      1,
      0,
      1,
      0,
      0
    ],
    [
      0,
      0,
      0,
      0,
      1,
      0,
      1,
      0
    ],
    [
      0,
      0,
      0,
      0,
      0,
      1,
      0,
      1
    ],
    [
      0,
      0,
      0,
      0,
      0,
      0,
      1,
      0
    ]
  ],
  "dh_parameters": [
    [
      0.0,
      0.33972173562338265,
      0.0,
      1.5707963267948966
    ],
    [
      0.0,
      0.0,
      0.0,
      -1.5707963267948966
    ],
    [
      0.0,
      0.3441356297815864,
      0.0,
      1.5707963267948966
    ],
    [
      0.08747982082410181,
      0.0,
      0.0,
      1.5707963267948966
    ],
    [
      -0.08565926122371186,
      0.39870492496854976,
      0.0,
      -1.5707963267948966
    ],
    [
      0.0,
      0.0,
      0.0,
      1.5707963267948966
    ],
    [
      0.09606594303433018,
      0.11680745346219693,
      0.0,
      0.0
    ]
  ],
  "morphology_type": "link_scaling"
}