{
  "num_nodes": 8,
  "node_features": [
    [
      0.0,
      0.0,
      0.0,
      0.0,
      0
    ],
    [
      -2.9597256795390865,
      3.0616737932387426,
      2.175,
      0.0,
      1
    ],
    [
      -3.0201555110873333,
      3.0039799608555744,
      2.175,
      0.0,
      1
    ],
    [
      -3.0022490124886936,
      3.0163330650328355,
      2.175,
      0.0,
      1
    ],
    [
      -3.064712471747826,
      2.9826194242700694,
      2.175,
      0.0,
      1
    ],
    [
      -2.9037550518741457,
      2.9998387630429875,
      2.175,
      0.0,
      1
    ],
    [
      -2.923535018778108,
      3.0106132288648633,
      2.175,
      0.0,
      1
    ],
    [
      -2.915886594153039,
      2.913768739851458,
      2.175,
      0.0,
      2
    ]
  ],
  "adjacency_matrix": [
    [
      0,
      1,
      0,
      0,
      0,
      0,
      0,
      0
    ],
    [
      1,
      0,
      1,
      0,
      0,
      0,
      0,
      0
    ],
    [
      0,
      1,
      0,
      1,
      0,
      0,
      0,
      0
    ],
    [
      0,
      0,
      1,
      0,
      1,
      0,
      0,
      0
    ],
    [
      0,
      0,
      0,
      1,
      0,
      1,
      0,
      0
    ],
    [
      0,
      0,
      0,
      0,
      1,
      0,
      1,
      0
    ],
    [
      0,
      0,
      0,
      0,
      0,
      1,
      0,
      1
    ],
    [
      0,
      0,
      0,
      0,
      0,
      0,
      1,
      0
    ]
  ],
  "dh_parameters": [
    [
      0.0,
      0.30679011219785696,
      0.0,
      1.5707963267948966
    ],
    [
      0.0,
      0.0,
      0.0,
      -1.5707963267948966
    ],
    [
      0.0,
      0.29196058732587454,
      0.0,
      1.5707963267948966
    ],
    [
      0.08360306290597498,
      0.0,
      0.0,
      1.5707963267948966
    ],
    [
      -0.07577921179501908,
      0.3527177858095433,
      0.0,
      -1.5707963267948966
    ],
    [
      0.0,
      0.0,
      0.0,
      1.5707963267948966
    ],
    [
      0.07967913636650481,
      0.09688258626381835,
      0.0,
      0.0
    ]
  ],
  "morphology_type": "link_scaling"
}