{
  "num_nodes": 8,
  "node_features": [
    [
      0.0,
      0.0,
      0.0,
      0.0,
      0
    ],
    [
      -2.987720305582591,
      2.9584719751740964,
      2.175,
      0.0,
      1
    ],
    [
      -2.9584434562724193,
      2.9440879493123813,
      2.175,
      0.0,
      1
    ],
    [
      -2.9833966292323617,
      2.987735589980015,
      2.175,
      0.0,
      1
    ],
    [
      -2.948598257443647,
      2.927071931123994,
      2.175,
      0.0,
      1
    ],
    [
      -2.9282236448566272,
      2.9086269796939943,
      2.175,
      0.0,
      1
    ],
    [
      -2.9212017049536705,
      2.978580935085839,
      2.175,
      0.0,
      1
    ],
    [
      -3.0638097197454863,
      3.0641764292895215,
      2.175,
      0.0,
      2
    ]
  ],
  "adjacency_matrix": [
    [
      0,
      1,
      0,
      0,
      0,
      0,
      0,
      0
    ],
    [
      1,
      0,
      1,
      0,
      0,
      0,
      0,
      0
    ],
    [
      0,
      1,
      0,
      1,
      0,
      0,
      0,
      0
    ],
    [
      0,
      0,
      1,
      0,
      1,
      0,
      0,
      0
    ],
    [
      0,
      0,
      0,
      1,
      0,
      1,
      0,
      0
    ],
    [
      0,
      0,
      0,
      0,
      1,
      0,
      1,
      0
    ],
    [
      0,
      0,
      0,
      0,
      0,
      1,
      0,
      1
    ],
    [
      0,
      0,
      0,
      0,
      0,
      0,
      1,
      0
    ]
  ],
  "dh_parameters": [
    [
      0.0,
      0.3201719175621496,
      0.0,
      1.5707963267948966
    ],
    [
      0.0,
      0.0,
      0.0,
      -1.5707963267948966
    ],
    [
      0.0,
      0.29388605138555435,
      0.0,
      1.5707963267948966
    ],
    [
      0.08997432479271365,
      0.0,
      0.0,
      1.5707963267948966
    ],
    [
      -0.07808332944145308,
      0.3634424061274906,
      0.0,
      -1.5707963267948966
    ],
    [
      0.0,
      0.0,
      0.0,
      1.5707963267948966
    ],
    [
      0.0880462278227845,
      0.1070562088299766,
      0.0,
      0.0
    ]
  ],
  "morphology_type": "link_scaling"
}