{
  "num_nodes": 8,
  "node_features": [
    [
      0.0,
      0.0,
      0.0,
      0.0,
      0
    ],
    [
      -2.9698143023088504,
      3.0060421020379513,
      2.175,
      0.0,
      1
    ],
    [
      -2.925361218902276,
      2.966674809905004,
      2.175,
      0.0,
      1
    ],
    [
      -3.0528988531047845,
      2.929500124867181,
      2.175,
      0.0,
      1
    ],
    [
      -2.965142249654687,
      2.9136570338997148,
      2.175,
      0.0,
      1
    ],
    [
      -2.9277033549342217,
      3.025426566543637,
      2.175,
      0.0,
      1
    ],
    [
      -3.0445782021347108,
      3.0301272471234673,
      2.175,
      0.0,
      1
    ],
    [
      -2.9068457217359196,
      3.0055409463781158,
      2.175,
      0.0,
      2
    ]
  ],
  "adjacency_matrix": [
    [
      0,
      1,
      0,
      0,
      0,
      0,
      0,
      0
    ],
    [
      1,
      0,
      1,
      0,
      0,
      0,
      0,
      0
    ],
    [
      0,
      1,
      0,
      1,
      0,
      0,
      0,
      0
    ],
    [
      0,
      0,
      1,
      0,
      1,
      0,
      0,
      0
    ],
    [
      0,
      0,
      0,
      1,
      0,
      1,
      0,
      0
    ],
    [
      0,
      0,
      0,
      0,
      1,
      0,
      1,
      0
    ],
    [
      0,
      0,
      0,
      0,
      0,
      1,
      0,
      1
    ],
    [
      0,
      0,
      0,
      0,
      0,
      0,
      1,
      0
    ]
  ],
  "dh_parameters": [
    [
      0.0,
      0.2997103922032782,
      0.0,
      1.5707963267948966
    ],
    [
      0.0,
      0.0,
      0.0,
      -1.5707963267948966
    ],
    [
      0.0,
      0.29052428661508134,
      0.0,
      1.5707963267948966
    ],
    [
      0.07589060331489367,
      0.0,
      0.0,
      1.5707963267948966
    ],
    [
      -0.08034448622981584,
      0.3739670631787792,
      0.0,
      -1.5707963267948966
    ],
    [
      0.0,
      0.0,
      0.0,
      1.5707963267948966
    ],
    [
      0.08287454181431556,
      0.10076790879695187,
      0.0,
      0.0
    ]
  ],
  "morphology_type": "link_scaling"
}