{
  "num_nodes": 8,
  "node_features": [
    [
      0.0,
      0.0,
      0.0,
      0.0,
      0
    ],
    [
      -2.986829644086432,
      3.0080154140298894,
      2.175,
      0.0,
      1
    ],
    [
      -3.042418512914694,
      2.919074104267816,
      2.175,
      0.0,
      1
    ],
    [
      -2.974088068740395,
      2.992922531712004,
      2.175,
      0.0,
      1
    ],
    [
      -2.91486486242136,
      3.066468436697737,
      2.175,
      0.0,
      1
    ],
    [
      -3.0347875931199386,
      2.906338116179769,
      2.175,
      0.0,
      1
    ],
    [
      -2.931358461192283,
      3.0458098463628795,
      2.175,
      0.0,
      1
    ],
    [
      -2.9294618856853667,
      2.978919190359245,
      2.175,
      0.0,
      2
    ]
  ],
  "adjacency_matrix": [
    [
      0,
      1,
      0,
      0,
      0,
      0,
      0,
      0
    ],
    [
      1,
      0,
      1,
      0,
      0,
      0,
      0,
      0
    ],
    [
      0,
      1,
      0,
      1,
      0,
      0,
      0,
      0
    ],
    [
      0,
      0,
      1,
      0,
      1,
      0,
      0,
      0
    ],
    [
      0,
      0,
      0,
      1,
      0,
      1,
      0,
      0
    ],
    [
      0,
      0,
      0,
      0,
      1,
      0,
      1,
      0
    ],
    [
      0,
      0,
      0,
      0,
      0,
      1,
      0,
      1
    ],
    [
      0,
      0,
      0,
      0,
      0,
      0,
      1,
      0
    ]
  ],
  "dh_parameters": [
    [
      0.0,
      0.3248924553357724,
      0.0,
      1.5707963267948966
    ],
    [
      0.0,
      0.0,
      0.0,
      -1.5707963267948966
    ],
    [
      0.0,
      0.28885611914448756,
      0.0,
      1.5707963267948966
    ],
    [
      0.08712497426254878,
      0.0,
      0.0,
      1.5707963267948966
    ],
    [
      -0.08545123733650498,
      0.39773666832991406,
      0.0,
      -1.5707963267948966
    ],
    [
      0.0,
      0.0,
      0.0,
      1.5707963267948966
    ],
    [
      0.08438190459612568,
      0.10260072490665281,
      0.0,
      0.0
    ]
  ],
  "morphology_type": "link_scaling"
}