{
  "num_nodes": 8,
  "node_features": [
    [
      0.0,
      0.0,
      0.0,
      0.0,
      0
    ],
    [
      -3.0108717060233805,
      2.9790168606655985,
      2.175,
      0.0,
      1
    ],
    [
      -2.9620838863520773,
      2.975755050584257,
      2.175,
      0.0,
      1
    ],
    [
      -2.906090120144238,
      3.013184217365527,
      2.175,
      0.0,
      1
    ],
    [
      -2.962609696988005,
      3.0441646601663503,
      2.175,
      0.0,
      1
    ],
    [
      -2.9882718391445993,
      3.0330135151694027,
      2.175,
      0.0,
      1
    ],
    [
      -2.903053268923383,
      2.9227199067683878,
      2.175,
      0.0,
      1
    ],
    [
      -3.032026710201189,
      3.0622091252728194,
      2.175,
      0.0,
      2
    ]
  ],
  "adjacency_matrix": [
    [
      0,
      1,
      0,
      0,
      0,
      0,
      0,
      0
    ],
    [
      1,
      0,
      1,
      0,
      0,
      0,
      0,
      0
    ],
    [
      0,
      1,
      0,
      1,
      0,
      0,
      0,
      0
    ],
    [
      0,
      0,
      1,
      0,
      1,
      0,
      0,
      0
    ],
    [
      0,
      0,
      0,
      1,
      0,
      1,
      0,
      0
    ],
    [
      0,
      0,
      0,
      0,
      1,
      0,
      1,
      0
    ],
    [
      0,
      0,
      0,
      0,
      0,
      1,
      0,
      1
    ],
    [
      0,
      0,
      0,
      0,
      0,
      0,
      1,
      0
    ]
  ],
  "dh_parameters": [
    [
      0.0,
      0.3621102661370174,
      0.0,
      1.5707963267948966
    ],
    [
      0.0,
      0.0,
      0.0,
      -1.5707963267948966
    ],
    [
      0.0,
      0.3235697509173208,
      0.0,
      1.5707963267948966
    ],
    [
      0.08602430617206215,
      0.0,
      0.0,
      1.5707963267948966
    ],
    [
      -0.08750109056786402,
      0.40727780337042163,
      0.0,
      -1.5707963267948966
    ],
    [
      0.0,
      0.0,
      0.0,
      1.5707963267948966
    ],
    [
      0.08825434417984594,
      0.1073092594004945,
      0.0,
      0.0
    ]
  ],
  "morphology_type": "link_scaling"
}