{
  "num_nodes": 8,
  "node_features": [
    [
      0.0,
      0.0,
      0.0,
      0.0,
      0
    ],
    [
      -2.9522404100805786,
      2.986285897281341,
      2.175,
      0.0,
      1
    ],
    [
      -3.0274719236744962,
      2.9186538172115006,
      2.175,
      0.0,
      1
    ],
    [
      -3.062798251533731,
      3.011826688852731,
      2.175,
      0.0,
      1
    ],
    [
      -2.953428545587413,
      3.02188897479783,
      2.175,
      0.0,
      1
    ],
    [
      -2.9723637576142234,
      2.9251353851743227,
      2.175,
      0.0,
      1
    ],
    [
      -2.985545137279468,
      3.0642097371854287,
      2.175,
      0.0,
      1
    ],
    [
      -3.0223386776840564,
      2.995681889091231,
      2.175,
      0.0,
      2
    ]
  ],
  "adjacency_matrix": [
    [
      0,
      1,
      0,
      0,
      0,
      0,
      0,
      0
    ],
    [
      1,
      0,
      1,
      0,
      0,
      0,
      0,
      0
    ],
    [
      0,
      1,
      0,
      1,
      0,
      0,
      0,
      0
    ],
    [
      0,
      0,
      1,
      0,
      1,
      0,
      0,
      0
    ],
    [
      0,
      0,
      0,
      1,
      0,
      1,
      0,
      0
    ],
    [
      0,
      0,
      0,
      0,
      1,
      0,
      1,
      0
    ],
    [
      0,
      0,
      0,
      0,
      0,
      1,
      0,
      1
    ],
    [
      0,
      0,
      0,
      0,
      0,
      0,
      1,
      0
    ]
  ],
  "dh_parameters": [
    [
      0.0,
      0.3641638960090268,
      0.0,
      1.5707963267948966
    ],
    [
      0.0,
      0.0,
      0.0,
      -1.5707963267948966
    ],
    [
      0.0,
      0.2944015437627333,
      0.0,
      1.5707963267948966
    ],
    [
      0.07642002730093422,
      0.0,
      0.0,
      1.5707963267948966
    ],
    [
      -0.07659613535116723,
      0.3565201936345238,
      0.0,
      -1.5707963267948966
    ],
    [
      0.0,
      0.0,
      0.0,
      1.5707963267948966
    ],
    [
      0.07931216526865921,
      0.096436382769847,
      0.0,
      0.0
    ]
  ],
  "morphology_type": "link_scaling"
}