{
  "num_nodes": 8,
  "node_features": [
    [
      0.0,
      0.0,
      0.0,
      0.0,
      0
    ],
    [
      -3.062314130934661,
      2.9077193036294084,
      2.175,
      0.0,
      1
    ],
    [
      -2.9012552949323265,
      2.924005572871308,
      2.175,
      0.0,
      1
    ],
    [
      -2.9361783816057154,
      2.9220695888650603,
      2.175,
      0.0,
      1
    ],
    [
      -3.055635810600064,
      2.9459743650131283,
      2.175,
      0.0,
      1
    ],
    [
      -2.919617935678279,
      2.9376421883543458,
      2.175,
      0.0,
      1
    ],
    [
      -2.980109184492981,
      2.9612983001763165,
      2.175,
      0.0,
      1
    ],
    [
      -3.0459399608264928,
      3.048728785006549,
      2.175,
      0.0,
      2
    ]
  ],
  "adjacency_matrix": [
    [
      0,
      1,
      0,
      0,
      0,
      0,
      0,
      0
    ],
    [
      1,
      0,
      1,
      0,
      0,
      0,
      0,
      0
    ],
    [
      0,
      1,
      0,
      1,
      0,
      0,
      0,
      0
    ],
    [
      0,
      0,
      1,
      0,
      1,
      0,
      0,
      0
    ],
    [
      0,
      0,
      0,
      1,
      0,
      1,
      0,
      0
    ],
    [
      0,
      0,
      0,
      0,
      1,
      0,
      1,
      0
    ],
    [
      0,
      0,
      0,
      0,
      0,
      1,
      0,
      1
    ],
    [
      0,
      0,
      0,
      0,
      0,
      0,
      1,
      0
    ]
  ],
  "dh_parameters": [
    [
      0.0,
      0.346619535256774,
      0.0,
      1.5707963267948966
    ],
    [
      0.0,
      0.0,
      0.0,
      -1.5707963267948966
    ],
    [
      0.0,
      0.2932619103358705,
      0.0,
      1.5707963267948966
    ],
    [
      0.09025631724635728,
      0.0,
      0.0,
      1.5707963267948966
    ],
    [
      -0.09029081687384112,
      0.4202627112673332,
      0.0,
      -1.5707963267948966
    ],
    [
      0.0,
      0.0,
      0.0,
      1.5707963267948966
    ],
    [
      0.09222684023628464,
      0.11213945346911883,
      0.0,
      0.0
    ]
  ],
  "morphology_type": "link_scaling"
}