{
  "num_nodes": 8,
  "node_features": [
    [
      0.0,
      0.0,
      0.0,
      0.0,
      0
    ],
    [
      -3.0655654750880976,
      2.9878251543445806,
      2.175,
      0.0,
      1
    ],
    [
      -3.0144628789061163,
      2.928037581485828,
      2.175,
      0.0,
      1
    ],
    [
      -3.0225398446854985,
      3.024386651307308,
      2.175,
      0.0,
      1
    ],
    [
      -2.9981105343247867,
      3.0517210288166012,
      2.175,
      0.0,
      1
    ],
    [
      -3.0172757564447736,
      3.005274169642904,
      2.175,
      0.0,
      1
    ],
    [
      -3.039091393900815,
      2.932384988740767,
      2.175,
      0.0,
      1
    ],
    [
      -3.050966250100621,
      2.9106161131901507,
      2.175,
      0.0,
      2
    ]
  ],
  "adjacency_matrix": [
    [
      0,
      1,
      0,
      0,
      0,
      0,
      0,
      0
    ],
    [
      1,
      0,
      1,
      0,
      0,
      0,
      0,
      0
    ],
    [
      0,
      1,
      0,
      1,
      0,
      0,
      0,
      0
    ],
    [
      0,
      0,
      1,
      0,
      1,
      0,
      0,
      0
    ],
    [
      0,
      0,
      0,
      1,
      0,
      1,
      0,
      0
    ],
    [
      0,
      0,
      0,
      0,
      1,
      0,
      1,
      0
    ],
    [
      0,
      0,
      0,
      0,
      0,
      1,
      0,
      1
    ],
    [
      0,
      0,
      0,
      0,
      0,
      0,
      1,
      0
    ]
  ],
  "dh_parameters": [
    [
      0.0,
      0.32436136518090325,
      0.0,
      1.5707963267948966
    ],
    [
      0.0,
      0.0,
      0.0,
      -1.5707963267948966
    ],
    [
      0.0,
      0.32854561716003244,
      0.0,
      1.5707963267948966
    ],
    [
      0.07859607507509861,
      0.0,
      0.0,
      1.5707963267948966
    ],
    [
      -0.0777683526921749,
      0.36197633253085043,
      0.0,
      -1.5707963267948966
    ],
    [
      0.0,
      0.0,
      0.0,
      1.5707963267948966
    ],
    [
      0.09323463857293005,
      0.11336484462844904,
      0.0,
      0.0
    ]
  ],
  "morphology_type": "link_scaling"
}