{
  "num_nodes": 8,
  "node_features": [
    [
      0.0,
      0.0,
      0.0,
      0.0,
      0
    ],
    [
      -3.0346618823886735,
      2.9150199528736818,
      2.175,
      0.0,
      1
    ],
    [
      -2.977897193725661,
      2.9805646946151794,
      2.175,
      0.0,
      1
    ],
    [
      -2.927797663812542,
      3.019630514857596,
      2.175,
      0.0,
      1
    ],
    [
      -3.0295767308730044,
      2.939367938451336,
      2.175,
      0.0,
      1
    ],
    [
      -2.9588840546794013,
      3.042578684867875,
      2.175,
      0.0,
      1
    ],
    [
      -2.9745304113363304,
      2.9966445622963946,
      2.175,
      0.0,
      1
    ],
    [
      -3.0046468832698934,
      3.055719543537046,
      2.175,
      0.0,
      2
    ]
  ],
  "adjacency_matrix": [
    [
      0,
      1,
      0,
      0,
      0,
      0,
      0,
      0
    ],
    [
      1,
      0,
      1,
      0,
      0,
      0,
      0,
      0
    ],
    [
      0,
      1,
      0,
      1,
      0,
      0,
      0,
      0
    ],
    [
      0,
      0,
      1,
      0,
      1,
      0,
      0,
      0
    ],
    [
      0,
      0,
      0,
      1,
      0,
      1,
      0,
      0
    ],
    [
      0,
      0,
      0,
      0,
      1,
      0,
      1,
      0
    ],
    [
      0,
      0,
      0,
      0,
      0,
      1,
      0,
      1
    ],
    [
      0,
      0,
      0,
      0,
      0,
      0,
      1,
      0
    ]
  ],
  "dh_parameters": [
    [
      0.0,
      0.30524773491194923,
      0.0,
      1.5707963267948966
    ],
    [
      0.0,
      0.0,
      0.0,
      -1.5707963267948966
    ],
    [
      0.0,
      0.30899208726933924,
      0.0,
      1.5707963267948966
    ],
    [
      0.07637804583874731,
      0.0,
      0.0,
      1.5707963267948966
    ],
    [
      -0.07796975063639476,
      0.3629137484166738,
      0.0,
      -1.5707963267948966
    ],
    [
      0.0,
      0.0,
      0.0,
      1.5707963267948966
    ],
    [
      0.0951935884073933,
      0.11574674954080776,
      0.0,
      0.0
    ]
  ],
  "morphology_type": "link_scaling"
}