{
  "num_nodes": 8,
  "node_features": [
    [
      0.0,
      0.0,
      0.0,
      0.0,
      0
    ],
    [
      -2.9692288503280713,
      2.9442009915093688,
      2.175,
      0.0,
      1
    ],
    [
      -3.0022343113648233,
      2.96005753256555,
      2.175,
      0.0,
      1
    ],
    [
      -2.9375467957462416,
      2.934404761558053,
      2.175,
      0.0,
      1
    ],
    [
      -2.9421054044552264,
      2.9600817846157437,
      2.175,
      0.0,
      1
    ],
    [
      -3.0647295999032784,
      2.962516355362546,
      2.175,
      0.0,
      1
    ],
    [
      -2.953690543907314,
      3.0332823395605284,
      2.175,
      0.0,
      1
    ],
    [
      -3.0680112191936777,
      3.0600422917594887,
      2.175,
      0.0,
      2
    ]
  ],
  "adjacency_matrix": [
    [
      0,
      1,
      0,
      0,
      0,
      0,
      0,
      0
    ],
    [
      1,
      0,
      1,
      0,
      0,
      0,
      0,
      0
    ],
    [
      0,
      1,
      0,
      1,
      0,
      0,
      0,
      0
    ],
    [
      0,
      0,
      1,
      0,
      1,
      0,
      0,
      0
    ],
    [
      0,
      0,
      0,
      1,
      0,
      1,
      0,
      0
    ],
    [
      0,
      0,
      0,
      0,
      1,
      0,
      1,
      0
    ],
    [
      0,
      0,
      0,
      0,
      0,
      1,
      0,
      1
    ],
    [
      0,
      0,
      0,
      0,
      0,
      0,
      1,
      0
    ]
  ],
  "dh_parameters": [
    [
      0.0,
      0.36590702255026036,
      0.0,
      1.5707963267948966
    ],
    [
      0.0,
      0.0,
      0.0,
      -1.5707963267948966
    ],
    [
      0.0,
      0.297294179851941,
      0.0,
      1.5707963267948966
    ],
    [
      0.08450656838521861,
      0.0,
      0.0,
      1.5707963267948966
    ],
    [
      -0.08680302014007048,
      0.4040286028337826,
      0.0,
      -1.5707963267948966
    ],
    [
      0.0,
      0.0,
      0.0,
      1.5707963267948966
    ],
    [
      0.08428803323737634,
      0.10248658586817351,
      0.0,
      0.0
    ]
  ],
  "morphology_type": "link_scaling"
}