{
  "num_nodes": 8,
  "node_features": [
    [
      0.0,
      0.0,
      0.0,
      0.0,
      0
    ],
    [
      -2.9747012155128028,
      2.998107716228807,
      2.175,
      0.0,
      1
    ],
    [
      -2.937808851412322,
      3.0146911175794724,
      2.175,
      0.0,
      1
    ],
    [
      -2.9446249727932443,
      2.9564967713469716,
      2.175,
      0.0,
      1
    ],
    [
      -2.9969166954059334,
      2.992569175120306,
      2.175,
      0.0,
      1
    ],
    [
      -3.0216732020994748,
      2.9656670312058417,
      2.175,
      0.0,
      1
    ],
    [
      -2.943475849947608,
      3.040227562778651,
      2.175,
      0.0,
      1
    ],
    [
      -3.043926203016439,
      2.954908784538028,
      2.175,
      0.0,
      2
    ]
  ],
  "adjacency_matrix": [
    [
      0,
      1,
      0,
      0,
      0,
      0,
      0,
      0
    ],
    [
      1,
      0,
      1,
      0,
      0,
      0,
      0,
      0
    ],
    [
      0,
      1,
      0,
      1,
      0,
      0,
      0,
      0
    ],
    [
      0,
      0,
      1,
      0,
      1,
      0,
      0,
      0
    ],
    [
      0,
      0,
      0,
      1,
      0,
      1,
      0,
      0
    ],
    [
      0,
      0,
      0,
      0,
      1,
      0,
      1,
      0
    ],
    [
      0,
      0,
      0,
      0,
      0,
      1,
      0,
      1
    ],
    [
      0,
      0,
      0,
      0,
      0,
      0,
      1,
      0
    ]
  ],
  "dh_parameters": [
    [
      0.0,
      0.31137685318871894,
      0.0,
      1.5707963267948966
    ],
    [
      0.0,
      0.0,
      0.0,
      -1.5707963267948966
    ],
    [
      0.0,
      0.32869124783583176,
      0.0,
      1.5707963267948966
    ],
    [
      0.0887710598573697,
      0.0,
      0.0,
      1.5707963267948966
    ],
    [
      -0.08567424853664819,
      0.3987746840978534,
      0.0,
      -1.5707963267948966
    ],
    [
      0.0,
      0.0,
      0.0,
      1.5707963267948966
    ],
    [
      0.09374092295193438,
      0.11398044040746566,
      0.0,
      0.0
    ]
  ],
  "morphology_type": "link_scaling"
}