{
  "num_nodes": 8,
  "node_features": [
    [
      0.0,
      0.0,
      0.0,
      0.0,
      0
    ],
    [
      -3.0569461002663356,
      2.98741931748456,
      2.175,
      0.0,
      1
    ],
    [
      -2.955319497371575,
      3.0574999170608668,
      2.175,
      0.0,
      1
    ],
    [
      -2.938508907112752,
      3.020667127427962,
      2.175,
      0.0,
      1
    ],
    [
      -2.9798386386481637,
      3.047667701104878,
      2.175,
      0.0,
      1
    ],
    [
      -2.982376472180582,
      3.025382379399934,
      2.175,
      0.0,
      1
    ],
    [
      -2.930722966203907,
      3.066114817993608,
      2.175,
      0.0,
      1
    ],
    [
      -2.9651212841612273,
      3.005229585500323,
      2.175,
      0.0,
      2
    ]
  ],
  "adjacency_matrix": [
    [
      0,
      1,
      0,
      0,
      0,
      0,
      0,
      0
    ],
    [
      1,
      0,
      1,
      0,
      0,
      0,
      0,
      0
    ],
    [
      0,
      1,
      0,
      1,
      0,
      0,
      0,
      0
    ],
    [
      0,
      0,
      1,
      0,
      1,
      0,
      0,
      0
    ],
    [
      0,
      0,
      0,
      1,
      0,
      1,
      0,
      0
    ],
    [
      0,
      0,
      0,
      0,
      1,
      0,
      1,
      0
    ],
    [
      0,
      0,
      0,
      0,
      0,
      1,
      0,
      1
    ],
    [
      0,
      0,
      0,
      0,
      0,
      0,
      1,
      0
    ]
  ],
  "dh_parameters": [
    [
      0.0,
      0.34816210828379807,
      0.0,
      1.5707963267948966
    ],
    [
      0.0,
      0.0,
      0.0,
      -1.5707963267948966
    ],
    [
      0.0,
      0.3291233796898024,
      0.0,
      1.5707963267948966
    ],
    [
      0.0831028504429472,
      0.0,
      0.0,
      1.5707963267948966
    ],
    [
      -0.08153226777069686,
      0.37949564635087996,
      0.0,
      -1.5707963267948966
    ],
    [
      0.0,
      0.0,
      0.0,
      1.5707963267948966
    ],
    [
      0.08590313229879525,
      0.1044503994996715,
      0.0,
      0.0
    ]
  ],
  "morphology_type": "link_scaling"
}