{
  "num_nodes": 8,
  "node_features": [
    [
      0.0,
      0.0,
      0.0,
      0.0,
      0
    ],
    [
      -2.9354273527917116,
      2.91841892643405,
      2.175,
      0.0,
      1
    ],
    [
      -2.9946924909464516,
      2.950641547790652,
      2.175,
      0.0,
      1
    ],
    [
      -3.062398814463918,
      3.0047548072435757,
      2.175,
      0.0,
      1
    ],
    [
      -2.905130127239351,
      2.9779578854103135,
      2.175,
      0.0,
      1
    ],
    [
      -3.036636065820747,
      3.0218971653309037,
      2.175,
      0.0,
      1
    ],
    [
      -2.915185919038719,
      3.0633833381381548,
      2.175,
      0.0,
      1
    ],
    [
      -3.01020960817566,
      2.949500085155093,
      2.175,
      0.0,
      2
    ]
  ],
  "adjacency_matrix": [
    [
      0,
      1,
      0,
      0,
      0,
      0,
      0,
      0
    ],
    [
      1,
      0,
      1,
      0,
      0,
      0,
      0,
      0
    ],
    [
      0,
      1,
      0,
      1,
      0,
      0,
      0,
      0
    ],
    [
      0,
      0,
      1,
      0,
      1,
      0,
      0,
      0
    ],
    [
      0,
      0,
      0,
      1,
      0,
      1,
      0,
      0
    ],
    [
      0,
      0,
      0,
      0,
      1,
      0,
      1,
      0
    ],
    [
      0,
      0,
      0,
      0,
      0,
      1,
      0,
      1
    ],
    [
      0,
      0,
      0,
      0,
      0,
      0,
      1,
      0
    ]
  ],
  "dh_parameters": [
    [
      0.0,
      0.31742806290878844,
      0.0,
      1.5707963267948966
    ],
    [
      0.0,
      0.0,
      0.0,
      -1.5707963267948966
    ],
    [
      0.0,
      0.3232190056506471,
      0.0,
      1.5707963267948966
    ],
    [
      0.07555684457283506,
      0.0,
      0.0,
      1.5707963267948966
    ],
    [
      -0.08741306782338505,
      0.4068680975052104,
      0.0,
      -1.5707963267948966
    ],
    [
      0.0,
      0.0,
      0.0,
      1.5707963267948966
    ],
    [
      0.08833087597430646,
      0.10740231510512263,
      0.0,
      0.0
    ]
  ],
  "morphology_type": "link_scaling"
}