{
  "num_nodes": 8,
  "node_features": [
    [
      0.0,
      0.0,
      0.0,
      0.0,
      0
    ],
    [
      -3.01527929825036,
      2.912276918995802,
      2.175,
      0.0,
      1
    ],
    [
      -3.0161758248691672,
      2.9532783103106164,
      2.175,
      0.0,
      1
    ],
    [
      -2.93563512509876,
      3.0517320102734686,
      2.175,
      0.0,
      1
    ],
    [
      -2.9158388765457075,
      3.016608296910657,
      2.175,
      0.0,
      1
    ],
    [
      -3.0083190693487785,
      2.9015387318987593,
      2.175,
      0.0,
      1
    ],
    [
      -2.9662183488342606,
      2.9551780878834952,
      2.175,
      0.0,
      1
    ],
    [
      -2.92873888641701,
      3.0502901444223,
      2.175,
      0.0,
      2
    ]
  ],
  "adjacency_matrix": [
    [
      0,
      1,
      0,
      0,
      0,
      0,
      0,
      0
    ],
    [
      1,
      0,
      1,
      0,
      0,
      0,
      0,
      0
    ],
    [
      0,
      1,
      0,
      1,
      0,
      0,
      0,
      0
    ],
    [
      0,
      0,
      1,
      0,
      1,
      0,
      0,
      0
    ],
    [
      0,
      0,
      0,
      1,
      0,
      1,
      0,
      0
    ],
    [
      0,
      0,
      0,
      0,
      1,
      0,
      1,
      0
    ],
    [
      0,
      0,
      0,
      0,
      0,
      1,
      0,
      1
    ],
    [
      0,
      0,
      0,
      0,
      0,
      0,
      1,
      0
    ]
  ],
  "dh_parameters": [
    [
      0.0,
      0.36007000099213265,
      0.0,
      1.5707963267948966
    ],
    [
      0.0,
      0.0,
      0.0,
      -1.5707963267948966
    ],
    [
      0.0,
      0.31014113192870535,
      0.0,
      1.5707963267948966
    ],
    [
      0.08932895308880323,
      0.0,
      0.0,
      1.5707963267948966
    ],
    [
      -0.08822260857739608,
      0.41063614174206176,
      0.0,
      -1.5707963267948966
    ],
    [
      0.0,
      0.0,
      0.0,
      1.5707963267948966
    ],
    [
      0.09273572182705553,
      0.11275820722153343,
      0.0,
      0.0
    ]
  ],
  "morphology_type": "link_scaling"
}