{
  "num_nodes": 8,
  "node_features": [
    [
      0.0,
      0.0,
      0.0,
      0.0,
      0
    ],
    [
      -2.978949195894981,
      2.992763180352881,
      2.175,
      0.0,
      1
    ],
    [
      -2.9505598762614733,
      2.904102690425721,
      2.175,
      0.0,
      1
    ],
    [
      -3.027201119059505,
      2.996276554479836,
      2.175,
      0.0,
      1
    ],
    [
      -2.9599275777252485,
      2.9937820262974215,
      2.175,
      0.0,
      1
    ],
    [
      -2.914349321594223,
      2.9176548813091316,
      2.175,
      0.0,
      1
    ],
    [
      -3.0372426501483636,
      3.0315141967563464,
      2.175,
      0.0,
      1
    ],
    [
      -2.9918010155791332,
      3.0310652471045314,
      2.175,
      0.0,
      2
    ]
  ],
  "adjacency_matrix": [
    [
      0,
      1,
      0,
      0,
      0,
      0,
      0,
      0
    ],
    [
      1,
      0,
      1,
      0,
      0,
      0,
      0,
      0
    ],
    [
      0,
      1,
      0,
      1,
      0,
      0,
      0,
      0
    ],
    [
      0,
      0,
      1,
      0,
      1,
      0,
      0,
      0
    ],
    [
      0,
      0,
      0,
      1,
      0,
      1,
      0,
      0
    ],
    [
      0,
      0,
      0,
      0,
      1,
      0,
      1,
      0
    ],
    [
      0,
      0,
      0,
      0,
      0,
      1,
      0,
      1
    ],
    [
      0,
      0,
      0,
      0,
      0,
      0,
      1,
      0
    ]
  ],
  "dh_parameters": [
    [
      0.0,
      0.31425861623657436,
      0.0,
      1.5707963267948966
    ],
    [
      0.0,
      0.0,
      0.0,
      -1.5707963267948966
    ],
    [
      0.0,
      0.34253682977731137,
      0.0,
      1.5707963267948966
    ],
    [
      0.07732793311833436,
      0.0,
      0.0,
      1.5707963267948966
    ],
    [
      -0.07488575604070039,
      0.34855915538944177,
      0.0,
      -1.5707963267948966
    ],
    [
      0.0,
      0.0,
      0.0,
      1.5707963267948966
    ],
    [
      0.09123665501465085,
      0.11093547825645048,
      0.0,
      0.0
    ]
  ],
  "morphology_type": "link_scaling"
}