{
  "num_nodes": 8,
  "node_features": [
    [
      0.0,
      0.0,
      0.0,
      0.0,
      0
    ],
    [
      -2.9171822158880194,
      2.9748579137596094,
      2.175,
      0.0,
      1
    ],
    [
      -2.966954287473014,
      2.924721219137908,
      2.175,
      0.0,
      1
    ],
    [
      -2.920724714507879,
      2.9427168759396505,
      2.175,
      0.0,
      1
    ],
    [
      -2.928566010263928,
      2.9665710726128016,
      2.175,
      0.0,
      1
    ],
    [
      -2.9188741619723966,
      2.934206044576009,
      2.175,
      0.0,
      1
    ],
    [
      -2.9716266129275843,
      3.028084362370649,
      2.175,
      0.0,
      1
    ],
    [
      -3.064157477752917,
      2.9519735915022176,
      2.175,
      0.0,
      2
    ]
  ],
  "adjacency_matrix": [
    [
      0,
      1,
      0,
      0,
      0,
      0,
      0,
      0
    ],
    [
      1,
      0,
      1,
      0,
      0,
      0,
      0,
      0
    ],
    [
      0,
      1,
      0,
      1,
      0,
      0,
      0,
      0
    ],
    [
      0,
      0,
      1,
      0,
      1,
      0,
      0,
      0
    ],
    [
      0,
      0,
      0,
      1,
      0,
      1,
      0,
      0
    ],
    [
      0,
      0,
      0,
      0,
      1,
      0,
      1,
      0
    ],
    [
      0,
      0,
      0,
      0,
      0,
      1,
      0,
      1
    ],
    [
      0,
      0,
      0,
      0,
      0,
      0,
      1,
      0
    ]
  ],
  "dh_parameters": [
    [
      0.0,
      0.35548379056673507,
      0.0,
      1.5707963267948966
    ],
    [
      0.0,
      0.0,
      0.0,
      -1.5707963267948966
    ],
    [
      0.0,
      0.3231248372647175,
      0.0,
      1.5707963267948966
    ],
    [
      0.089695788058455,
      0.0,
      0.0,
      1.5707963267948966
    ],
    [
      -0.07890118434677176,
      0.36724914895951943,
      0.0,
      -1.5707963267948966
    ],
    [
      0.0,
      0.0,
      0.0,
      1.5707963267948966
    ],
    [
      0.08244886630495224,
      0.10025032607533965,
      0.0,
      0.0
    ]
  ],
  "morphology_type": "link_scaling"
}