{
  "num_nodes": 8,
  "node_features": [
    [
      0.0,
      0.0,
      0.0,
      0.0,
      0
    ],
    [
      -3.0196251108005545,
      2.9684578344453434,
      2.175,
      0.0,
      1
    ],
    [
      -3.0003249654915245,
      2.9047700769633495,
      2.175,
      0.0,
      1
    ],
    [
      -2.9076025780519155,
      3.0338897442205326,
      2.175,
      0.0,
      1
    ],
    [
      -3.0322611533317154,
      3.0510034460714475,
      2.175,
      0.0,
      1
    ],
    [
      -2.983072900810095,
      3.0185178525824305,
      2.175,
      0.0,
      1
    ],
    [
      -2.9774766183661523,
      2.9103823787886323,
      2.175,
      0.0,
      1
    ],
    [
      -2.9839699520398795,
      3.03683383520722,
      2.175,
      0.0,
      2
    ]
  ],
  "adjacency_matrix": [
    [
      0,
      1,
      0,
      0,
      0,
      0,
      0,
      0
    ],
    [
      1,
      0,
      1,
      0,
      0,
      0,
      0,
      0
    ],
    [
      0,
      1,
      0,
      1,
      0,
      0,
      0,
      0
    ],
    [
      0,
      0,
      1,
      0,
      1,
      0,
      0,
      0
    ],
    [
      0,
      0,
      0,
      1,
      0,
      1,
      0,
      0
    ],
    [
      0,
      0,
      0,
      0,
      1,
      0,
      1,
      0
    ],
    [
      0,
      0,
      0,
      0,
      0,
      1,
      0,
      1
    ],
    [
      0,
      0,
      0,
      0,
      0,
      0,
      1,
      0
    ]
  ],
  "dh_parameters": [
    [
      0.0,
      0.32837067481780946,
      0.0,
      1.5707963267948966
    ],
    [
      0.0,
      0.0,
      0.0,
      -1.5707963267948966
    ],
    [
      0.0,
      0.3328448829255439,
      0.0,
      1.5707963267948966
    ],
    [
      0.07500400244655105,
      0.0,
      0.0,
      1.5707963267948966
    ],
    [
      -0.08345299453157476,
      0.38843575636514793,
      0.0,
      -1.5707963267948966
    ],
    [
      0.0,
      0.0,
      0.0,
      1.5707963267948966
    ],
    [
      0.08355465246862671,
      0.10159486152435294,
      0.0,
      0.0
    ]
  ],
  "morphology_type": "link_scaling"
}