{
  "num_nodes": 8,
  "node_features": [
    [
      0.0,
      0.0,
      0.0,
      0.0,
      0
    ],
    [
      -2.9410463996152574,
      2.972349595472401,
      2.175,
      0.0,
      1
    ],
    [
      -2.9708388801984547,
      2.9558367038025604,
      2.175,
      0.0,
      1
    ],
    [
      -2.9369299674575884,
      3.017876631302056,
      2.175,
      0.0,
      1
    ],
    [
      -2.9407065013724503,
      3.0582919478434563,
      2.175,
      0.0,
      1
    ],
    [
      -2.995188910332938,
      2.916118198103387,
      2.175,
      0.0,
      1
    ],
    [
      -2.9204886701127117,
      2.9520303993520933,
      2.175,
      0.0,
      1
    ],
    [
      -3.0560639714752784,
      2.9915203262080734,
      2.175,
      0.0,
      2
    ]
  ],
  "adjacency_matrix": [
    [
      0,
      1,
      0,
      0,
      0,
      0,
      0,
      0
    ],
    [
      1,
      0,
      1,
      0,
      0,
      0,
      0,
      0
    ],
    [
      0,
      1,
      0,
      1,
      0,
      0,
      0,
      0
    ],
    [
      0,
      0,
      1,
      0,
      1,
      0,
      0,
      0
    ],
    [
      0,
      0,
      0,
      1,
      0,
      1,
      0,
      0
    ],
    [
      0,
      0,
      0,
      0,
      1,
      0,
      1,
      0
    ],
    [
      0,
      0,
      0,
      0,
      0,
      1,
      0,
      1
    ],
    [
      0,
      0,
      0,
      0,
      0,
      0,
      1,
      0
    ]
  ],
  "dh_parameters": [
    [
      0.0,
      0.3196370408287609,
      0.0,
      1.5707963267948966
    ],
    [
      0.0,
      0.0,
      0.0,
      -1.5707963267948966
    ],
    [
      0.0,
      0.34016459398071247,
      0.0,
      1.5707963267948966
    ],
    [
      0.07443955926572658,
      0.0,
      0.0,
      1.5707963267948966
    ],
    [
      -0.076151977500718,
      0.35445284073061467,
      0.0,
      -1.5707963267948966
    ],
    [
      0.0,
      0.0,
      0.0,
      1.5707963267948966
    ],
    [
      0.09393936445879275,
      0.11422172723966846,
      0.0,
      0.0
    ]
  ],
  "morphology_type": "link_scaling"
}