{
  "num_nodes": 8,
  "node_features": [
    [
      0.0,
      0.0,
      0.0,
      0.0,
      0
    ],
    [
      -3.0301427475728917,
      2.987804899764613,
      2.175,
      0.0,
      1
    ],
    [
      -2.991872200848782,
      3.0237653220788774,
      2.175,
      0.0,
      1
    ],
    [
      -3.0252817084337615,
      3.006574947983381,
      2.175,
      0.0,
      1
    ],
    [
      -2.9148866615556397,
      2.9476521963955826,
      2.175,
      0.0,
      1
    ],
    [
      -3.036128913100543,
      2.943798549365089,
      2.175,
      0.0,
      1
    ],
    [
      -2.988877075232245,
      2.9999606811103914,
      2.175,
      0.0,
      1
    ],
    [
      -2.96849072684281,
      3.0532363971291847,
      2.175,
      0.0,
      2
    ]
  ],
  "adjacency_matrix": [
    [
      0,
      1,
      0,
      0,
      0,
      0,
      0,
      0
    ],
    [
      1,
      0,
      1,
      0,
      0,
      0,
      0,
      0
    ],
    [
      0,
      1,
      0,
      1,
      0,
      0,
      0,
      0
    ],
    [
      0,
      0,
      1,
      0,
      1,
      0,
      0,
      0
    ],
    [
      0,
      0,
      0,
      1,
      0,
      1,
      0,
      0
    ],
    [
      0,
      0,
      0,
      0,
      1,
      0,
      1,
      0
    ],
    [
      0,
      0,
      0,
      0,
      0,
      1,
      0,
      1
    ],
    [
      0,
      0,
      0,
      0,
      0,
      0,
      1,
      0
    ]
  ],
  "dh_parameters": [
    [
      0.0,
      0.3332473668735091,
      0.0,
      1.5707963267948966
    ],
    [
      0.0,
      0.0,
      0.0,
      -1.5707963267948966
    ],
    [
      0.0,
      0.34151490683962804,
      0.0,
      1.5707963267948966
    ],
    [
      0.08166887752119728,
      0.0,
      0.0,
      1.5707963267948966
    ],
    [
      -0.08593951428889554,
      0.40000937559922284,
      0.0,
      -1.5707963267948966
    ],
    [
      0.0,
      0.0,
      0.0,
      1.5707963267948966
    ],
    [
      0.09312848912091085,
      0.11323577654474387,
      0.0,
      0.0
    ]
  ],
  "morphology_type": "link_scaling"
}