{
  "num_nodes": 8,
  "node_features": [
    [
      0.0,
      0.0,
      0.0,
      0.0,
      0
    ],
    [
      -2.997571504460771,
      2.977543315729864,
      2.175,
      0.0,
      1
    ],
    [
      -2.993194654943746,
      3.016253373059463,
      2.175,
      0.0,
      1
    ],
    [
      -2.9530920311885143,
      3.018660037935947,
      2.175,
      0.0,
      1
    ],
    [
      -2.9522408978570693,
      2.9687353067991165,
      2.175,
      0.0,
      1
    ],
    [
      -2.969546830144295,
      2.9223686971289813,
      2.175,
      0.0,
      1
    ],
    [
      -2.923079525685121,
      2.961157785149179,
      2.175,
      0.0,
      1
    ],
    [
      -3.035976904792302,
      3.0660593853973577,
      2.175,
      0.0,
      2
    ]
  ],
  "adjacency_matrix": [
    [
      0,
      1,
      0,
      0,
      0,
      0,
      0,
      0
    ],
    [
      1,
      0,
      1,
      0,
      0,
      0,
      0,
      0
    ],
    [
      0,
      1,
      0,
      1,
      0,
      0,
      0,
      0
    ],
    [
      0,
      0,
      1,
      0,
      1,
      0,
      0,
      0
    ],
    [
      0,
      0,
      0,
      1,
      0,
      1,
      0,
      0
    ],
    [
      0,
      0,
      0,
      0,
      1,
      0,
      1,
      0
    ],
    [
      0,
      0,
      0,
      0,
      0,
      1,
      0,
      1
    ],
    [
      0,
      0,
      0,
      0,
      0,
      0,
      1,
      0
    ]
  ],
  "dh_parameters": [
    [
      0.0,
      0.34532664380455863,
      0.0,
      1.5707963267948966
    ],
    [
      0.0,
      0.0,
      0.0,
      -1.5707963267948966
    ],
    [
      0.0,
      0.2852842427825844,
      0.0,
      1.5707963267948966
    ],
    [
      0.08929724846532551,
      0.0,
      0.0,
      1.5707963267948966
    ],
    [
      -0.08998969360571447,
      0.41886111932841646,
      0.0,
      -1.5707963267948966
    ],
    [
      0.0,
      0.0,
      0.0,
      1.5707963267948966
    ],
    [
      0.08979360727065375,
      0.10918086338590854,
      0.0,
      0.0
    ]
  ],
  "morphology_type": "link_scaling"
}