{
  "num_nodes": 8,
  "node_features": [
    [
      0.0,
      0.0,
      0.0,
      0.0,
      0
    ],
    [
      -3.025377685769169,
      2.952668544888782,
      2.175,
      0.0,
      1
    ],
    [
      -3.0433220270785344,
      2.987625025417609,
      2.175,
      0.0,
      1
    ],
    [
      -2.953551361494334,
      3.0463928391772095,
      2.175,
      0.0,
      1
    ],
    [
      -3.0305155476877834,
      3.068801403386093,
      2.175,
      0.0,
      1
    ],
    [
      -2.92899174023819,
      2.9766383778810166,
      2.175,
      0.0,
      1
    ],
    [
      -2.9701891517232406,
      3.0088400699944806,
      2.175,
      0.0,
      1
    ],
    [
      -3.0342514195567496,
      3.0406264716099756,
      2.175,
      0.0,
      2
    ]
  ],
  "adjacency_matrix": [
    [
      0,
      1,
      0,
      0,
      0,
      0,
      0,
      0
    ],
    [
      1,
      0,
      1,
      0,
      0,
      0,
      0,
      0
    ],
    [
      0,
      1,
      0,
      1,
      0,
      0,
      0,
      0
    ],
    [
      0,
      0,
      1,
      0,
      1,
      0,
      0,
      0
    ],
    [
      0,
      0,
      0,
      1,
      0,
      1,
      0,
      0
    ],
    [
      0,
      0,
      0,
      0,
      1,
      0,
      1,
      0
    ],
    [
      0,
      0,
      0,
      0,
      0,
      1,
      0,
      1
    ],
    [
      0,
      0,
      0,
      0,
      0,
      0,
      1,
      0
    ]
  ],
  "dh_parameters": [
    [
      0.0,
      0.30164032764694115,
      0.0,
      1.5707963267948966
    ],
    [
      0.0,
      0.0,
      0.0,
      -1.5707963267948966
    ],
    [
      0.0,
      0.338648716027439,
      0.0,
      1.5707963267948966
    ],
    [
      0.08138917733006584,
      0.0,
      0.0,
      1.5707963267948966
    ],
    [
      -0.08072258902169366,
      0.375726959810065,
      0.0,
      -1.5707963267948966
    ],
    [
      0.0,
      0.0,
      0.0,
      1.5707963267948966
    ],
    [
      0.09010093119966181,
      0.10955454134504335,
      0.0,
      0.0
    ]
  ],
  "morphology_type": "link_scaling"
}