{
  "num_nodes": 8,
  "node_features": [
    [
      0.0,
      0.0,
      0.0,
      0.0,
      0
    ],
    [
      -3.0369996508557504,
      2.982920705617083,
      2.175,
      0.0,
      1
    ],
    [
      -3.060599155053854,
      2.962084731396828,
      2.175,
      0.0,
      1
    ],
    [
      -2.9075781085957075,
      2.9159989027966953,
      2.175,
      0.0,
      1
    ],
    [
      -3.0441939929670307,
      2.9062184265373965,
      2.175,
      0.0,
      1
    ],
    [
      -3.0203372306981215,
      3.011254155353085,
      2.175,
      0.0,
      1
    ],
    [
      -2.906123246896887,
      2.9723465979914163,
      2.175,
      0.0,
      1
    ],
    [
      -2.9689026360634028,
      2.9261071988313176,
      2.175,
      0.0,
      2
    ]
  ],
  "adjacency_matrix": [
    [
      0,
      1,
      0,
      0,
      0,
      0,
      0,
      0
    ],
    [
      1,
      0,
      1,
      0,
      0,
      0,
      0,
      0
    ],
    [
      0,
      1,
      0,
      1,
      0,
      0,
      0,
      0
    ],
    [
      0,
      0,
      1,
      0,
      1,
      0,
      0,
      0
    ],
    [
      0,
      0,
      0,
      1,
      0,
      1,
      0,
      0
    ],
    [
      0,
      0,
      0,
      0,
      1,
      0,
      1,
      0
    ],
    [
      0,
      0,
      0,
      0,
      0,
      1,
      0,
      1
    ],
    [
      0,
      0,
      0,
      0,
      0,
      0,
      1,
      0
    ]
  ],
  "dh_parameters": [
    [
      0.0,
      0.3270110235008774,
      0.0,
      1.5707963267948966
    ],
    [
      0.0,
      0.0,
      0.0,
      -1.5707963267948966
    ],
    [
      0.0,
      0.2900090264524819,
      0.0,
      1.5707963267948966
    ],
    [
      0.08467023467054553,
      0.0,
      0.0,
      1.5707963267948966
    ],
    [
      -0.08003662030026576,
      0.3725340872157824,
      0.0,
      -1.5707963267948966
    ],
    [
      0.0,
      0.0,
      0.0,
      1.5707963267948966
    ],
    [
      0.09136884996193582,
      0.11109621529462652,
      0.0,
      0.0
    ]
  ],
  "morphology_type": "link_scaling"
}