{
  "num_nodes": 8,
  "node_features": [
    [
      0.0,
      0.0,
      0.0,
      0.0,
      0
    ],
    [
      -3.0286604788270153,
      3.000999337072706,
      2.175,
      0.0,
      1
    ],
    [
      -2.9502264061691834,
      2.95449242806867,
      2.175,
      0.0,
      1
    ],
    [
      -3.032869242021262,
      3.067826626758106,
      2.175,
      0.0,
      1
    ],
    [
      -3.053029322886717,
      3.0616336823622983,
      2.175,
      0.0,
      1
    ],
    [
      -3.049525553912487,
      2.903767704686475,
      2.175,
      0.0,
      1
    ],
    [
      -2.9466368067945945,
      3.0038078722965667,
      2.175,
      0.0,
      1
    ],
    [
      -2.9936537618460624,
      2.978816866354443,
      2.175,
      0.0,
      2
    ]
  ],
  "adjacency_matrix": [
    [
      0,
      1,
      0,
      0,
      0,
      0,
      0,
      0
    ],
    [
      1,
      0,
      1,
      0,
      0,
      0,
      0,
      0
    ],
    [
      0,
      1,
      0,
      1,
      0,
      0,
      0,
      0
    ],
    [
      0,
      0,
      1,
      0,
      1,
      0,
      0,
      0
    ],
    [
      0,
      0,
      0,
      1,
      0,
      1,
      0,
      0
    ],
    [
      0,
      0,
      0,
      0,
      1,
      0,
      1,
      0
    ],
    [
      0,
      0,
      0,
      0,
      0,
      1,
      0,
      1
    ],
    [
      0,
      0,
      0,
      0,
      0,
      0,
      1,
      0
    ]
  ],
  "dh_parameters": [
    [
      0.0,
      0.3615384461232708,
      0.0,
      1.5707963267948966
    ],
    [
      0.0,
      0.0,
      0.0,
      -1.5707963267948966
    ],
    [
      0.0,
      0.2985365558350624,
      0.0,
      1.5707963267948966
    ],
    [
      0.08840122333839505,
      0.0,
      0.0,
      1.5707963267948966
    ],
    [
      -0.07672962374725353,
      0.35714152144176187,
      0.0,
      -1.5707963267948966
    ],
    [
      0.0,
      0.0,
      0.0,
      1.5707963267948966
    ],
    [
      0.08182778502815494,
      0.0994951477046884,
      0.0,
      0.0
    ]
  ],
  "morphology_type": "link_scaling"
}