{
  "num_nodes": 8,
  "node_features": [
    [
      0.0,
      0.0,
      0.0,
      0.0,
      0
    ],
    [
      -2.999471341653612,
      3.02875808872939,
      2.175,
      0.0,
      1
    ],
    [
      -3.0166434244910847,
      3.0014403910703695,
      2.175,
      0.0,
      1
    ],
    [
      -2.9926561046210858,
      2.952838265935222,
      2.175,
      0.0,
      1
    ],
    [
      -2.9771572044500045,
      2.9471024319869366,
      2.175,
      0.0,
      1
    ],
    [
      -2.944092173880835,
      3.064812786778992,
      2.175,
      0.0,
      1
    ],
    [
      -2.9981484675959638,
      3.056567059645263,
      2.175,
      0.0,
      1
    ],
    [
      -3.04576610657368,
      3.05735623059512,
      2.175,
      0.0,
      2
    ]
  ],
  "adjacency_matrix": [
    [
      0,
      1,
      0,
      0,
      0,
      0,
      0,
      0
    ],
    [
      1,
      0,
      1,
      0,
      0,
      0,
      0,
      0
    ],
    [
      0,
      1,
      0,
      1,
      0,
      0,
      0,
      0
    ],
    [
      0,
      0,
      1,
      0,
      1,
      0,
      0,
      0
    ],
    [
      0,
      0,
      0,
      1,
      0,
      1,
      0,
      0
    ],
    [
      0,
      0,
      0,
      0,
      1,
      0,
      1,
      0
    ],
    [
      0,
      0,
      0,
      0,
      0,
      1,
      0,
      1
    ],
    [
      0,
      0,
      0,
      0,
      0,
      0,
      1,
      0
    ]
  ],
  "dh_parameters": [
    [
      0.0,
      0.34691273033750925,
      0.0,
      1.5707963267948966
    ],
    [
      0.0,
      0.0,
      0.0,
      -1.5707963267948966
    ],
    [
      0.0,
      0.3020612118082796,
      0.0,
      1.5707963267948966
    ],
    [
      0.08484141185128467,
      0.0,
      0.0,
      1.5707963267948966
    ],
    [
      -0.08636543529864169,
      0.4019918442991322,
      0.0,
      -1.5707963267948966
    ],
    [
      0.0,
      0.0,
      0.0,
      1.5707963267948966
    ],
    [
      0.09612583012272247,
      0.11688027071740119,
      0.0,
      0.0
    ]
  ],
  "morphology_type": "link_scaling"
}