{
  "num_nodes": 8,
  "node_features": [
    [
      0.0,
      0.0,
      0.0,
      0.0,
      0
    ],
    [
      -2.995062337630682,
      3.0042694443693487,
      2.175,
      0.0,
      1
    ],
    [
      -2.9165788584894647,
      3.036843113817033,
      2.175,
      0.0,
      1
    ],
    [
      -3.0352800090852026,
      3.0461034466524333,
      2.175,
      0.0,
      1
    ],
    [
      -3.0188599748660145,
      2.988568601134438,
      2.175,
      0.0,
      1
    ],
    [
      -3.00483693235783,
      3.051882602527477,
      2.175,
      0.0,
      1
    ],
    [
      -3.0298634055190576,
      2.9429226323394704,
      2.175,
      0.0,
      1
    ],
    [
      -2.956427283358897,
      2.953285114362734,
      2.175,
      0.0,
      2
    ]
  ],
  "adjacency_matrix": [
    [
      0,
      1,
      0,
      0,
      0,
      0,
      0,
      0
    ],
    [
      1,
      0,
      1,
      0,
      0,
      0,
      0,
      0
    ],
    [
      0,
      1,
      0,
      1,
      0,
      0,
      0,
      0
    ],
    [
      0,
      0,
      1,
      0,
      1,
      0,
      0,
      0
    ],
    [
      0,
      0,
      0,
      1,
      0,
      1,
      0,
      0
    ],
    [
      0,
      0,
      0,
      0,
      1,
      0,
      1,
      0
    ],
    [
      0,
      0,
      0,
      0,
      0,
      1,
      0,
      1
    ],
    [
      0,
      0,
      0,
      0,
      0,
      0,
      1,
      0
    ]
  ],
  "dh_parameters": [
    [
      0.0,
      0.318392335084846,
      0.0,
      1.5707963267948966
    ],
    [
      0.0,
      0.0,
      0.0,
      -1.5707963267948966
    ],
    [
      0.0,
      0.3221033591012234,
      0.0,
      1.5707963267948966
    ],
    [
      0.08210105575111666,
      0.0,
      0.0,
      1.5707963267948966
    ],
    [
      -0.08105556796559175,
      0.37727682543984525,
      0.0,
      -1.5707963267948966
    ],
    [
      0.0,
      0.0,
      0.0,
      1.5707963267948966
    ],
    [
      0.09000537498343864,
      0.1094383536730447,
      0.0,
      0.0
    ]
  ],
  "morphology_type": "link_scaling"
}