{
  "num_nodes": 8,
  "node_features": [
    [
      0.0,
      0.0,
      0.0,
      0.0,
      0
    ],
    [
      -2.9839953650656876,
      2.947875233423066,
      2.175,
      0.0,
      1
    ],
    [
      -2.9564789898683177,
      2.9965563120212675,
      2.175,
      0.0,
      1
    ],
    [
      -3.049152231579351,
      3.0128843204403086,
      2.175,
      0.0,
      1
    ],
    [
      -2.9413199341145626,
      3.040109757061906,
      2.175,
      0.0,
      1
    ],
    [
      -3.0111049859325676,
      3.0117980919209515,
      2.175,
      0.0,
      1
    ],
    [
      -3.0086257119616415,
      3.0263287781120973,
      2.175,
      0.0,
      1
    ],
    [
      -3.043429951935634,
      2.9234995329874054,
      2.175,
      0.0,
      2
    ]
  ],
  "adjacency_matrix": [
    [
      0,
      1,
      0,
      0,
      0,
      0,
      0,
      0
    ],
    [
      1,
      0,
      1,
      0,
      0,
      0,
      0,
      0
    ],
    [
      0,
      1,
      0,
      1,
      0,
      0,
      0,
      0
    ],
    [
      0,
      0,
      1,
      0,
      1,
      0,
      0,
      0
    ],
    [
      0,
      0,
      0,
      1,
      0,
      1,
      0,
      0
    ],
    [
      0,
      0,
      0,
      0,
      1,
      0,
      1,
      0
    ],
    [
      0,
      0,
      0,
      0,
      0,
      1,
      0,
      1
    ],
    [
      0,
      0,
      0,
      0,
      0,
      0,
      1,
      0
    ]
  ],
  "dh_parameters": [
    [
      0.0,
      0.34811742373281535,
      0.0,
      1.5707963267948966
    ],
    [
      0.0,
      0.0,
      0.0,
      -1.5707963267948966
    ],
    [
      0.0,
      0.31273956889255483,
      0.0,
      1.5707963267948966
    ],
    [
      0.07799152210187481,
      0.0,
      0.0,
      1.5707963267948966
    ],
    [
      -0.0758060139768135,
      0.3528425377829864,
      0.0,
      -1.5707963267948966
    ],
    [
      0.0,
      0.0,
      0.0,
      1.5707963267948966
    ],
    [
      0.09370361453868692,
      0.1139350767686307,
      0.0,
      0.0
    ]
  ],
  "morphology_type": "link_scaling"
}