{
  "num_nodes": 8,
  "node_features": [
    [
      0.0,
      0.0,
      0.0,
      0.0,
      0
    ],
    [
      -2.9278231045921435,
      3.0528668451781535,
      2.175,
      0.0,
      1
    ],
    [
      -2.927808744145011,
      2.9642523301927706,
      2.175,
      0.0,
      1
    ],
    [
      -2.9029047585887118,
      2.9577139649892743,
      2.175,
      0.0,
      1
    ],
    [
      -2.9816490019608404,
      2.9311578973770356,
      2.175,
      0.0,
      1
    ],
    [
      -3.0386895947884893,
      3.029845987825316,
      2.175,
      0.0,
      1
    ],
    [
      -3.0120933370954863,
      2.9344537533853967,
      2.175,
      0.0,
      1
    ],
    [
      -2.91784651236753,
      2.989540631350684,
      2.175,
      0.0,
      2
    ]
  ],
  "adjacency_matrix": [
    [
      0,
      1,
      0,
      0,
      0,
      0,
      0,
      0
    ],
    [
      1,
      0,
      1,
      0,
      0,
      0,
      0,
      0
    ],
    [
      0,
      1,
      0,
      1,
      0,
      0,
      0,
      0
    ],
    [
      0,
      0,
      1,
      0,
      1,
      0,
      0,
      0
    ],
    [
      0,
      0,
      0,
      1,
      0,
      1,
      0,
      0
    ],
    [
      0,
      0,
      0,
      0,
      1,
      0,
      1,
      0
    ],
    [
      0,
      0,
      0,
      0,
      0,
      1,
      0,
      1
    ],
    [
      0,
      0,
      0,
      0,
      0,
      0,
      1,
      0
    ]
  ],
  "dh_parameters": [
    [
      0.0,
      0.35873945013326825,
      0.0,
      1.5707963267948966
    ],
    [
      0.0,
      0.0,
      0.0,
      -1.5707963267948966
    ],
    [
      0.0,
      0.32111588053047335,
      0.0,
      1.5707963267948966
    ],
    [
      0.08428823467836571,
      0.0,
      0.0,
      1.5707963267948966
    ],
    [
      -0.0883082794422253,
      0.4110349006765395,
      0.0,
      -1.5707963267948966
    ],
    [
      0.0,
      0.0,
      0.0,
      1.5707963267948966
    ],
    [
      0.07942413594367698,
      0.09657252893151633,
      0.0,
      0.0
    ]
  ],
  "morphology_type": "link_scaling"
}