{
  "num_nodes": 8,
  "node_features": [
    [
      0.0,
      0.0,
      0.0,
      0.0,
      0
    ],
    [
      -2.9500926222559856,
      3.0232074055229434,
      2.175,
      0.0,
      1
    ],
    [
      -3.056173745438769,
      2.972939705879189,
      2.175,
      0.0,
      1
    ],
    [
      -2.94245097398935,
      2.911900868620999,
      2.175,
      0.0,
      1
    ],
    [
      -2.9849703559319085,
      2.901129978878992,
      2.175,
      0.0,
      1
    ],
    [
      -2.909577972961421,
      3.0597510673347754,
      2.175,
      0.0,
      1
    ],
    [
      -2.9054667185990954,
      3.02168651269888,
      2.175,
      0.0,
      1
    ],
    [
      -2.9603859528800234,
      3.0118857708761877,
      2.175,
      0.0,
      2
    ]
  ],
  "adjacency_matrix": [
    [
      0,
      1,
      0,
      0,
      0,
      0,
      0,
      0
    ],
    [
      1,
      0,
      1,
      0,
      0,
      0,
      0,
      0
    ],
    [
      0,
      1,
      0,
      1,
      0,
      0,
      0,
      0
    ],
    [
      0,
      0,
      1,
      0,
      1,
      0,
      0,
      0
    ],
    [
      0,
      0,
      0,
      1,
      0,
      1,
      0,
      0
    ],
    [
      0,
      0,
      0,
      0,
      1,
      0,
      1,
      0
    ],
    [
      0,
      0,
      0,
      0,
      0,
      1,
      0,
      1
    ],
    [
      0,
      0,
      0,
      0,
      0,
      0,
      1,
      0
    ]
  ],
  "dh_parameters": [
    [
      0.0,
      0.3062319315331954,
      0.0,
      1.5707963267948966
    ],
    [
      0.0,
      0.0,
      0.0,
      -1.5707963267948966
    ],
    [
      0.0,
      0.30973479888974076,
      0.0,
      1.5707963267948966
    ],
    [
      0.08754579340522041,
      0.0,
      0.0,
      1.5707963267948966
    ],
    [
      -0.08076164852635147,
      0.37590876404992685,
      0.0,
      -1.5707963267948966
    ],
    [
      0.0,
      0.0,
      0.0,
      1.5707963267948966
    ],
    [
      0.09174157374576448,
      0.11154941353178183,
      0.0,
      0.0
    ]
  ],
  "morphology_type": "link_scaling"
}