{
  "num_nodes": 8,
  "node_features": [
    [
      0.0,
      0.0,
      0.0,
      0.0,
      0
    ],
    [
      -2.936982888129485,
      3.0043459228104896,
      2.175,
      0.0,
      1
    ],
    [
      -2.9378780302354333,
      2.9158897032188658,
      2.175,
      0.0,
      1
    ],
    [
      -2.916221489232781,
      2.985888596475873,
      2.175,
      0.0,
      1
    ],
    [
      -2.905810772055428,
      2.907998114129349,
      2.175,
      0.0,
      1
    ],
    [
      -2.958975358858598,
      3.012075562636198,
      2.175,
      0.0,
      1
    ],
    [
      -3.024940686767308,
      2.937399301655216,
      2.175,
      0.0,
      1
    ],
    [
      -3.0316973627082033,
      3.045463610036642,
      2.175,
      0.0,
      2
    ]
  ],
  "adjacency_matrix": [
    [
      0,
      1,
      0,
      0,
      0,
      0,
      0,
      0
    ],
    [
      1,
      0,
      1,
      0,
      0,
      0,
      0,
      0
    ],
    [
      0,
      1,
      0,
      1,
      0,
      0,
      0,
      0
    ],
    [
      0,
      0,
      1,
      0,
      1,
      0,
      0,
      0
    ],
    [
      0,
      0,
      0,
      1,
      0,
      1,
      0,
      0
    ],
    [
      0,
      0,
      0,
      0,
      1,
      0,
      1,
      0
    ],
    [
      0,
      0,
      0,
      0,
      0,
      1,
      0,
      1
    ],
    [
      0,
      0,
      0,
      0,
      0,
      0,
      1,
      0
    ]
  ],
  "dh_parameters": [
    [
      0.0,
      0.34232874585598827,
      0.0,
      1.5707963267948966
    ],
    [
      0.0,
      0.0,
      0.0,
      -1.5707963267948966
    ],
    [
      0.0,
      0.3046086080742079,
      0.0,
      1.5707963267948966
    ],
    [
      0.08575848944172001,
      0.0,
      0.0,
      1.5707963267948966
    ],
    [
      -0.08232114308982395,
      0.383167502381726,
      0.0,
      -1.5707963267948966
    ],
    [
      0.0,
      0.0,
      0.0,
      1.5707963267948966
    ],
    [
      0.08222056702918287,
      0.09997273491048372,
      0.0,
      0.0
    ]
  ],
  "morphology_type": "link_scaling"
}