{
  "num_nodes": 8,
  "node_features": [
    [
      0.0,
      0.0,
      0.0,
      0.0,
      0
    ],
    [
      -3.0307306367724833,
      3.030151173871272,
      2.175,
      0.0,
      1
    ],
    [
      -2.9567655352617375,
      2.9479064418552277,
      2.175,
      0.0,
      1
    ],
    [
      -2.9871179795031186,
      2.964520503037456,
      2.175,
      0.0,
      1
    ],
    [
      -3.0567559671345905,
      3.036292616117243,
      2.175,
      0.0,
      1
    ],
    [
      -2.9790294684736454,
      2.968445979692612,
      2.175,
      0.0,
      1
    ],
    [
      -3.054148803522083,
      3.030138759683583,
      2.175,
      0.0,
      1
    ],
    [
      -2.915535941374321,
      2.934652127785893,
      2.175,
      0.0,
      2
    ]
  ],
  "adjacency_matrix": [
    [
      0,
      1,
      0,
      0,
      0,
      0,
      0,
      0
    ],
    [
      1,
      0,
      1,
      0,
      0,
      0,
      0,
      0
    ],
    [
      0,
      1,
      0,
      1,
      0,
      0,
      0,
      0
    ],
    [
      0,
      0,
      1,
      0,
      1,
      0,
      0,
      0
    ],
    [
      0,
      0,
      0,
      1,
      0,
      1,
      0,
      0
    ],
    [
      0,
      0,
      0,
      0,
      1,
      0,
      1,
      0
    ],
    [
      0,
      0,
      0,
      0,
      0,
      1,
      0,
      1
    ],
    [
      0,
      0,
      0,
      0,
      0,
      0,
      1,
      0
    ]
  ],
  "dh_parameters": [
    [
      0.0,
      0.36197150923584964,
      0.0,
      1.5707963267948966
    ],
    [
      0.0,
      0.0,
      0.0,
      -1.5707963267948966
    ],
    [
      0.0,
      0.3180496577684742,
      0.0,
      1.5707963267948966
    ],
    [
      0.07534385810350958,
      0.0,
      0.0,
      1.5707963267948966
    ],
    [
      -0.08269928716404464,
      0.38492759116355324,
      0.0,
      -1.5707963267948966
    ],
    [
      0.0,
      0.0,
      0.0,
      1.5707963267948966
    ],
    [
      0.09426250092748796,
      0.11461463180955922,
      0.0,
      0.0
    ]
  ],
  "morphology_type": "link_scaling"
}