{
  "num_nodes": 8,
  "node_features": [
    [
      0.0,
      0.0,
      0.0,
      0.0,
      0
    ],
    [
      -3.015802953743772,
      2.9717292515869085,
      2.175,
      0.0,
      1
    ],
    [
      -2.941135496502516,
      3.0372909308409257,
      2.175,
      0.0,
      1
    ],
    [
      -3.002405000361433,
      3.0280111734381503,
      2.175,
      0.0,
      1
    ],
    [
      -2.9318772139194933,
      2.9155207838401873,
      2.175,
      0.0,
      1
    ],
    [
      -2.9016152976184686,
      2.9026665112192935,
      2.175,
      0.0,
      1
    ],
    [
      -3.0562396736789057,
      2.9221646144849407,
      2.175,
      0.0,
      1
    ],
    [
      -2.9066879593073773,
      3.0414234218680334,
      2.175,
      0.0,
      2
    ]
  ],
  "adjacency_matrix": [
    [
      0,
      1,
      0,
      0,
      0,
      0,
      0,
      0
    ],
    [
      1,
      0,
      1,
      0,
      0,
      0,
      0,
      0
    ],
    [
      0,
      1,
      0,
      1,
      0,
      0,
      0,
      0
    ],
    [
      0,
      0,
      1,
      0,
      1,
      0,
      0,
      0
    ],
    [
      0,
      0,
      0,
      1,
      0,
      1,
      0,
      0
    ],
    [
      0,
      0,
      0,
      0,
      1,
      0,
      1,
      0
    ],
    [
      0,
      0,
      0,
      0,
      0,
      1,
      0,
      1
    ],
    [
      0,
      0,
      0,
      0,
      0,
      0,
      1,
      0
    ]
  ],
  "dh_parameters": [
    [
      0.0,
      0.3290578169038419,
      0.0,
      1.5707963267948966
    ],
    [
      0.0,
      0.0,
      0.0,
      -1.5707963267948966
    ],
    [
      0.0,
      0.3375581625291707,
      0.0,
      1.5707963267948966
    ],
    [
      0.07776079833825426,
      0.0,
      0.0,
      1.5707963267948966
    ],
    [
      -0.08638298705060678,
      0.40207353972646065,
      0.0,
      -1.5707963267948966
    ],
    [
      0.0,
      0.0,
      0.0,
      1.5707963267948966
    ],
    [
      0.08937138445614627,
      0.10866747882735966,
      0.0,
      0.0
    ]
  ],
  "morphology_type": "link_scaling"
}