{
  "num_nodes": 8,
  "node_features": [
    [
      0.0,
      0.0,
      0.0,
      0.0,
      0
    ],
    [
      -2.9531512191830607,
      3.0553854379882948,
      2.175,
      0.0,
      1
    ],
    [
      -2.9867425046362306,
      3.0183571283286867,
      2.175,
      0.0,
      1
    ],
    [
      -2.92734159031475,
      3.0177409014904932,
      2.175,
      0.0,
      1
    ],
    [
      -2.9887976572361095,
      3.0071380970471604,
      2.175,
      0.0,
      1
    ],
    [
      -2.9566465291946367,
      3.060953348646981,
      2.175,
      0.0,
      1
    ],
    [
      -2.908812809330843,
      3.06320009438307,
      2.175,
      0.0,
      1
    ],
    [
      -2.975519657315647,
      3.0521451929678802,
      2.175,
      0.0,
      2
    ]
  ],
  "adjacency_matrix": [
    [
      0,
      1,
      0,
      0,
      0,
      0,
      0,
      0
    ],
    [
      1,
      0,
      1,
      0,
      0,
      0,
      0,
      0
    ],
    [
      0,
      1,
      0,
      1,
      0,
      0,
      0,
      0
    ],
    [
      0,
      0,
      1,
      0,
      1,
      0,
      0,
      0
    ],
    [
      0,
      0,
      0,
      1,
      0,
      1,
      0,
      0
    ],
    [
      0,
      0,
      0,
      0,
      1,
      0,
      1,
      0
    ],
    [
      0,
      0,
      0,
      0,
      0,
      1,
      0,
      1
    ],
    [
      0,
      0,
      0,
      0,
      0,
      0,
      1,
      0
    ]
  ],
  "dh_parameters": [
    [
      0.0,
      0.3240321127428593,
      0.0,
      1.5707963267948966
    ],
    [
      0.0,
      0.0,
      0.0,
      -1.5707963267948966
    ],
    [
      0.0,
      0.31413908866969203,
      0.0,
      1.5707963267948966
    ],
    [
      0.0836878653098336,
      0.0,
      0.0,
      1.5707963267948966
    ],
    [
      -0.083299488847517,
      0.38772125718117006,
      0.0,
      -1.5707963267948966
    ],
    [
      0.0,
      0.0,
      0.0,
      1.5707963267948966
    ],
    [
      0.093348596793397,
      0.11350340746469864,
      0.0,
      0.0
    ]
  ],
  "morphology_type": "link_scaling"
}