{
  "num_nodes": 8,
  "node_features": [
    [
      0.0,
      0.0,
      0.0,
      0.0,
      0
    ],
    [
      -2.909797477846179,
      2.9077699952176586,
      2.175,
      0.0,
      1
    ],
    [
      -3.0018119420085347,
      2.987180230339729,
      2.175,
      0.0,
      1
    ],
    [
      -3.0063609040284183,
      2.9790648412523626,
      2.175,
      0.0,
      1
    ],
    [
      -2.9644438923543333,
      2.968706601751489,
      2.175,
      0.0,
      1
    ],
    [
      -2.9981455371526726,
      2.9417654261977724,
      2.175,
      0.0,
      1
    ],
    [
      -2.91276357232596,
      2.962532366367034,
      2.175,
      0.0,
      1
    ],
    [
      -3.0650457692419835,
      2.9291007852520106,
      2.175,
      0.0,
      2
    ]
  ],
  "adjacency_matrix": [
    [
      0,
      1,
      0,
      0,
      0,
      0,
      0,
      0
    ],
    [
      1,
      0,
      1,
      0,
      0,
      0,
      0,
      0
    ],
    [
      0,
      1,
      0,
      1,
      0,
      0,
      0,
      0
    ],
    [
      0,
      0,
      1,
      0,
      1,
      0,
      0,
      0
    ],
    [
      0,
      0,
      0,
      1,
      0,
      1,
      0,
      0
    ],
    [
      0,
      0,
      0,
      0,
      1,
      0,
      1,
      0
    ],
    [
      0,
      0,
      0,
      0,
      0,
      1,
      0,
      1
    ],
    [
      0,
      0,
      0,
      0,
      0,
      0,
      1,
      0
    ]
  ],
  "dh_parameters": [
    [
      0.0,
      0.35444438433286823,
      0.0,
      1.5707963267948966
    ],
    [
      0.0,
      0.0,
      0.0,
      -1.5707963267948966
    ],
    [
      0.0,
      0.29744488810458664,
      0.0,
      1.5707963267948966
    ],
    [
      0.08898027287688366,
      0.0,
      0.0,
      1.5707963267948966
    ],
    [
      -0.08938376717935965,
      0.41604080723483766,
      0.0,
      -1.5707963267948966
    ],
    [
      0.0,
      0.0,
      0.0,
      1.5707963267948966
    ],
    [
      0.09425128190504989,
      0.11460099049818567,
      0.0,
      0.0
    ]
  ],
  "morphology_type": "link_scaling"
}