{
  "num_nodes": 8,
  "node_features": [
    [
      0.0,
      0.0,
      0.0,
      0.0,
      0
    ],
    [
      -3.005140520804781,
      2.9065278009202906,
      2.175,
      0.0,
      1
    ],
    [
      -3.0695272759670917,
      3.0375823655193073,
      2.175,
      0.0,
      1
    ],
    [
      -2.92146318596684,
      3.013857311782202,
      2.175,
      0.0,
      1
    ],
    [
      -3.0626390928188325,
      3.002338434106156,
      2.175,
      0.0,
      1
    ],
    [
      -3.008883817432361,
      2.956327921901694,
      2.175,
      0.0,
      1
    ],
    [
      -2.9211583186226124,
      2.9067395198725823,
      2.175,
      0.0,
      1
    ],
    [
      -3.0688053883193267,
      2.916683463360406,
      2.175,
      0.0,
      2
    ]
  ],
  "adjacency_matrix": [
    [
      0,
      1,
      0,
      0,
      0,
      0,
      0,
      0
    ],
    [
      1,
      0,
      1,
      0,
      0,
      0,
      0,
      0
    ],
    [
      0,
      1,
      0,
      1,
      0,
      0,
      0,
      0
    ],
    [
      0,
      0,
      1,
      0,
      1,
      0,
      0,
      0
    ],
    [
      0,
      0,
      0,
      1,
      0,
      1,
      0,
      0
    ],
    [
      0,
      0,
      0,
      0,
      1,
      0,
      1,
      0
    ],
    [
      0,
      0,
      0,
      0,
      0,
      1,
      0,
      1
    ],
    [
      0,
      0,
      0,
      0,
      0,
      0,
      1,
      0
    ]
  ],
  "dh_parameters": [
    [
      0.0,
      0.3338333892120314,
      0.0,
      1.5707963267948966
    ],
    [
      0.0,
      0.0,
      0.0,
      -1.5707963267948966
    ],
    [
      0.0,
      0.3417902309351441,
      0.0,
      1.5707963267948966
    ],
    [
      0.0800664183660997,
      0.0,
      0.0,
      1.5707963267948966
    ],
    [
      -0.08777003305143578,
      0.4085296083848647,
      0.0,
      -1.5707963267948966
    ],
    [
      0.0,
      0.0,
      0.0,
      1.5707963267948966
    ],
    [
      0.08262156465551157,
      0.10046031156976976,
      0.0,
      0.0
    ]
  ],
  "morphology_type": "link_scaling"
}