{
  "num_nodes": 8,
  "node_features": [
    [
      0.0,
      0.0,
      0.0,
      0.0,
      0
    ],
    [
      -2.9154205843286323,
      2.97277172997036,
      2.175,
      0.0,
      1
    ],
    [
      -3.024837677153155,
      2.9521949750498058,
      2.175,
      0.0,
      1
    ],
    [
      -2.930655181752124,
      3.046388390138415,
      2.175,
      0.0,
      1
    ],
    [
      -3.043188178836611,
      2.969628615260766,
      2.175,
      0.0,
      1
    ],
    [
      -3.0558653103948394,
      2.9860485986994996,
      2.175,
      0.0,
      1
    ],
    [
      -3.052889030875252,
      2.9084286505735286,
      2.175,
      0.0,
      1
    ],
    [
      -3.0466170416393252,
      2.9573790761328675,
      2.175,
      0.0,
      2
    ]
  ],
  "adjacency_matrix": [
    [
      0,
      1,
      0,
      0,
      0,
      0,
      0,
      0
    ],
    [
      1,
      0,
      1,
      0,
      0,
      0,
      0,
      0
    ],
    [
      0,
      1,
      0,
      1,
      0,
      0,
      0,
      0
    ],
    [
      0,
      0,
      1,
      0,
      1,
      0,
      0,
      0
    ],
    [
      0,
      0,
      0,
      1,
      0,
      1,
      0,
      0
    ],
    [
      0,
      0,
      0,
      0,
      1,
      0,
      1,
      0
    ],
    [
      0,
      0,
      0,
      0,
      0,
      1,
      0,
      1
    ],
    [
      0,
      0,
      0,
      0,
      0,
      0,
      1,
      0
    ]
  ],
  "dh_parameters": [
    [
      0.0,
      0.363685652396694,
      0.0,
      1.5707963267948966
    ],
    [
      0.0,
      0.0,
      0.0,
      -1.5707963267948966
    ],
    [
      0.0,
      0.3200143635170686,
      0.0,
      1.5707963267948966
    ],
    [
      0.08401617293808362,
      0.0,
      0.0,
      1.5707963267948966
    ],
    [
      -0.07664605765420776,
      0.3567525592632215,
      0.0,
      -1.5707963267948966
    ],
    [
      0.0,
      0.0,
      0.0,
      1.5707963267948966
    ],
    [
      0.09548001882810249,
      0.11609502289326099,
      0.0,
      0.0
    ]
  ],
  "morphology_type": "link_scaling"
}