{
  "num_nodes": 8,
  "node_features": [
    [
      0.0,
      0.0,
      0.0,
      0.0,
      0
    ],
    [
      -3.0352856860410724,
      2.9866270775367774,
      2.175,
      0.0,
      1
    ],
    [
      -3.054555765756339,
      2.9592521897003228,
      2.175,
      0.0,
      1
    ],
    [
      -2.9991302014695433,
      2.910146722976247,
      2.175,
      0.0,
      1
    ],
    [
      -2.968508556668497,
      3.051677443796864,
      2.175,
      0.0,
      1
    ],
    [
      -2.986692571322095,
      2.9225115291652664,
      2.175,
      0.0,
      1
    ],
    [
      -2.9434367514550366,
      3.0217144828500047,
      2.175,
      0.0,
      1
    ],
    [
      -2.983079374019851,
      2.9059670241689797,
      2.175,
      0.0,
      2
    ]
  ],
  "adjacency_matrix": [
    [
      0,
      1,
      0,
      0,
      0,
      0,
      0,
      0
    ],
    [
      1,
      0,
      1,
      0,
      0,
      0,
      0,
      0
    ],
    [
      0,
      1,
      0,
      1,
      0,
      0,
      0,
      0
    ],
    [
      0,
      0,
      1,
      0,
      1,
      0,
      0,
      0
    ],
    [
      0,
      0,
      0,
      1,
      0,
      1,
      0,
      0
    ],
    [
      0,
      0,
      0,
      0,
      1,
      0,
      1,
      0
    ],
    [
      0,
      0,
      0,
      0,
      0,
      1,
      0,
      1
    ],
    [
      0,
      0,
      0,
      0,
      0,
      0,
      1,
      0
    ]
  ],
  "dh_parameters": [
    [
      0.0,
      0.3118601022270413,
      0.0,
      1.5707963267948966
    ],
    [
      0.0,
      0.0,
      0.0,
      -1.5707963267948966
    ],
    [
      0.0,
      0.32338954163533223,
      0.0,
      1.5707963267948966
    ],
    [
      0.0769835687247612,
      0.0,
      0.0,
      1.5707963267948966
    ],
    [
      -0.08299207838269498,
      0.386290401199453,
      0.0,
      -1.5707963267948966
    ],
    [
      0.0,
      0.0,
      0.0,
      1.5707963267948966
    ],
    [
      0.07953243455702406,
      0.09670421020001789,
      0.0,
      0.0
    ]
  ],
  "morphology_type": "link_scaling"
}