{
  "num_nodes": 8,
  "node_features": [
    [
      0.0,
      0.0,
      0.0,
      0.0,
      0
    ],
    [
      -2.9569879793349894,
      2.9016152775886574,
      2.175,
      0.0,
      1
    ],
    [
      -2.9878064257577854,
      2.917455066881754,
      2.175,
      0.0,
      1
    ],
    [
      -2.95775321473715,
      3.0340160655371657,
      2.175,
      0.0,
      1
    ],
    [
      -2.9763300241667703,
      2.9486812029943614,
      2.175,
      0.0,
      1
    ],
    [
      -2.9903763476042706,
      2.9900740965246304,
      2.175,
      0.0,
      1
    ],
    [
      -3.0039567740064013,
      2.9507585593486945,
      2.175,
      0.0,
      1
    ],
    [
      -3.0224982050370173,
      2.9921232278047847,
      2.175,
      0.0,
      2
    ]
  ],
  "adjacency_matrix": [
    [
      0,
      1,
      0,
      0,
      0,
      0,
      0,
      0
    ],
    [
      1,
      0,
      1,
      0,
      0,
      0,
      0,
      0
    ],
    [
      0,
      1,
      0,
      1,
      0,
      0,
      0,
      0
    ],
    [
      0,
      0,
      1,
      0,
      1,
      0,
      0,
      0
    ],
    [
      0,
      0,
      0,
      1,
      0,
      1,
      0,
      0
    ],
    [
      0,
      0,
      0,
      0,
      1,
      0,
      1,
      0
    ],
    [
      0,
      0,
      0,
      0,
      0,
      1,
      0,
      1
    ],
    [
      0,
      0,
      0,
      0,
      0,
      0,
      1,
      0
    ]
  ],
  "dh_parameters": [
    [
      0.0,
      0.3556078720667672,
      0.0,
      1.5707963267948966
    ],
    [
      0.0,
      0.0,
      0.0,
      -1.5707963267948966
    ],
    [
      0.0,
      0.32999718041673803,
      0.0,
      1.5707963267948966
    ],
    [
      0.08838693808784716,
      0.0,
      0.0,
      1.5707963267948966
    ],
    [
      -0.08200000270999787,
      0.3816727398865355,
      0.0,
      -1.5707963267948966
    ],
    [
      0.0,
      0.0,
      0.0,
      1.5707963267948966
    ],
    [
      0.08743374132971542,
      0.10631148093499489,
      0.0,
      0.0
    ]
  ],
  "morphology_type": "link_scaling"
}