{
  "num_nodes": 8,
  "node_features": [
    [
      0.0,
      0.0,
      0.0,
      0.0,
      0
    ],
    [
      -3.0041551587767863,
      2.9019159690234884,
      2.175,
      0.0,
      1
    ],
    [
      -3.0064969617301482,
      2.957779465809662,
      2.175,
      0.0,
      1
    ],
    [
      -3.008092118020312,
      2.9140489058436607,
      2.175,
      0.0,
      1
    ],
    [
      -3.0040059823687306,
      2.9534428630155785,
      2.175,
      0.0,
      1
    ],
    [
      -2.9007405316852632,
      2.919944635384338,
      2.175,
      0.0,
      1
    ],
    [
      -2.9741581105724744,
      3.0152112616422913,
      2.175,
      0.0,
      1
    ],
    [
      -2.964216171912803,
      3.055897047785403,
      2.175,
      0.0,
      2
    ]
  ],
  "adjacency_matrix": [
    [
      0,
      1,
      0,
      0,
      0,
      0,
      0,
      0
    ],
    [
      1,
      0,
      1,
      0,
      0,
      0,
      0,
      0
    ],
    [
      0,
      1,
      0,
      1,
      0,
      0,
      0,
      0
    ],
    [
      0,
      0,
      1,
      0,
      1,
      0,
      0,
      0
    ],
    [
      0,
      0,
      0,
      1,
      0,
      1,
      0,
      0
    ],
    [
      0,
      0,
      0,
      0,
      1,
      0,
      1,
      0
    ],
    [
      0,
      0,
      0,
      0,
      0,
      1,
      0,
      1
    ],
    [
      0,
      0,
      0,
      0,
      0,
      0,
      1,
      0
    ]
  ],
  "dh_parameters": [
    [
      0.0,
      0.3378561967695056,
      0.0,
      1.5707963267948966
    ],
    [
      0.0,
      0.0,
      0.0,
      -1.5707963267948966
    ],
    [
      0.0,
      0.31077812078616807,
      0.0,
      1.5707963267948966
    ],
    [
      0.08524195507694014,
      0.0,
      0.0,
      1.5707963267948966
    ],
    [
      -0.08253991950380171,
      0.384185807144968,
      0.0,
      -1.5707963267948966
    ],
    [
      0.0,
      0.0,
      0.0,
      1.5707963267948966
    ],
    [
      0.0833276997736847,
      0.10131890767936663,
      0.0,
      0.0
    ]
  ],
  "morphology_type": "link_scaling"
}