{
  "num_nodes": 8,
  "node_features": [
    [
      0.0,
      0.0,
      0.0,
      0.0,
      0
    ],
    [
      -2.9504659259649753,
      2.9181639229211194,
      2.175,
      0.0,
      1
    ],
    [
      -3.062714316597138,
      3.0032599867150735,
      2.175,
      0.0,
      1
    ],
    [
      -2.9099983151391227,
      3.0415867176462568,
      2.175,
      0.0,
      1
    ],
    [
      -3.0305778265201386,
      3.0565573275724893,
      2.175,
      0.0,
      1
    ],
    [
      -2.906650232118745,
      2.939847380264278,
      2.175,
      0.0,
      1
    ],
    [
      -2.923059143794238,
      3.013362389961678,
      2.175,
      0.0,
      1
    ],
    [
      -2.93576123843829,
      3.0373384945232695,
      2.175,
      0.0,
      2
    ]
  ],
  "adjacency_matrix": [
    [
      0,
      1,
      0,
      0,
      0,
      0,
      0,
      0
    ],
    [
      1,
      0,
      1,
      0,
      0,
      0,
      0,
      0
    ],
    [
      0,
      1,
      0,
      1,
      0,
      0,
      0,
      0
    ],
    [
      0,
      0,
      1,
      0,
      1,
      0,
      0,
      0
    ],
    [
      0,
      0,
      0,
      1,
      0,
      1,
      0,
      0
    ],
    [
      0,
      0,
      0,
      0,
      1,
      0,
      1,
      0
    ],
    [
      0,
      0,
      0,
      0,
      0,
      1,
      0,
      1
    ],
    [
      0,
      0,
      0,
      0,
      0,
      0,
      1,
      0
    ]
  ],
  "dh_parameters": [
    [
      0.0,
      0.31842828141057256,
      0.0,
      1.5707963267948966
    ],
    [
      0.0,
      0.0,
      0.0,
      -1.5707963267948966
    ],
    [
      0.0,
      0.2851173330611574,
      0.0,
      1.5707963267948966
    ],
    [
      0.08997620805636046,
      0.0,
      0.0,
      1.5707963267948966
    ],
    [
      -0.08243542483078313,
      0.38369943193964506,
      0.0,
      -1.5707963267948966
    ],
    [
      0.0,
      0.0,
      0.0,
      1.5707963267948966
    ],
    [
      0.07980200763557221,
      0.09703198655688894,
      0.0,
      0.0
    ]
  ],
  "morphology_type": "link_scaling"
}