{
  "num_nodes": 8,
  "node_features": [
    [
      0.0,
      0.0,
      0.0,
      0.0,
      0
    ],
    [
      -2.9128143937719586,
      2.9363455657616284,
      2.175,
      0.0,
      1
    ],
    [
      -2.980847265081647,
      2.9079825225573264,
      2.175,
      0.0,
      1
    ],
    [
      -2.966767696369234,
      2.9684323901559626,
      2.175,
      0.0,
      1
    ],
    [
      -3.0283651873330806,
      2.925659106401928,
      2.175,
      0.0,
      1
    ],
    [
      -3.0440640223555877,
      2.9759632222301793,
      2.175,
      0.0,
      1
    ],
    [
      -2.991577806237771,
      2.9697038871476886,
      2.175,
      0.0,
      1
    ],
    [
      -3.051445627173491,
      2.9374969354631366,
      2.175,
      0.0,
      2
    ]
  ],
  "adjacency_matrix": [
    [
      0,
      1,
      0,
      0,
      0,
      0,
      0,
      0
    ],
    [
      1,
      0,
      1,
      0,
      0,
      0,
      0,
      0
    ],
    [
      0,
      1,
      0,
      1,
      0,
      0,
      0,
      0
    ],
    [
      0,
      0,
      1,
      0,
      1,
      0,
      0,
      0
    ],
    [
      0,
      0,
      0,
      1,
      0,
      1,
      0,
      0
    ],
    [
      0,
      0,
      0,
      0,
      1,
      0,
      1,
      0
    ],
    [
      0,
      0,
      0,
      0,
      0,
      1,
      0,
      1
    ],
    [
      0,
      0,
      0,
      0,
      0,
      0,
      1,
      0
    ]
  ],
  "dh_parameters": [
    [
      0.0,
      0.3434640610191678,
      0.0,
      1.5707963267948966
    ],
    [
      0.0,
      0.0,
      0.0,
      -1.5707963267948966
    ],
    [
      0.0,
      0.3016058779096967,
      0.0,
      1.5707963267948966
    ],
    [
      0.08541366451585312,
      0.0,
      0.0,
      1.5707963267948966
    ],
    [
      -0.08529016534573697,
      0.39698695142743023,
      0.0,
      -1.5707963267948966
    ],
    [
      0.0,
      0.0,
      0.0,
      1.5707963267948966
    ],
    [
      0.08146508625770976,
      0.09905413897244257,
      0.0,
      0.0
    ]
  ],
  "morphology_type": "link_scaling"
}