{
  "num_nodes": 8,
  "node_features": [
    [
      0.0,
      0.0,
      0.0,
      0.0,
      0
    ],
    [
      -2.992433537607859,
      3.0481344567837074,
      2.175,
      0.0,
      1
    ],
    [
      -2.923736914292123,
      3.0559335609087372,
      2.175,
      0.0,
      1
    ],
    [
      -2.991634630081317,
      3.068225413153988,
      2.175,
      0.0,
      1
    ],
    [
      -3.0442134245174954,
      2.9580307086098205,
      2.175,
      0.0,
      1
    ],
    [
      -3.0479982501243112,
      3.0476813197637727,
      2.175,
      0.0,
      1
    ],
    [
      -2.901092063757651,
      2.9898117384353347,
      2.175,
      0.0,
      1
    ],
    [
      -3.043459903417598,
      2.921261161150036,
      2.175,
      0.0,
      2
    ]
  ],
  "adjacency_matrix": [
    [
      0,
      1,
      0,
      0,
      0,
      0,
      0,
      0
    ],
    [
      1,
      0,
      1,
      0,
      0,
      0,
      0,
      0
    ],
    [
      0,
      1,
      0,
      1,
      0,
      0,
      0,
      0
    ],
    [
      0,
      0,
      1,
      0,
      1,
      0,
      0,
      0
    ],
    [
      0,
      0,
      0,
      1,
      0,
      1,
      0,
      0
    ],
    [
      0,
      0,
      0,
      0,
      1,
      0,
      1,
      0
    ],
    [
      0,
      0,
      0,
      0,
      0,
      1,
      0,
      1
    ],
    [
      0,
      0,
      0,
      0,
      0,
      0,
      1,
      0
    ]
  ],
  "dh_parameters": [
    [
      0.0,
      0.3618710183352416,
      0.0,
      1.5707963267948966
    ],
    [
      0.0,
      0.0,
      0.0,
      -1.5707963267948966
    ],
    [
      0.0,
      0.33047748837442553,
      0.0,
      1.5707963267948966
    ],
    [
      0.07650494808217347,
      0.0,
      0.0,
      1.5707963267948966
    ],
    [
      -0.08560372660252923,
      0.39844643654995426,
      0.0,
      -1.5707963267948966
    ],
    [
      0.0,
      0.0,
      0.0,
      1.5707963267948966
    ],
    [
      0.09177666874337771,
      0.11159208585842519,
      0.0,
      0.0
    ]
  ],
  "morphology_type": "link_scaling"
}