{
  "num_nodes": 8,
  "node_features": [
    [
      0.0,
      0.0,
      0.0,
      0.0,
      0
    ],
    [
      -3.0301141137097463,
      2.935085120895347,
      2.175,
      0.0,
      1
    ],
    [
      -2.960915789175948,
      2.983608165171331,
      2.175,
      0.0,
      1
    ],
    [
      -2.987810638944628,
      2.9187835308884083,
      2.175,
      0.0,
      1
    ],
    [
      -3.038618719908366,
      2.909736788564651,
      2.175,
      0.0,
      1
    ],
    [
      -3.0077361985451354,
      2.93026423876076,
      2.175,
      0.0,
      1
    ],
    [
      -2.9080490924740032,
      2.978826211862307,
      2.175,
      0.0,
      1
    ],
    [
      -3.066422159201597,
      2.909106312629655,
      2.175,
      0.0,
      2
    ]
  ],
  "adjacency_matrix": [
    [
      0,
      1,
      0,
      0,
      0,
      0,
      0,
      0
    ],
    [
      1,
      0,
      1,
      0,
      0,
      0,
      0,
      0
    ],
    [
      0,
      1,
      0,
      1,
      0,
      0,
      0,
      0
    ],
    [
      0,
      0,
      1,
      0,
      1,
      0,
      0,
      0
    ],
    [
      0,
      0,
      0,
      1,
      0,
      1,
      0,
      0
    ],
    [
      0,
      0,
      0,
      0,
      1,
      0,
      1,
      0
    ],
    [
      0,
      0,
      0,
      0,
      0,
      1,
      0,
      1
    ],
    [
      0,
      0,
      0,
      0,
      0,
      0,
      1,
      0
    ]
  ],
  "dh_parameters": [
    [
      0.0,
      0.34397289426489,
      0.0,
      1.5707963267948966
    ],
    [
      0.0,
      0.0,
      0.0,
      -1.5707963267948966
    ],
    [
      0.0,
      0.28740943552859954,
      0.0,
      1.5707963267948966
    ],
    [
      0.08537217854463605,
      0.0,
      0.0,
      1.5707963267948966
    ],
    [
      -0.07969826558710554,
      0.37095919982361847,
      0.0,
      -1.5707963267948966
    ],
    [
      0.0,
      0.0,
      0.0,
      1.5707963267948966
    ],
    [
      0.08280404471941283,
      0.10068219073837696,
      0.0,
      0.0
    ]
  ],
  "morphology_type": "link_scaling"
}