{
  "num_nodes": 8,
  "node_features": [
    [
      0.0,
      0.0,
      0.0,
      0.0,
      0
    ],
    [
      -2.9522491699063083,
      3.012861903539453,
      2.175,
      0.0,
      1
    ],
    [
      -2.9201738813584566,
      2.902690415331932,
      2.175,
      0.0,
      1
    ],
    [
      -2.9354940282688964,
      2.9458187710189576,
      2.175,
      0.0,
      1
    ],
    [
      -3.026784804269458,
      3.028741882259971,
      2.175,
      0.0,
      1
    ],
    [
      -2.9797468131169493,
      2.987254357981507,
      2.175,
      0.0,
      1
    ],
    [
      -2.960624003280326,
      2.963819959360992,
      2.175,
      0.0,
      1
    ],
    [
      -3.0516017875096804,
      2.989082362443741,
      2.175,
      0.0,
      2
    ]
  ],
  "adjacency_matrix": [
    [
      0,
      1,
      0,
      0,
      0,
      0,
      0,
      0
    ],
    [
      1,
      0,
      1,
      0,
      0,
      0,
      0,
      0
    ],
    [
      0,
      1,
      0,
      1,
      0,
      0,
      0,
      0
    ],
    [
      0,
      0,
      1,
      0,
      1,
      0,
      0,
      0
    ],
    [
      0,
      0,
      0,
      1,
      0,
      1,
      0,
      0
    ],
    [
      0,
      0,
      0,
      0,
      1,
      0,
      1,
      0
    ],
    [
      0,
      0,
      0,
      0,
      0,
      1,
      0,
      1
    ],
    [
      0,
      0,
      0,
      0,
      0,
      0,
      1,
      0
    ]
  ],
  "dh_parameters": [
    [
      0.0,
      0.3383768131223291,
      0.0,
      1.5707963267948966
    ],
    [
      0.0,
      0.0,
      0.0,
      -1.5707963267948966
    ],
    [
      0.0,
      0.3342120085384272,
      0.0,
      1.5707963267948966
    ],
    [
      0.08328787788069296,
      0.0,
      0.0,
      1.5707963267948966
    ],
    [
      -0.07972411275852362,
      0.3710795066578554,
      0.0,
      -1.5707963267948966
    ],
    [
      0.0,
      0.0,
      0.0,
      1.5707963267948966
    ],
    [
      0.090943868810917,
      0.1105794768496377,
      0.0,
      0.0
    ]
  ],
  "morphology_type": "link_scaling"
}