{
  "num_nodes": 8,
  "node_features": [
    [
      0.0,
      0.0,
      0.0,
      0.0,
      0
    ],
    [
      -2.9126232414833635,
      3.0025595306046386,
      2.175,
      0.0,
      1
    ],
    [
      -3.0122342136704767,
      2.9784351424776845,
      2.175,
      0.0,
      1
    ],
    [
      -2.9592229370956487,
      2.9666605483779778,
      2.175,
      0.0,
      1
    ],
    [
      -2.9066785103574224,
      2.9081906274487466,
      2.175,
      0.0,
      1
    ],
    [
      -3.0597913391958356,
      3.0153713534798565,
      2.175,
      0.0,
      1
    ],
    [
      -3.0147276860669483,
      2.9480797698360606,
      2.175,
      0.0,
      1
    ],
    [
      -3.0463571800534943,
      3.0509695849188394,
      2.175,
      0.0,
      2
    ]
  ],
  "adjacency_matrix": [
    [
      0,
      1,
      0,
      0,
      0,
      0,
      0,
      0
    ],
    [
      1,
      0,
      1,
      0,
      0,
      0,
      0,
      0
    ],
    [
      0,
      1,
      0,
      1,
      0,
      0,
      0,
      0
    ],
    [
      0,
      0,
      1,
      0,
      1,
      0,
      0,
      0
    ],
    [
      0,
      0,
      0,
      1,
      0,
      1,
      0,
      0
    ],
    [
      0,
      0,
      0,
      0,
      1,
      0,
      1,
      0
    ],
    [
      0,
      0,
      0,
      0,
      0,
      1,
      0,
      1
    ],
    [
      0,
      0,
      0,
      0,
      0,
      0,
      1,
      0
    ]
  ],
  "dh_parameters": [
    [
      0.0,
      0.33201326430431605,
      0.0,
      1.5707963267948966
    ],
    [
      0.0,
      0.0,
      0.0,
      -1.5707963267948966
    ],
    [
      0.0,
      0.28546032443063324,
      0.0,
      1.5707963267948966
    ],
    [
      0.08020203564015395,
      0.0,
      0.0,
      1.5707963267948966
    ],
    [
      -0.08298925523353953,
      0.386277260723384,
      0.0,
      -1.5707963267948966
    ],
    [
      0.0,
      0.0,
      0.0,
      1.5707963267948966
    ],
    [
      0.09557488161566954,
      0.11621036741905275,
      0.0,
      0.0
    ]
  ],
  "morphology_type": "link_scaling"
}