{
  "num_nodes": 8,
  "node_features": [
    [
      0.0,
      0.0,
      0.0,
      0.0,
      0
    ],
    [
      -3.006681983344794,
      2.9836152774844833,
      2.175,
      0.0,
      1
    ],
    [
      -3.0695290085988174,
      2.9148934005599174,
      2.175,
      0.0,
      1
    ],
    [
      -2.9756804524148253,
      2.9573394957680366,
      2.175,
      0.0,
      1
    ],
    [
      -2.98647780001209,
      3.0475782033103855,
      2.175,
      0.0,
      1
    ],
    [
      -2.9994473989721753,
      2.920930523947911,
      2.175,
      0.0,
      1
    ],
    [
      -2.9836801497678356,
      2.9343133526700926,
      2.175,
      0.0,
      1
    ],
    [
      -3.0650513190495747,
      2.937458449340635,
      2.175,
      0.0,
      2
    ]
  ],
  "adjacency_matrix": [
    [
      0,
      1,
      0,
      0,
      0,
      0,
      0,
      0
    ],
    [
      1,
      0,
      1,
      0,
      0,
      0,
      0,
      0
    ],
    [
      0,
      1,
      0,
      1,
      0,
      0,
      0,
      0
    ],
    [
      0,
      0,
      1,
      0,
      1,
      0,
      0,
      0
    ],
    [
      0,
      0,
      0,
      1,
      0,
      1,
      0,
      0
    ],
    [
      0,
      0,
      0,
      0,
      1,
      0,
      1,
      0
    ],
    [
      0,
      0,
      0,
      0,
      0,
      1,
      0,
      1
    ],
    [
      0,
      0,
      0,
      0,
      0,
      0,
      1,
      0
    ]
  ],
  "dh_parameters": [
    [
      0.0,
      0.32293973688300465,
      0.0,
      1.5707963267948966
    ],
    [
      0.0,
      0.0,
      0.0,
      -1.5707963267948966
    ],
    [
      0.0,
      0.31043603757742116,
      0.0,
      1.5707963267948966
    ],
    [
      0.08426125070276287,
      0.0,
      0.0,
      1.5707963267948966
    ],
    [
      -0.0883565569663965,
      0.41125961060722727,
      0.0,
      -1.5707963267948966
    ],
    [
      0.0,
      0.0,
      0.0,
      1.5707963267948966
    ],
    [
      0.08814693745716137,
      0.10717866258995758,
      0.0,
      0.0
    ]
  ],
  "morphology_type": "link_scaling"
}