{
  "num_nodes": 8,
  "node_features": [
    [
      0.0,
      0.0,
      0.0,
      0.0,
      0
    ],
    [
      -2.9851310407535006,
      2.9541265032305186,
      2.175,
      0.0,
      1
    ],
    [
      -2.9704550246500223,
      2.918322119586965,
      2.175,
      0.0,
      1
    ],
    [
      -2.9563099993462596,
      2.9640528213364794,
      2.175,
      0.0,
      1
    ],
    [
      -2.9036669321296236,
      2.991643392362363,
      2.175,
      0.0,
      1
    ],
    [
      -2.9253121346342597,
      3.041707770060571,
      2.175,
      0.0,
      1
    ],
    [
      -2.9630220722494087,
      2.933434576467369,
      2.175,
      0.0,
      1
    ],
    [
      -2.984374737797753,
      2.931622616759172,
      2.175,
      0.0,
      2
    ]
  ],
  "adjacency_matrix": [
    [
      0,
      1,
      0,
      0,
      0,
      0,
      0,
      0
    ],
    [
      1,
      0,
      1,
      0,
      0,
      0,
      0,
      0
    ],
    [
      0,
      1,
      0,
      1,
      0,
      0,
      0,
      0
    ],
    [
      0,
      0,
      1,
      0,
      1,
      0,
      0,
      0
    ],
    [
      0,
      0,
      0,
      1,
      0,
      1,
      0,
      0
    ],
    [
      0,
      0,
      0,
      0,
      1,
      0,
      1,
      0
    ],
    [
      0,
      0,
      0,
      0,
      0,
      1,
      0,
      1
    ],
    [
      0,
      0,
      0,
      0,
      0,
      0,
      1,
      0
    ]
  ],
  "dh_parameters": [
    [
      0.0,
      0.33552512809834306,
      0.0,
      1.5707963267948966
    ],
    [
      0.0,
      0.0,
      0.0,
      -1.5707963267948966
    ],
    [
      0.0,
      0.31859226252701084,
      0.0,
      1.5707963267948966
    ],
    [
      0.08120286246816015,
      0.0,
      0.0,
      1.5707963267948966
    ],
    [
      -0.07962863837827529,
      0.3706351168152449,
      0.0,
      -1.5707963267948966
    ],
    [
      0.0,
      0.0,
      0.0,
      1.5707963267948966
    ],
    [
      0.09276313564867303,
      0.11279153993645472,
      0.0,
      0.0
    ]
  ],
  "morphology_type": "link_scaling"
}