{
  "num_nodes": 8,
  "node_features": [
    [
      0.0,
      0.0,
      0.0,
      0.0,
      0
    ],
    [
      -3.052464003166846,
      3.0286987025297343,
      2.175,
      0.0,
      1
    ],
    [
      -2.94079111507622,
      2.9282777045212813,
      2.175,
      0.0,
      1
    ],
    [
      -3.0308310307745217,
      3.0099980523000265,
      2.175,
      0.0,
      1
    ],
    [
      -3.038121673512666,
      2.9229315747090174,
      2.175,
      0.0,
      1
    ],
    [
      -3.060097330067896,
      2.959006411774815,
      2.175,
      0.0,
      1
    ],
    [
      -2.991757905513058,
      3.030556556568273,
      2.175,
      0.0,
      1
    ],
    [
      -2.9138768889228115,
      2.9160915745709213,
      2.175,
      0.0,
      2
    ]
  ],
  "adjacency_matrix": [
    [
      0,
      1,
      0,
      0,
      0,
      0,
      0,
      0
    ],
    [
      1,
      0,
      1,
      0,
      0,
      0,
      0,
      0
    ],
    [
      0,
      1,
      0,
      1,
      0,
      0,
      0,
      0
    ],
    [
      0,
      0,
      1,
      0,
      1,
      0,
      0,
      0
    ],
    [
      0,
      0,
      0,
      1,
      0,
      1,
      0,
      0
    ],
    [
      0,
      0,
      0,
      0,
      1,
      0,
      1,
      0
    ],
    [
      0,
      0,
      0,
      0,
      0,
      1,
      0,
      1
    ],
    [
      0,
      0,
      0,
      0,
      0,
      0,
      1,
      0
    ]
  ],
  "dh_parameters": [
    [
      0.0,
      0.3189520447301316,
      0.0,
      1.5707963267948966
    ],
    [
      0.0,
      0.0,
      0.0,
      -1.5707963267948966
    ],
    [
      0.0,
      0.32201025800476196,
      0.0,
      1.5707963267948966
    ],
    [
      0.07845020474309951,
      0.0,
      0.0,
      1.5707963267948966
    ],
    [
      -0.08247416611834565,
      0.38387975502357247,
      0.0,
      -1.5707963267948966
    ],
    [
      0.0,
      0.0,
      0.0,
      1.5707963267948966
    ],
    [
      0.09048862781318678,
      0.11002594518194303,
      0.0,
      0.0
    ]
  ],
  "morphology_type": "link_scaling"
}