{
  "num_nodes": 8,
  "node_features": [
    [
      0.0,
      0.0,
      0.0,
      0.0,
      0
    ],
    [
      -2.9614879502259295,
      2.951657355234125,
      2.175,
      0.0,
      1
    ],
    [
      -2.9989738237063874,
      2.9632551619225986,
      2.175,
      0.0,
      1
    ],
    [
      -3.027562553935613,
      2.966005496932715,
      2.175,
      0.0,
      1
    ],
    [
      -2.9572279366843,
      3.0486151602965332,
      2.175,
      0.0,
      1
    ],
    [
      -3.0477806946801755,
      3.0617157519889964,
      2.175,
      0.0,
      1
    ],
    [
      -3.028578865794101,
      2.919262416542192,
      2.175,
      0.0,
      1
    ],
    [
      -2.9725958893952567,
      2.9404579768935024,
      2.175,
      0.0,
      2
    ]
  ],
  "adjacency_matrix": [
    [
      0,
      1,
      0,
      0,
      0,
      0,
      0,
      0
    ],
    [
      1,
      0,
      1,
      0,
      0,
      0,
      0,
      0
    ],
    [
      0,
      1,
      0,
      1,
      0,
      0,
      0,
      0
    ],
    [
      0,
      0,
      1,
      0,
      1,
      0,
      0,
      0
    ],
    [
      0,
      0,
      0,
      1,
      0,
      1,
      0,
      0
    ],
    [
      0,
      0,
      0,
      0,
      1,
      0,
      1,
      0
    ],
    [
      0,
      0,
      0,
      0,
      0,
      1,
      0,
      1
    ],
    [
      0,
      0,
      0,
      0,
      0,
      0,
      1,
      0
    ]
  ],
  "dh_parameters": [
    [
      0.0,
      0.347058016111973,
      0.0,
      1.5707963267948966
    ],
    [
      0.0,
      0.0,
      0.0,
      -1.5707963267948966
    ],
    [
      0.0,
      0.34435531970981653,
      0.0,
      1.5707963267948966
    ],
    [
      0.081431312472554,
      0.0,
      0.0,
      1.5707963267948966
    ],
    [
      -0.08811125109436178,
      0.41011782327557483,
      0.0,
      -1.5707963267948966
    ],
    [
      0.0,
      0.0,
      0.0,
      1.5707963267948966
    ],
    [
      0.08382560166872992,
      0.10192431111993298,
      0.0,
      0.0
    ]
  ],
  "morphology_type": "link_scaling"
}