{
  "num_nodes": 8,
  "node_features": [
    [
      0.0,
      0.0,
      0.0,
      0.0,
      0
    ],
    [
      -2.9744841734153775,
      2.9821938433496444,
      2.175,
      0.0,
      1
    ],
    [
      -2.9071406025869964,
      3.028905226840193,
      2.175,
      0.0,
      1
    ],
    [
      -2.9600219057126913,
      3.0298608068027226,
      2.175,
      0.0,
      1
    ],
    [
      -2.995498491025123,
      3.011571836554978,
      2.175,
      0.0,
      1
    ],
    [
      -2.9790818182616556,
      2.962081414340632,
      2.175,
      0.0,
      1
    ],
    [
      -3.049243072053577,
      3.0615844611912966,
      2.175,
      0.0,
      1
    ],
    [
      -2.9850774350931064,
      2.976435629858628,
      2.175,
      0.0,
      2
    ]
  ],
  "adjacency_matrix": [
    [
      0,
      1,
      0,
      0,
      0,
      0,
      0,
      0
    ],
    [
      1,
      0,
      1,
      0,
      0,
      0,
      0,
      0
    ],
    [
      0,
      1,
      0,
      1,
      0,
      0,
      0,
      0
    ],
    [
      0,
      0,
      1,
      0,
      1,
      0,
      0,
      0
    ],
    [
      0,
      0,
      0,
      1,
      0,
      1,
      0,
      0
    ],
    [
      0,
      0,
      0,
      0,
      1,
      0,
      1,
      0
    ],
    [
      0,
      0,
      0,
      0,
      0,
      1,
      0,
      1
    ],
    [
      0,
      0,
      0,
      0,
      0,
      0,
      1,
      0
    ]
  ],
  "dh_parameters": [
    [
      0.0,
      0.3316797894031159,
      0.0,
      1.5707963267948966
    ],
    [
      0.0,
      0.0,
      0.0,
      -1.5707963267948966
    ],
    [
      0.0,
      0.32559596109606626,
      0.0,
      1.5707963267948966
    ],
    [
      0.07954474980188016,
      0.0,
      0.0,
      1.5707963267948966
    ],
    [
      -0.08301872444063121,
      0.3864144264873017,
      0.0,
      -1.5707963267948966
    ],
    [
      0.0,
      0.0,
      0.0,
      1.5707963267948966
    ],
    [
      0.08355714141422373,
      0.10159788785593113,
      0.0,
      0.0
    ]
  ],
  "morphology_type": "link_scaling"
}