{
  "num_nodes": 8,
  "node_features": [
    [
      0.0,
      0.0,
      0.0,
      0.0,
      0
    ],
    [
      -2.996728147189143,
      2.9461612193652122,
      2.175,
      0.0,
      1
    ],
    [
      -2.9403640642917184,
      2.9899256847465523,
      2.175,
      0.0,
      1
    ],
    [
      -2.9739672955035714,
      2.985861079303406,
      2.175,
      0.0,
      1
    ],
    [
      -2.9149582248223473,
      2.9483039786850647,
      2.175,
      0.0,
      1
    ],
    [
      -2.9362669786261204,
      3.034186392403896,
      2.175,
      0.0,
      1
    ],
    [
      -2.9754756085857106,
      2.9247209168704886,
      2.175,
      0.0,
      1
    ],
    [
      -2.9957106425491946,
      3.066958805284016,
      2.175,
      0.0,
      2
    ]
  ],
  "adjacency_matrix": [
    [
      0,
      1,
      0,
      0,
      0,
      0,
      0,
      0
    ],
    [
      1,
      0,
      1,
      0,
      0,
      0,
      0,
      0
    ],
    [
      0,
      1,
      0,
      1,
      0,
      0,
      0,
      0
    ],
    [
      0,
      0,
      1,
      0,
      1,
      0,
      0,
      0
    ],
    [
      0,
      0,
      0,
      1,
      0,
      1,
      0,
      0
    ],
    [
      0,
      0,
      0,
      0,
      1,
      0,
      1,
      0
    ],
    [
      0,
      0,
      0,
      0,
      0,
      1,
      0,
      1
    ],
    [
      0,
      0,
      0,
      0,
      0,
      0,
      1,
      0
    ]
  ],
  "dh_parameters": [
    [
      0.0,
      0.32391464192995095,
      0.0,
      1.5707963267948966
    ],
    [
      0.0,
      0.0,
      0.0,
      -1.5707963267948966
    ],
    [
      0.0,
      0.29501287080812194,
      0.0,
      1.5707963267948966
    ],
    [
      0.08175803744809465,
      0.0,
      0.0,
      1.5707963267948966
    ],
    [
      -0.07798158151117118,
      0.36296881576108764,
      0.0,
      -1.5707963267948966
    ],
    [
      0.0,
      0.0,
      0.0,
      1.5707963267948966
    ],
    [
      0.08773866875838436,
      0.106682244967581,
      0.0,
      0.0
    ]
  ],
  "morphology_type": "link_scaling"
}