{
  "num_nodes": 8,
  "node_features": [
    [
      0.0,
      0.0,
      0.0,
      0.0,
      0
    ],
    [
      -2.921543497067489,
      2.968283258929118,
      2.175,
      0.0,
      1
    ],
    [
      -2.9941851759008347,
      2.9942830989486344,
      2.175,
      0.0,
      1
    ],
    [
      -3.065766270208438,
      2.9887446983577193,
      2.175,
      0.0,
      1
    ],
    [
      -2.9536125674954152,
      3.0582609141811212,
      2.175,
      0.0,
      1
    ],
    [
      -3.0296187201700584,
      3.0422090049952404,
      2.175,
      0.0,
      1
    ],
    [
      -2.927364293047059,
      2.9582807750622178,
      2.175,
      0.0,
      1
    ],
    [
      -3.045085889151049,
      2.9624104028624876,
      2.175,
      0.0,
      2
    ]
  ],
  "adjacency_matrix": [
    [
      0,
      1,
      0,
      0,
      0,
      0,
      0,
      0
    ],
    [
      1,
      0,
      1,
      0,
      0,
      0,
      0,
      0
    ],
    [
      0,
      1,
      0,
      1,
      0,
      0,
      0,
      0
    ],
    [
      0,
      0,
      1,
      0,
      1,
      0,
      0,
      0
    ],
    [
      0,
      0,
      0,
      1,
      0,
      1,
      0,
      0
    ],
    [
      0,
      0,
      0,
      0,
      1,
      0,
      1,
      0
    ],
    [
      0,
      0,
      0,
      0,
      0,
      1,
      0,
      1
    ],
    [
      0,
      0,
      0,
      0,
      0,
      0,
      1,
      0
    ]
  ],
  "dh_parameters": [
    [
      0.0,
      0.345703202714684,
      0.0,
      1.5707963267948966
    ],
    [
      0.0,
      0.0,
      0.0,
      -1.5707963267948966
    ],
    [
      0.0,
      0.31788149562926166,
      0.0,
      1.5707963267948966
    ],
    [
      0.07808510368311523,
      0.0,
      0.0,
      1.5707963267948966
    ],
    [
      -0.09038983852594913,
      0.4207236120480541,
      0.0,
      -1.5707963267948966
    ],
    [
      0.0,
      0.0,
      0.0,
      1.5707963267948966
    ],
    [
      0.08125600394526306,
      0.09879991388799031,
      0.0,
      0.0
    ]
  ],
  "morphology_type": "link_scaling"
}