{
  "num_nodes": 8,
  "node_features": [
    [
      0.0,
      0.0,
      0.0,
      0.0,
      0
    ],
    [
      -2.966368861274315,
      2.9082992021312615,
      2.175,
      0.0,
      1
    ],
    [
      -2.929825433144459,
      2.909303302463723,
      2.175,
      0.0,
      1
    ],
    [
      -2.9312885184991493,
      3.0111916254543036,
      2.175,
      0.0,
      1
    ],
    [
      -3.059133005725894,
      2.953013156156493,
      2.175,
      0.0,
      1
    ],
    [
      -3.0181549498738574,
      3.035129189449692,
      2.175,
      0.0,
      1
    ],
    [
      -2.946941571442977,
      3.0586782990129375,
      2.175,
      0.0,
      1
    ],
    [
      -3.0471822451821082,
      2.923548396414252,
      2.175,
      0.0,
      2
    ]
  ],
  "adjacency_matrix": [
    [
      0,
      1,
      0,
      0,
      0,
      0,
      0,
      0
    ],
    [
      1,
      0,
      1,
      0,
      0,
      0,
      0,
      0
    ],
    [
      0,
      1,
      0,
      1,
      0,
      0,
      0,
      0
    ],
    [
      0,
      0,
      1,
      0,
      1,
      0,
      0,
      0
    ],
    [
      0,
      0,
      0,
      1,
      0,
      1,
      0,
      0
    ],
    [
      0,
      0,
      0,
      0,
      1,
      0,
      1,
      0
    ],
    [
      0,
      0,
      0,
      0,
      0,
      1,
      0,
      1
    ],
    [
      0,
      0,
      0,
      0,
      0,
      0,
      1,
      0
    ]
  ],
  "dh_parameters": [
    [
      0.0,
      0.32442409055657073,
      0.0,
      1.5707963267948966
    ],
    [
      0.0,
      0.0,
      0.0,
      -1.5707963267948966
    ],
    [
      0.0,
      0.31621087688170063,
      0.0,
      1.5707963267948966
    ],
    [
      0.07545907098191917,
      0.0,
      0.0,
      1.5707963267948966
    ],
    [
      -0.0800752787493729,
      0.37271402472435383,
      0.0,
      -1.5707963267948966
    ],
    [
      0.0,
      0.0,
      0.0,
      1.5707963267948966
    ],
    [
      0.08145801468674019,
      0.09904554058501364,
      0.0,
      0.0
    ]
  ],
  "morphology_type": "link_scaling"
}