{
  "num_nodes": 8,
  "node_features": [
    [
      0.0,
      0.0,
      0.0,
      0.0,
      0
    ],
    [
      -3.024818718515089,
      2.9552241980260514,
      2.175,
      0.0,
      1
    ],
    [
      -2.9262136497996165,
      2.954094532806643,
      2.175,
      0.0,
      1
    ],
    [
      -2.9772541086201163,
      3.0695046490432905,
      2.175,
      0.0,
      1
    ],
    [
      -3.0061520111430733,
      2.975982925571264,
      2.175,
      0.0,
      1
    ],
    [
      -2.9673343592922916,
      3.0573935068030793,
      2.175,
      0.0,
      1
    ],
    [
      -3.000214911400314,
      2.9155287998797617,
      2.175,
      0.0,
      1
    ],
    [
      -2.9387636942858886,
      2.9580174555035645,
      2.175,
      0.0,
      2
    ]
  ],
  "adjacency_matrix": [
    [
      0,
      1,
      0,
      0,
      0,
      0,
      0,
      0
    ],
    [
      1,
      0,
      1,
      0,
      0,
      0,
      0,
      0
    ],
    [
      0,
      1,
      0,
      1,
      0,
      0,
      0,
      0
    ],
    [
      0,
      0,
      1,
      0,
      1,
      0,
      0,
      0
    ],
    [
      0,
      0,
      0,
      1,
      0,
      1,
      0,
      0
    ],
    [
      0,
      0,
      0,
      0,
      1,
      0,
      1,
      0
    ],
    [
      0,
      0,
      0,
      0,
      0,
      1,
      0,
      1
    ],
    [
      0,
      0,
      0,
      0,
      0,
      0,
      1,
      0
    ]
  ],
  "dh_parameters": [
    [
      0.0,
      0.35196886874595457,
      0.0,
      1.5707963267948966
    ],
    [
      0.0,
      0.0,
      0.0,
      -1.5707963267948966
    ],
    [
      0.0,
      0.32112134723531144,
      0.0,
      1.5707963267948966
    ],
    [
      0.07781567095329822,
      0.0,
      0.0,
      1.5707963267948966
    ],
    [
      -0.07767516922647702,
      0.36154260585414755,
      0.0,
      -1.5707963267948966
    ],
    [
      0.0,
      0.0,
      0.0,
      1.5707963267948966
    ],
    [
      0.09458652971218288,
      0.115008621354586,
      0.0,
      0.0
    ]
  ],
  "morphology_type": "link_scaling"
}