{
  "num_nodes": 8,
  "node_features": [
    [
      0.0,
      0.0,
      0.0,
      0.0,
      0
    ],
    [
      -3.051242443882493,
      2.951194652677274,
      2.175,
      0.0,
      1
    ],
    [
      -2.9631785460524047,
      2.9780499708173624,
      2.175,
      0.0,
      1
    ],
    [
      -3.021853921141991,
      2.909173574784298,
      2.175,
      0.0,
      1
    ],
    [
      -3.038111369555004,
      2.932659548281165,
      2.175,
      0.0,
      1
    ],
    [
      -2.9164777596989,
      3.020058098365234,
      2.175,
      0.0,
      1
    ],
    [
      -3.047038825363858,
      3.0391806825587624,
      2.175,
      0.0,
      1
    ],
    [
      -3.052605012027147,
      3.052836847490435,
      2.175,
      0.0,
      2
    ]
  ],
  "adjacency_matrix": [
    [
      0,
      1,
      0,
      0,
      0,
      0,
      0,
      0
    ],
    [
      1,
      0,
      1,
      0,
      0,
      0,
      0,
      0
    ],
    [
      0,
      1,
      0,
      1,
      0,
      0,
      0,
      0
    ],
    [
      0,
      0,
      1,
      0,
      1,
      0,
      0,
      0
    ],
    [
      0,
      0,
      0,
      1,
      0,
      1,
      0,
      0
    ],
    [
      0,
      0,
      0,
      0,
      1,
      0,
      1,
      0
    ],
    [
      0,
      0,
      0,
      0,
      0,
      1,
      0,
      1
    ],
    [
      0,
      0,
      0,
      0,
      0,
      0,
      1,
      0
    ]
  ],
  "dh_parameters": [
    [
      0.0,
      0.35568986440624467,
      0.0,
      1.5707963267948966
    ],
    [
      0.0,
      0.0,
      0.0,
      -1.5707963267948966
    ],
    [
      0.0,
      0.31015060020030527,
      0.0,
      1.5707963267948966
    ],
    [
      0.08020109295235006,
      0.0,
      0.0,
      1.5707963267948966
    ],
    [
      -0.07951474775489141,
      0.37010500773185817,
      0.0,
      -1.5707963267948966
    ],
    [
      0.0,
      0.0,
      0.0,
      1.5707963267948966
    ],
    [
      0.08024964669427183,
      0.0975762749578078,
      0.0,
      0.0
    ]
  ],
  "morphology_type": "link_scaling"
}