{
  "num_nodes": 8,
  "node_features": [
    [
      0.0,
      0.0,
      0.0,
      0.0,
      0
    ],
    [
      -2.9683454143650225,
      3.06106225929798,
      2.175,
      0.0,
      1
    ],
    [
      -3.0513409008902768,
      2.9517892541023674,
      2.175,
      0.0,
      1
    ],
    [
      -3.0328543287860645,
      3.053602826663404,
      2.175,
      0.0,
      1
    ],
    [
      -2.9492080537572685,
      2.9690806510697163,
      2.175,
      0.0,
      1
    ],
    [
      -2.9509401683428846,
      2.9327567509946504,
      2.175,
      0.0,
      1
    ],
    [
      -2.9381104196036456,
      2.9859578609562307,
      2.175,
      0.0,
      1
    ],
    [
      -3.045801575535175,
      2.965305595061756,
      2.175,
      0.0,
      2
    ]
  ],
  "adjacency_matrix": [
    [
      0,
      1,
      0,
      0,
      0,
      0,
      0,
      0
    ],
    [
      1,
      0,
      1,
      0,
      0,
      0,
      0,
      0
    ],
    [
      0,
      1,
      0,
      1,
      0,
      0,
      0,
      0
    ],
    [
      0,
      0,
      1,
      0,
      1,
      0,
      0,
      0
    ],
    [
      0,
      0,
      0,
      1,
      0,
      1,
      0,
      0
    ],
    [
      0,
      0,
      0,
      0,
      1,
      0,
      1,
      0
    ],
    [
      0,
      0,
      0,
      0,
      0,
      1,
      0,
      1
    ],
    [
      0,
      0,
      0,
      0,
      0,
      0,
      1,
      0
    ]
  ],
  "dh_parameters": [
    [
      0.0,
      0.3003029347763804,
      0.0,
      1.5707963267948966
    ],
    [
      0.0,
      0.0,
      0.0,
      -1.5707963267948966
    ],
    [
      0.0,
      0.3079926760099432,
      0.0,
      1.5707963267948966
    ],
    [
      0.08337215719228976,
      0.0,
      0.0,
      1.5707963267948966
    ],
    [
      -0.08753815758706378,
      0.4074503334961514,
      0.0,
      -1.5707963267948966
    ],
    [
      0.0,
      0.0,
      0.0,
      1.5707963267948966
    ],
    [
      0.07990055039659615,
      0.09715180559586123,
      0.0,
      0.0
    ]
  ],
  "morphology_type": "link_scaling"
}