{
  "num_nodes": 8,
  "node_features": [
    [
      0.0,
      0.0,
      0.0,
      0.0,
      0
    ],
    [
      -2.979575812040612,
      3.0351103610987193,
      2.175,
      0.0,
      1
    ],
    [
      -3.034747866774174,
      2.908780053408896,
      2.175,
      0.0,
      1
    ],
    [
      -3.0217502661722553,
      2.9868697412294574,
      2.175,
      0.0,
      1
    ],
    [
      -3.0536175310259575,
      2.991672006885846,
      2.175,
      0.0,
      1
    ],
    [
      -2.97144983592816,
      2.934346711256768,
      2.175,
      0.0,
      1
    ],
    [
      -3.047595605592023,
      3.0680912606262902,
      2.175,
      0.0,
      1
    ],
    [
      -2.927200854835867,
      3.0267913736298624,
      2.175,
      0.0,
      2
    ]
  ],
  "adjacency_matrix": [
    [
      0,
      1,
      0,
      0,
      0,
      0,
      0,
      0
    ],
    [
      1,
      0,
      1,
      0,
      0,
      0,
      0,
      0
    ],
    [
      0,
      1,
      0,
      1,
      0,
      0,
      0,
      0
    ],
    [
      0,
      0,
      1,
      0,
      1,
      0,
      0,
      0
    ],
    [
      0,
      0,
      0,
      1,
      0,
      1,
      0,
      0
    ],
    [
      0,
      0,
      0,
      0,
      1,
      0,
      1,
      0
    ],
    [
      0,
      0,
      0,
      0,
      0,
      1,
      0,
      1
    ],
    [
      0,
      0,
      0,
      0,
      0,
      0,
      1,
      0
    ]
  ],
  "dh_parameters": [
    [
      0.0,
      0.31120069705332576,
      0.0,
      1.5707963267948966
    ],
    [
      0.0,
      0.0,
      0.0,
      -1.5707963267948966
    ],
    [
      0.0,
      0.322441043572974,
      0.0,
      1.5707963267948966
    ],
    [
      0.08288513823737455,
      0.0,
      0.0,
      1.5707963267948966
    ],
    [
      -0.08902580790708266,
      0.4143746695311484,
      0.0,
      -1.5707963267948966
    ],
    [
      0.0,
      0.0,
      0.0,
      1.5707963267948966
    ],
    [
      0.08975510806627282,
      0.109134051853309,
      0.0,
      0.0
    ]
  ],
  "morphology_type": "link_scaling"
}