{
  "num_nodes": 8,
  "node_features": [
    [
      0.0,
      0.0,
      0.0,
      0.0,
      0
    ],
    [
      -2.921631212580141,
      2.934746423139295,
      2.175,
      0.0,
      1
    ],
    [
      -2.9389772300067296,
      2.999839470259029,
      2.175,
      0.0,
      1
    ],
    [
      -3.0653208402426424,
      3.0091042083507116,
      2.175,
      0.0,
      1
    ],
    [
      -2.9570834924267664,
      3.025900894723889,
      2.175,
      0.0,
      1
    ],
    [
      -3.034611335730807,
      2.9786338813540048,
      2.175,
      0.0,
      1
    ],
    [
      -2.9710288734495283,
      2.9280375553897695,
      2.175,
      0.0,
      1
    ],
    [
      -2.932281729936377,
      2.9333713344101873,
      2.175,
      0.0,
      2
    ]
  ],
  "adjacency_matrix": [
    [
      0,
      1,
      0,
      0,
      0,
      0,
      0,
      0
    ],
    [
      1,
      0,
      1,
      0,
      0,
      0,
      0,
      0
    ],
    [
      0,
      1,
      0,
      1,
      0,
      0,
      0,
      0
    ],
    [
      0,
      0,
      1,
      0,
      1,
      0,
      0,
      0
    ],
    [
      0,
      0,
      0,
      1,
      0,
      1,
      0,
      0
    ],
    [
      0,
      0,
      0,
      0,
      1,
      0,
      1,
      0
    ],
    [
      0,
      0,
      0,
      0,
      0,
      1,
      0,
      1
    ],
    [
      0,
      0,
      0,
      0,
      0,
      0,
      1,
      0
    ]
  ],
  "dh_parameters": [
    [
      0.0,
      0.34950079958338715,
      0.0,
      1.5707963267948966
    ],
    [
      0.0,
      0.0,
      0.0,
      -1.5707963267948966
    ],
    [
      0.0,
      0.32913652877993654,
      0.0,
      1.5707963267948966
    ],
    [
      0.07780915793623325,
      0.0,
      0.0,
      1.5707963267948966
    ],
    [
      -0.07722196208474989,
      0.359433132612654,
      0.0,
      -1.5707963267948966
    ],
    [
      0.0,
      0.0,
      0.0,
      1.5707963267948966
    ],
    [
      0.0928159970101405,
      0.11285581454642084,
      0.0,
      0.0
    ]
  ],
  "morphology_type": "link_scaling"
}