{
  "num_nodes": 8,
  "node_features": [
    [
      0.0,
      0.0,
      0.0,
      0.0,
      0
    ],
    [
      -3.046936639904943,
      3.030282032821992,
      2.175,
      0.0,
      1
    ],
    [
      -2.92977141766567,
      2.9694364967212534,
      2.175,
      0.0,
      1
    ],
    [
      -2.954051406850813,
      2.9765697519755743,
      2.175,
      0.0,
      1
    ],
    [
      -2.929600963559694,
      3.0642832815053964,
      2.175,
      0.0,
      1
    ],
    [
      -3.0538878358094528,
      3.034549494564567,
      2.175,
      0.0,
      1
    ],
    [
      -3.001357150926923,
      2.978478881781099,
      2.175,
      0.0,
      1
    ],
    [
      -3.037713913349372,
      3.0100264557124077,
      2.175,
      0.0,
      2
    ]
  ],
  "adjacency_matrix": [
    [
      0,
      1,
      0,
      0,
      0,
      0,
      0,
      0
    ],
    [
      1,
      0,
      1,
      0,
      0,
      0,
      0,
      0
    ],
    [
      0,
      1,
      0,
      1,
      0,
      0,
      0,
      0
    ],
    [
      0,
      0,
      1,
      0,
      1,
      0,
      0,
      0
    ],
    [
      0,
      0,
      0,
      1,
      0,
      1,
      0,
      0
    ],
    [
      0,
      0,
      0,
      0,
      1,
      0,
      1,
      0
    ],
    [
      0,
      0,
      0,
      0,
      0,
      1,
      0,
      1
    ],
    [
      0,
      0,
      0,
      0,
      0,
      0,
      1,
      0
    ]
  ],
  "dh_parameters": [
    [
      0.0,
      0.3004163055720886,
      0.0,
      1.5707963267948966
    ],
    [
      0.0,
      0.0,
      0.0,
      -1.5707963267948966
    ],
    [
      0.0,
      0.3217086055039406,
      0.0,
      1.5707963267948966
    ],
    [
      0.07537403495506448,
      0.0,
      0.0,
      1.5707963267948966
    ],
    [
      -0.07427387180592883,
      0.34571111240577784,
      0.0,
      -1.5707963267948966
    ],
    [
      0.0,
      0.0,
      0.0,
      1.5707963267948966
    ],
    [
      0.09032931099438643,
      0.10983223041362895,
      0.0,
      0.0
    ]
  ],
  "morphology_type": "link_scaling"
}