{
  "num_nodes": 8,
  "node_features": [
    [
      0.0,
      0.0,
      0.0,
      0.0,
      0
    ],
    [
      -2.9219824505975787,
      3.019342719984945,
      2.175,
      0.0,
      1
    ],
    [
      -2.961842378166862,
      2.9758324690301565,
      2.175,
      0.0,
      1
    ],
    [
      -2.9283509271791828,
      2.9725102160504138,
      2.175,
      0.0,
      1
    ],
    [
      -2.929645639409886,
      2.952292124284162,
      2.175,
      0.0,
      1
    ],
    [
      -2.9743203157948717,
      2.924326446498328,
      2.175,
      0.0,
      1
    ],
    [
      -2.9817833538068172,
      3.0637149562409394,
      2.175,
      0.0,
      1
    ],
    [
      -2.9478565983181197,
      2.9992537754698443,
      2.175,
      0.0,
      2
    ]
  ],
  "adjacency_matrix": [
    [
      0,
      1,
      0,
      0,
      0,
      0,
      0,
      0
    ],
    [
      1,
      0,
      1,
      0,
      0,
      0,
      0,
      0
    ],
    [
      0,
      1,
      0,
      1,
      0,
      0,
      0,
      0
    ],
    [
      0,
      0,
      1,
      0,
      1,
      0,
      0,
      0
    ],
    [
      0,
      0,
      0,
      1,
      0,
      1,
      0,
      0
    ],
    [
      0,
      0,
      0,
      0,
      1,
      0,
      1,
      0
    ],
    [
      0,
      0,
      0,
      0,
      0,
      1,
      0,
      1
    ],
    [
      0,
      0,
      0,
      0,
      0,
      0,
      1,
      0
    ]
  ],
  "dh_parameters": [
    [
      0.0,
      0.35402963551634925,
      0.0,
      1.5707963267948966
    ],
    [
      0.0,
      0.0,
      0.0,
      -1.5707963267948966
    ],
    [
      0.0,
      0.3277871386794399,
      0.0,
      1.5707963267948966
    ],
    [
      0.07832082186411858,
      0.0,
      0.0,
      1.5707963267948966
    ],
    [
      -0.07804861109358412,
      0.36328080799922785,
      0.0,
      -1.5707963267948966
    ],
    [
      0.0,
      0.0,
      0.0,
      1.5707963267948966
    ],
    [
      0.08900433019194555,
      0.10822117421066108,
      0.0,
      0.0
    ]
  ],
  "morphology_type": "link_scaling"
}