{
  "num_nodes": 8,
  "node_features": [
    [
      0.0,
      0.0,
      0.0,
      0.0,
      0
    ],
    [
      -3.0004688831494386,
      3.0104526320982097,
      2.175,
      0.0,
      1
    ],
    [
      -2.940811823292006,
      2.9144605403291317,
      2.175,
      0.0,
      1
    ],
    [
      -2.9426718919844537,
      2.99013035307732,
      2.175,
      0.0,
      1
    ],
    [
      -2.9186216060917007,
      3.0455025866652274,
      2.175,
      0.0,
      1
    ],
    [
      -3.0077145537867014,
      2.945384852923248,
      2.175,
      0.0,
      1
    ],
    [
      -2.970214475230713,
      3.0482988243054034,
      2.175,
      0.0,
      1
    ],
    [
      -2.9089469029266284,
      2.9094102657348,
      2.175,
      0.0,
      2
    ]
  ],
  "adjacency_matrix": [
    [
      0,
      1,
      0,
      0,
      0,
      0,
      0,
      0
    ],
    [
      1,
      0,
      1,
      0,
      0,
      0,
      0,
      0
    ],
    [
      0,
      1,
      0,
      1,
      0,
      0,
      0,
      0
    ],
    [
      0,
      0,
      1,
      0,
      1,
      0,
      0,
      0
    ],
    [
      0,
      0,
      0,
      1,
      0,
      1,
      0,
      0
    ],
    [
      0,
      0,
      0,
      0,
      1,
      0,
      1,
      0
    ],
    [
      0,
      0,
      0,
      0,
      0,
      1,
      0,
      1
    ],
    [
      0,
      0,
      0,
      0,
      0,
      0,
      1,
      0
    ]
  ],
  "dh_parameters": [
    [
      0.0,
      0.3044622982846463,
      0.0,
      1.5707963267948966
    ],
    [
      0.0,
      0.0,
      0.0,
      -1.5707963267948966
    ],
    [
      0.0,
      0.28844710385984307,
      0.0,
      1.5707963267948966
    ],
    [
      0.0907495477006914,
      0.0,
      0.0,
      1.5707963267948966
    ],
    [
      -0.08003788617357338,
      0.3725399792806324,
      0.0,
      -1.5707963267948966
    ],
    [
      0.0,
      0.0,
      0.0,
      1.5707963267948966
    ],
    [
      0.09520689774812803,
      0.11576293248920114,
      0.0,
      0.0
    ]
  ],
  "morphology_type": "link_scaling"
}