{
  "num_nodes": 8,
  "node_features": [
    [
      0.0,
      0.0,
      0.0,
      0.0,
      0
    ],
    [
      -3.0404107141532934,
      3.015012705950814,
      2.175,
      0.0,
      1
    ],
    [
      -2.967379363819563,
      2.9077096366340243,
      2.175,
      0.0,
      1
    ],
    [
      -2.9326908475682494,
      2.9921072558449193,
      2.175,
      0.0,
      1
    ],
    [
      -2.9776789175825304,
      3.0522381586622824,
      2.175,
      0.0,
      1
    ],
    [
      -2.9760369750304294,
      2.937610771313052,
      2.175,
      0.0,
      1
    ],
    [
      -2.908728547949426,
      2.9701932663720747,
      2.175,
      0.0,
      1
    ],
    [
      -2.9030443210343413,
      2.9334423188005876,
      2.175,
      0.0,
      2
    ]
  ],
  "adjacency_matrix": [
    [
      0,
      1,
      0,
      0,
      0,
      0,
      0,
      0
    ],
    [
      1,
      0,
      1,
      0,
      0,
      0,
      0,
      0
    ],
    [
      0,
      1,
      0,
      1,
      0,
      0,
      0,
      0
    ],
    [
      0,
      0,
      1,
      0,
      1,
      0,
      0,
      0
    ],
    [
      0,
      0,
      0,
      1,
      0,
      1,
      0,
      0
    ],
    [
      0,
      0,
      0,
      0,
      1,
      0,
      1,
      0
    ],
    [
      0,
      0,
      0,
      0,
      0,
      1,
      0,
      1
    ],
    [
      0,
      0,
      0,
      0,
      0,
      0,
      1,
      0
    ]
  ],
  "dh_parameters": [
    [
      0.0,
      0.33087523198505325,
      0.0,
      1.5707963267948966
    ],
    [
      0.0,
      0.0,
      0.0,
      -1.5707963267948966
    ],
    [
      0.0,
      0.30269717803023705,
      0.0,
      1.5707963267948966
    ],
    [
      0.07767577185751222,
      0.0,
      0.0,
      1.5707963267948966
    ],
    [
      -0.0767320660523492,
      0.35715288926184346,
      0.0,
      -1.5707963267948966
    ],
    [
      0.0,
      0.0,
      0.0,
      1.5707963267948966
    ],
    [
      0.08833887837053225,
      0.10741204529144263,
      0.0,
      0.0
    ]
  ],
  "morphology_type": "link_scaling"
}