{
  "num_nodes": 8,
  "node_features": [
    [
      0.0,
      0.0,
      0.0,
      0.0,
      0
    ],
    [
      -2.9056126333872934,
      3.0576505442104196,
      2.175,
      0.0,
      1
    ],
    [
      -2.996583556311654,
      3.0526251717122403,
      2.175,
      0.0,
      1
    ],
    [
      -2.9929432587846496,
      3.020198790485517,
      2.175,
      0.0,
      1
    ],
    [
      -2.9298565103628986,
      3.051847185584554,
      2.175,
      0.0,
      1
    ],
    [
      -3.024485304597066,
      2.9686751219017844,
      2.175,
      0.0,
      1
    ],
    [
      -2.9051713097281975,
      3.0334168495707927,
      2.175,
      0.0,
      1
    ],
    [
      -3.0551195594501315,
      3.012978586789689,
      2.175,
      0.0,
      2
    ]
  ],
  "adjacency_matrix": [
    [
      0,
      1,
      0,
      0,
      0,
      0,
      0,
      0
    ],
    [
      1,
      0,
      1,
      0,
      0,
      0,
      0,
      0
    ],
    [
      0,
      1,
      0,
      1,
      0,
      0,
      0,
      0
    ],
    [
      0,
      0,
      1,
      0,
      1,
      0,
      0,
      0
    ],
    [
      0,
      0,
      0,
      1,
      0,
      1,
      0,
      0
    ],
    [
      0,
      0,
      0,
      0,
      1,
      0,
      1,
      0
    ],
    [
      0,
      0,
      0,
      0,
      0,
      1,
      0,
      1
    ],
    [
      0,
      0,
      0,
      0,
      0,
      0,
      1,
      0
    ]
  ],
  "dh_parameters": [
    [
      0.0,
      0.32690122276029077,
      0.0,
      1.5707963267948966
    ],
    [
      0.0,
      0.0,
      0.0,
      -1.5707963267948966
    ],
    [
      0.0,
      0.30687674047121216,
      0.0,
      1.5707963267948966
    ],
    [
      0.08147334423573843,
      0.0,
      0.0,
      1.5707963267948966
    ],
    [
      -0.07940247206221847,
      0.36958241541687137,
      0.0,
      -1.5707963267948966
    ],
    [
      0.0,
      0.0,
      0.0,
      1.5707963267948966
    ],
    [
      0.0961109279352124,
      0.11686215101213326,
      0.0,
      0.0
    ]
  ],
  "morphology_type": "link_scaling"
}