{
  "num_nodes": 8,
  "node_features": [
    [
      0.0,
      0.0,
      0.0,
      0.0,
      0
    ],
    [
      -3.017231261806624,
      2.981759198820822,
      2.175,
      0.0,
      1
    ],
    [
      -2.9312501961814252,
      2.95872761339612,
      2.175,
      0.0,
      1
    ],
    [
      -3.004882675016922,
      3.049704945310334,
      2.175,
      0.0,
      1
    ],
    [
      -2.97427109573269,
      3.0543756224991263,
      2.175,
      0.0,
      1
    ],
    [
      -2.9309717456532143,
      3.051597644752668,
      2.175,
      0.0,
      1
    ],
    [
      -3.0001663959043814,
      2.967057615186724,
      2.175,
      0.0,
      1
    ],
    [
      -2.9473013451266192,
      3.006576376075132,
      2.175,
      0.0,
      2
    ]
  ],
  "adjacency_matrix": [
    [
      0,
      1,
      0,
      0,
      0,
      0,
      0,
      0
    ],
    [
      1,
      0,
      1,
      0,
      0,
      0,
      0,
      0
    ],
    [
      0,
      1,
      0,
      1,
      0,
      0,
      0,
      0
    ],
    [
      0,
      0,
      1,
      0,
      1,
      0,
      0,
      0
    ],
    [
      0,
      0,
      0,
      1,
      0,
      1,
      0,
      0
    ],
    [
      0,
      0,
      0,
      0,
      1,
      0,
      1,
      0
    ],
    [
      0,
      0,
      0,
      0,
      0,
      1,
      0,
      1
    ],
    [
      0,
      0,
      0,
      0,
      0,
      0,
      1,
      0
    ]
  ],
  "dh_parameters": [
    [
      0.0,
      0.35931422144026326,
      0.0,
      1.5707963267948966
    ],
    [
      0.0,
      0.0,
      0.0,
      -1.5707963267948966
    ],
    [
      0.0,
      0.297696611727544,
      0.0,
      1.5707963267948966
    ],
    [
      0.08241536649619399,
      0.0,
      0.0,
      1.5707963267948966
    ],
    [
      -0.08163670072187176,
      0.37998173426907583,
      0.0,
      -1.5707963267948966
    ],
    [
      0.0,
      0.0,
      0.0,
      1.5707963267948966
    ],
    [
      0.08375397413844445,
      0.1018372185546995,
      0.0,
      0.0
    ]
  ],
  "morphology_type": "link_scaling"
}