{
  "num_nodes": 8,
  "node_features": [
    [
      0.0,
      0.0,
      0.0,
      0.0,
      0
    ],
    [
      -2.9760160618949723,
      3.0657605326931003,
      2.175,
      0.0,
      1
    ],
    [
      -3.0355153689228933,
      2.949289441657702,
      2.175,
      0.0,
      1
    ],
    [
      -2.9294229949141446,
      2.9851714137802245,
      2.175,
      0.0,
      1
    ],
    [
      -3.047626950976997,
      2.900232012848698,
      2.175,
      0.0,
      1
    ],
    [
      -3.054825615737899,
      3.0232713022388737,
      2.175,
      0.0,
      1
    ],
    [
      -3.06535540085528,
      3.067001150385594,
      2.175,
      0.0,
      1
    ],
    [
      -3.055267967187475,
      2.9196167439354843,
      2.175,
      0.0,
      2
    ]
  ],
  "adjacency_matrix": [
    [
      0,
      1,
      0,
      0,
      0,
      0,
      0,
      0
    ],
    [
      1,
      0,
      1,
      0,
      0,
      0,
      0,
      0
    ],
    [
      0,
      1,
      0,
      1,
      0,
      0,
      0,
      0
    ],
    [
      0,
      0,
      1,
      0,
      1,
      0,
      0,
      0
    ],
    [
      0,
      0,
      0,
      1,
      0,
      1,
      0,
      0
    ],
    [
      0,
      0,
      0,
      0,
      1,
      0,
      1,
      0
    ],
    [
      0,
      0,
      0,
      0,
      0,
      1,
      0,
      1
    ],
    [
      0,
      0,
      0,
      0,
      0,
      0,
      1,
      0
    ]
  ],
  "dh_parameters": [
    [
      0.0,
      0.319598057904487,
      0.0,
      1.5707963267948966
    ],
    [
      0.0,
      0.0,
      0.0,
      -1.5707963267948966
    ],
    [
      0.0,
      0.3366454423215073,
      0.0,
      1.5707963267948966
    ],
    [
      0.08266311996383628,
      0.0,
      0.0,
      1.5707963267948966
    ],
    [
      -0.08972450005016308,
      0.41762676386985,
      0.0,
      -1.5707963267948966
    ],
    [
      0.0,
      0.0,
      0.0,
      1.5707963267948966
    ],
    [
      0.08407473549094753,
      0.10222723519922029,
      0.0,
      0.0
    ]
  ],
  "morphology_type": "link_scaling"
}