{
  "num_nodes": 8,
  "node_features": [
    [
      0.0,
      0.0,
      0.0,
      0.0,
      0
    ],
    [
      -3.0102393660872218,
      2.9467195932102084,
      2.175,
      0.0,
      1
    ],
    [
      -3.008754177140565,
      2.9426830371533983,
      2.175,
      0.0,
      1
    ],
    [
      -2.929477281373106,
      3.037410918640247,
      2.175,
      0.0,
      1
    ],
    [
      -2.974368107937131,
      3.0497328531892585,
      2.175,
      0.0,
      1
    ],
    [
      -2.9163942122419964,
      2.9374249448212963,
      2.175,
      0.0,
      1
    ],
    [
      -3.064693808938166,
      3.0398574761441775,
      2.175,
      0.0,
      1
    ],
    [
      -3.062370681924796,
      2.9168495792492313,
      2.175,
      0.0,
      2
    ]
  ],
  "adjacency_matrix": [
    [
      0,
      1,
      0,
      0,
      0,
      0,
      0,
      0
    ],
    [
      1,
      0,
      1,
      0,
      0,
      0,
      0,
      0
    ],
    [
      0,
      1,
      0,
      1,
      0,
      0,
      0,
      0
    ],
    [
      0,
      0,
      1,
      0,
      1,
      0,
      0,
      0
    ],
    [
      0,
      0,
      0,
      1,
      0,
      1,
      0,
      0
    ],
    [
      0,
      0,
      0,
      0,
      1,
      0,
      1,
      0
    ],
    [
      0,
      0,
      0,
      0,
      0,
      1,
      0,
      1
    ],
    [
      0,
      0,
      0,
      0,
      0,
      0,
      1,
      0
    ]
  ],
  "dh_parameters": [
    [
      0.0,
      0.3268306222987706,
      0.0,
      1.5707963267948966
    ],
    [
      0.0,
      0.0,
      0.0,
      -1.5707963267948966
    ],
    [
      0.0,
      0.29096895624430485,
      0.0,
      1.5707963267948966
    ],
    [
      0.08513126411037192,
      0.0,
      0.0,
      1.5707963267948966
    ],
    [
      -0.07490813480435114,
      0.34866331836207076,
      0.0,
      -1.5707963267948966
    ],
    [
      0.0,
      0.0,
      0.0,
      1.5707963267948966
    ],
    [
      0.09578191723604985,
      0.11646210391201517,
      0.0,
      0.0
    ]
  ],
  "morphology_type": "link_scaling"
}