{
  "num_nodes": 8,
  "node_features": [
    [
      0.0,
      0.0,
      0.0,
      0.0,
      0
    ],
    [
      -3.0605012385413985,
      2.9270786966067472,
      2.175,
      0.0,
      1
    ],
    [
      -3.0376311757557235,
      3.027100857946844,
      2.175,
      0.0,
      1
    ],
    [
      -2.918551817206268,
      3.053222637972778,
      2.175,
      0.0,
      1
    ],
    [
      -2.954319015969026,
      3.027065298823138,
      2.175,
      0.0,
      1
    ],
    [
      -2.995141383189481,
      2.930969481768015,
      2.175,
      0.0,
      1
    ],
    [
      -3.055999652047587,
      2.9102544694004044,
      2.175,
      0.0,
      1
    ],
    [
      -3.0305433409002216,
      3.019311072213552,
      2.175,
      0.0,
      2
    ]
  ],
  "adjacency_matrix": [
    [
      0,
      1,
      0,
      0,
      0,
      0,
      0,
      0
    ],
    [
      1,
      0,
      1,
      0,
      0,
      0,
      0,
      0
    ],
    [
      0,
      1,
      0,
      1,
      0,
      0,
      0,
      0
    ],
    [
      0,
      0,
      1,
      0,
      1,
      0,
      0,
      0
    ],
    [
      0,
      0,
      0,
      1,
      0,
      1,
      0,
      0
    ],
    [
      0,
      0,
      0,
      0,
      1,
      0,
      1,
      0
    ],
    [
      0,
      0,
      0,
      0,
      0,
      1,
      0,
      1
    ],
    [
      0,
      0,
      0,
      0,
      0,
      0,
      1,
      0
    ]
  ],
  "dh_parameters": [
    [
      0.0,
      0.3610845355017464,
      0.0,
      1.5707963267948966
    ],
    [
      0.0,
      0.0,
      0.0,
      -1.5707963267948966
    ],
    [
      0.0,
      0.34669826898877026,
      0.0,
      1.5707963267948966
    ],
    [
      0.08111953383963424,
      0.0,
      0.0,
      1.5707963267948966
    ],
    [
      -0.07958175725348682,
      0.3704169064889568,
      0.0,
      -1.5707963267948966
    ],
    [
      0.0,
      0.0,
      0.0,
      1.5707963267948966
    ],
    [
      0.09650704281088704,
      0.11734379069051037,
      0.0,
      0.0
    ]
  ],
  "morphology_type": "link_scaling"
}