{
  "num_nodes": 8,
  "node_features": [
    [
      0.0,
      0.0,
      0.0,
      0.0,
      0
    ],
    [
      -3.0244659598651014,
      3.0119815500493954,
      2.175,
      0.0,
      1
    ],
    [
      -3.0457235682574275,
      2.9982769850206306,
      2.175,
      0.0,
      1
    ],
    [
      -3.0388643155676136,
      3.0177202025942527,
      2.175,
      0.0,
      1
    ],
    [
      -2.9504321115378733,
      2.95287290654747,
      2.175,
      0.0,
      1
    ],
    [
      -2.9867716847418704,
      3.0194879161315966,
      2.175,
      0.0,
      1
    ],
    [
      -2.9275979126967466,
      2.9424556102921278,
      2.175,
      0.0,
      1
    ],
    [
      -3.003767637413787,
      2.9491869143156633,
      2.175,
      0.0,
      2
    ]
  ],
  "adjacency_matrix": [
    [
      0,
      1,
      0,
      0,
      0,
      0,
      0,
      0
    ],
    [
      1,
      0,
      1,
      0,
      0,
      0,
      0,
      0
    ],
    [
      0,
      1,
      0,
      1,
      0,
      0,
      0,
      0
    ],
    [
      0,
      0,
      1,
      0,
      1,
      0,
      0,
      0
    ],
    [
      0,
      0,
      0,
      1,
      0,
      1,
      0,
      0
    ],
    [
      0,
      0,
      0,
      0,
      1,
      0,
      1,
      0
    ],
    [
      0,
      0,
      0,
      0,
      0,
      1,
      0,
      1
    ],
    [
      0,
      0,
      0,
      0,
      0,
      0,
      1,
      0
    ]
  ],
  "dh_parameters": [
    [
      0.0,
      0.3102444050319413,
      0.0,
      1.5707963267948966
    ],
    [
      0.0,
      0.0,
      0.0,
      -1.5707963267948966
    ],
    [
      0.0,
      0.3305575275570417,
      0.0,
      1.5707963267948966
    ],
    [
      0.08766804419752601,
      0.0,
      0.0,
      1.5707963267948966
    ],
    [
      -0.083916626388554,
      0.3905937519176332,
      0.0,
      -1.5707963267948966
    ],
    [
      0.0,
      0.0,
      0.0,
      1.5707963267948966
    ],
    [
      0.0828871603954079,
      0.10078325184441643,
      0.0,
      0.0
    ]
  ],
  "morphology_type": "link_scaling"
}