{
  "num_nodes": 8,
  "node_features": [
    [
      0.0,
      0.0,
      0.0,
      0.0,
      0
    ],
    [
      -3.0122498339990136,
      2.9373509384130205,
      2.175,
      0.0,
      1
    ],
    [
      -2.949711092077828,
      3.0204693136965597,
      2.175,
      0.0,
      1
    ],
    [
      -3.0556696095192284,
      2.987073864603251,
      2.175,
      0.0,
      1
    ],
    [
      -2.9544261059579893,
      2.9515655673364987,
      2.175,
      0.0,
      1
    ],
    [
      -2.949661925774261,
      2.9269266072393174,
      2.175,
      0.0,
      1
    ],
    [
      -2.93322340041247,
      2.9971857337499097,
      2.175,
      0.0,
      1
    ],
    [
      -2.9905396258825916,
      2.979094714216513,
      2.175,
      0.0,
      2
    ]
  ],
  "adjacency_matrix": [
    [
      0,
      1,
      0,
      0,
      0,
      0,
      0,
      0
    ],
    [
      1,
      0,
      1,
      0,
      0,
      0,
      0,
      0
    ],
    [
      0,
      1,
      0,
      1,
      0,
      0,
      0,
      0
    ],
    [
      0,
      0,
      1,
      0,
      1,
      0,
      0,
      0
    ],
    [
      0,
      0,
      0,
      1,
      0,
      1,
      0,
      0
    ],
    [
      0,
      0,
      0,
      0,
      1,
      0,
      1,
      0
    ],
    [
      0,
      0,
      0,
      0,
      0,
      1,
      0,
      1
    ],
    [
      0,
      0,
      0,
      0,
      0,
      0,
      1,
      0
    ]
  ],
  "dh_parameters": [
    [
      0.0,
      0.3015032959561758,
      0.0,
      1.5707963267948966
    ],
    [
      0.0,
      0.0,
      0.0,
      -1.5707963267948966
    ],
    [
      0.0,
      0.29266063389773694,
      0.0,
      1.5707963267948966
    ],
    [
      0.08525539518478673,
      0.0,
      0.0,
      1.5707963267948966
    ],
    [
      -0.07850268784429744,
      0.36539432887527534,
      0.0,
      -1.5707963267948966
    ],
    [
      0.0,
      0.0,
      0.0,
      1.5707963267948966
    ],
    [
      0.08636616332885226,
      0.10501340313849082,
      0.0,
      0.0
    ]
  ],
  "morphology_type": "link_scaling"
}