{
  "num_nodes": 8,
  "node_features": [
    [
      0.0,
      0.0,
      0.0,
      0.0,
      0
    ],
    [
      -2.946892111082725,
      3.064820601446465,
      2.175,
      0.0,
      1
    ],
    [
      -2.962270562620766,
      2.991010035505257,
      2.175,
      0.0,
      1
    ],
    [
      -2.977746600727165,
      2.9927274113266833,
      2.175,
      0.0,
      1
    ],
    [
      -2.9065580246453115,
      2.9004263857228954,
      2.175,
      0.0,
      1
    ],
    [
      -2.997162352480384,
      2.968022571900425,
      2.175,
      0.0,
      1
    ],
    [
      -3.024415714475596,
      2.998157115445068,
      2.175,
      0.0,
      1
    ],
    [
      -2.987401645295218,
      3.030961342360794,
      2.175,
      0.0,
      2
    ]
  ],
  "adjacency_matrix": [
    [
      0,
      1,
      0,
      0,
      0,
      0,
      0,
      0
    ],
    [
      1,
      0,
      1,
      0,
      0,
      0,
      0,
      0
    ],
    [
      0,
      1,
      0,
      1,
      0,
      0,
      0,
      0
    ],
    [
      0,
      0,
      1,
      0,
      1,
      0,
      0,
      0
    ],
    [
      0,
      0,
      0,
      1,
      0,
      1,
      0,
      0
    ],
    [
      0,
      0,
      0,
      0,
      1,
      0,
      1,
      0
    ],
    [
      0,
      0,
      0,
      0,
      0,
      1,
      0,
      1
    ],
    [
      0,
      0,
      0,
      0,
      0,
      0,
      1,
      0
    ]
  ],
  "dh_parameters": [
    [
      0.0,
      0.34263301335461255,
      0.0,
      1.5707963267948966
    ],
    [
      0.0,
      0.0,
      0.0,
      -1.5707963267948966
    ],
    [
      0.0,
      0.28933092924186454,
      0.0,
      1.5707963267948966
    ],
    [
      0.07754476406431625,
      0.0,
      0.0,
      1.5707963267948966
    ],
    [
      -0.08972250902639484,
      0.4176174965592196,
      0.0,
      -1.5707963267948966
    ],
    [
      0.0,
      0.0,
      0.0,
      1.5707963267948966
    ],
    [
      0.08698981892215761,
      0.10577171164398709,
      0.0,
      0.0
    ]
  ],
  "morphology_type": "link_scaling"
}