{
  "num_nodes": 8,
  "node_features": [
    [
      0.0,
      0.0,
      0.0,
      0.0,
      0
    ],
    [
      -3.007659549708578,
      2.984910118344669,
      2.175,
      0.0,
      1
    ],
    [
      -2.9852499745357512,
      3.0679815094476983,
      2.175,
      0.0,
      1
    ],
    [
      -3.048106523483697,
      3.041830530625435,
      2.175,
      0.0,
      1
    ],
    [
      -2.9071123419867573,
      3.026302516550312,
      2.175,
      0.0,
      1
    ],
    [
      -2.9275500043696634,
      3.066553104843395,
      2.175,
      0.0,
      1
    ],
    [
      -3.037107271876916,
      3.002936420230978,
      2.175,
      0.0,
      1
    ],
    [
      -3.0484016142854817,
      2.9133180876967835,
      2.175,
      0.0,
      2
    ]
  ],
  "adjacency_matrix": [
    [
      0,
      1,
      0,
      0,
      0,
      0,
      0,
      0
    ],
    [
      1,
      0,
      1,
      0,
      0,
      0,
      0,
      0
    ],
    [
      0,
      1,
      0,
      1,
      0,
      0,
      0,
      0
    ],
    [
      0,
      0,
      1,
      0,
      1,
      0,
      0,
      0
    ],
    [
      0,
      0,
      0,
      1,
      0,
      1,
      0,
      0
    ],
    [
      0,
      0,
      0,
      0,
      1,
      0,
      1,
      0
    ],
    [
      0,
      0,
      0,
      0,
      0,
      1,
      0,
      1
    ],
    [
      0,
      0,
      0,
      0,
      0,
      0,
      1,
      0
    ]
  ],
  "dh_parameters": [
    [
      0.0,
      0.2999139866354648,
      0.0,
      1.5707963267948966
    ],
    [
      0.0,
      0.0,
      0.0,
      -1.5707963267948966
    ],
    [
      0.0,
      0.3154714955054866,
      0.0,
      1.5707963267948966
    ],
    [
      0.08810855351476876,
      0.0,
      0.0,
      1.5707963267948966
    ],
    [
      -0.08375821389260012,
      0.3898564137546478,
      0.0,
      -1.5707963267948966
    ],
    [
      0.0,
      0.0,
      0.0,
      1.5707963267948966
    ],
    [
      0.08605579983122523,
      0.10463602934023977,
      0.0,
      0.0
    ]
  ],
  "morphology_type": "link_scaling"
}