{
  "num_nodes": 8,
  "node_features": [
    [
      0.0,
      0.0,
      0.0,
      0.0,
      0
    ],
    [
      -3.043351645148698,
      3.0557518884233947,
      2.175,
      0.0,
      1
    ],
    [
      -3.00063448426889,
      2.910907488279767,
      2.175,
      0.0,
      1
    ],
    [
      -3.0080697309948587,
      2.942654485344716,
      2.175,
      0.0,
      1
    ],
    [
      -2.958471860176723,
      3.0671722299393913,
      2.175,
      0.0,
      1
    ],
    [
      -2.9398223517823907,
      3.013828432736167,
      2.175,
      0.0,
      1
    ],
    [
      -3.060718619960073,
      2.954162397193006,
      2.175,
      0.0,
      1
    ],
    [
      -2.929110362099644,
      2.9340296761292515,
      2.175,
      0.0,
      2
    ]
  ],
  "adjacency_matrix": [
    [
      0,
      1,
      0,
      0,
      0,
      0,
      0,
      0
    ],
    [
      1,
      0,
      1,
      0,
      0,
      0,
      0,
      0
    ],
    [
      0,
      1,
      0,
      1,
      0,
      0,
      0,
      0
    ],
    [
      0,
      0,
      1,
      0,
      1,
      0,
      0,
      0
    ],
    [
      0,
      0,
      0,
      1,
      0,
      1,
      0,
      0
    ],
    [
      0,
      0,
      0,
      0,
      1,
      0,
      1,
      0
    ],
    [
      0,
      0,
      0,
      0,
      0,
      1,
      0,
      1
    ],
    [
      0,
      0,
      0,
      0,
      0,
      0,
      1,
      0
    ]
  ],
  "dh_parameters": [
    [
      0.0,
      0.3230247750492115,
      0.0,
      1.5707963267948966
    ],
    [
      0.0,
      0.0,
      0.0,
      -1.5707963267948966
    ],
    [
      0.0,
      0.33640595481407626,
      0.0,
      1.5707963267948966
    ],
    [
      0.08100583145532413,
      0.0,
      0.0,
      1.5707963267948966
    ],
    [
      -0.08269820057765795,
      0.3849225335978261,
      0.0,
      -1.5707963267948966
    ],
    [
      0.0,
      0.0,
      0.0,
      1.5707963267948966
    ],
    [
      0.09037340230352212,
      0.10988584143723712,
      0.0,
      0.0
    ]
  ],
  "morphology_type": "link_scaling"
}