{
  "num_nodes": 8,
  "node_features": [
    [
      0.0,
      0.0,
      0.0,
      0.0,
      0
    ],
    [
      -2.9361089681820562,
      2.9111265845664254,
      2.175,
      0.0,
      1
    ],
    [
      -3.0179915794063867,
      2.942624207951807,
      2.175,
      0.0,
      1
    ],
    [
      -2.9080263280999774,
      3.036750629514103,
      2.175,
      0.0,
      1
    ],
    [
      -2.9391288429471456,
      2.991717370924872,
      2.175,
      0.0,
      1
    ],
    [
      -3.057688852268743,
      3.067967543781578,
      2.175,
      0.0,
      1
    ],
    [
      -3.035498549327447,
      3.045129746677536,
      2.175,
      0.0,
      1
    ],
    [
      -2.9787785513968403,
      3.00230880258202,
      2.175,
      0.0,
      2
    ]
  ],
  "adjacency_matrix": [
    [
      0,
      1,
      0,
      0,
      0,
      0,
      0,
      0
    ],
    [
      1,
      0,
      1,
      0,
      0,
      0,
      0,
      0
    ],
    [
      0,
      1,
      0,
      1,
      0,
      0,
      0,
      0
    ],
    [
      0,
      0,
      1,
      0,
      1,
      0,
      0,
      0
    ],
    [
      0,
      0,
      0,
      1,
      0,
      1,
      0,
      0
    ],
    [
      0,
      0,
      0,
      0,
      1,
      0,
      1,
      0
    ],
    [
      0,
      0,
      0,
      0,
      0,
      1,
      0,
      1
    ],
    [
      0,
      0,
      0,
      0,
      0,
      0,
      1,
      0
    ]
  ],
  "dh_parameters": [
    [
      0.0,
      0.3273081459162942,
      0.0,
      1.5707963267948966
    ],
    [
      0.0,
      0.0,
      0.0,
      -1.5707963267948966
    ],
    [
      0.0,
      0.30286035764844804,
      0.0,
      1.5707963267948966
    ],
    [
      0.08116851885452431,
      0.0,
      0.0,
      1.5707963267948966
    ],
    [
      -0.08103325748508923,
      0.37717298029423346,
      0.0,
      -1.5707963267948966
    ],
    [
      0.0,
      0.0,
      0.0,
      1.5707963267948966
    ],
    [
      0.08867021906792183,
      0.10781492545758677,
      0.0,
      0.0
    ]
  ],
  "morphology_type": "link_scaling"
}