{
  "num_nodes": 8,
  "node_features": [
    [
      0.0,
      0.0,
      0.0,
      0.0,
      0
    ],
    [
      -3.0473799894163585,
      2.913767466858308,
      2.175,
      0.0,
      1
    ],
    [
      -3.024480893104867,
      2.9092753286427318,
      2.175,
      0.0,
      1
    ],
    [
      -2.996768081532118,
      2.928677126501512,
      2.175,
      0.0,
      1
    ],
    [
      -3.0540300034590753,
      3.0654844926585585,
      2.175,
      0.0,
      1
    ],
    [
      -3.025509112307196,
      3.039724380173123,
      2.175,
      0.0,
      1
    ],
    [
      -2.938585623470027,
      2.929261321135198,
      2.175,
      0.0,
      1
    ],
    [
      -2.922629106415443,
      2.999194693466586,
      2.175,
      0.0,
      2
    ]
  ],
  "adjacency_matrix": [
    [
      0,
      1,
      0,
      0,
      0,
      0,
      0,
      0
    ],
    [
      1,
      0,
      1,
      0,
      0,
      0,
      0,
      0
    ],
    [
      0,
      1,
      0,
      1,
      0,
      0,
      0,
      0
    ],
    [
      0,
      0,
      1,
      0,
      1,
      0,
      0,
      0
    ],
    [
      0,
      0,
      0,
      1,
      0,
      1,
      0,
      0
    ],
    [
      0,
      0,
      0,
      0,
      1,
      0,
      1,
      0
    ],
    [
      0,
      0,
      0,
      0,
      0,
      1,
      0,
      1
    ],
    [
      0,
      0,
      0,
      0,
      0,
      0,
      1,
      0
    ]
  ],
  "dh_parameters": [
    [
      0.0,
      0.3566287900371582,
      0.0,
      1.5707963267948966
    ],
    [
      0.0,
      0.0,
      0.0,
      -1.5707963267948966
    ],
    [
      0.0,
      0.291718086235768,
      0.0,
      1.5707963267948966
    ],
    [
      0.0900576327700115,
      0.0,
      0.0,
      1.5707963267948966
    ],
    [
      -0.08695563008300039,
      0.4047389327499654,
      0.0,
      -1.5707963267948966
    ],
    [
      0.0,
      0.0,
      0.0,
      1.5707963267948966
    ],
    [
      0.08738553195080341,
      0.10625286271290871,
      0.0,
      0.0
    ]
  ],
  "morphology_type": "link_scaling"
}