{
  "num_nodes": 8,
  "node_features": [
    [
      0.0,
      0.0,
      0.0,
      0.0,
      0
    ],
    [
      -2.9875911169520903,
      2.9246078886929707,
      2.175,
      0.0,
      1
    ],
    [
      -3.0322336325159327,
      3.064141115814569,
      2.175,
      0.0,
      1
    ],
    [
      -3.0600741231325648,
      3.041696427204522,
      2.175,
      0.0,
      1
    ],
    [
      -2.9397152109234477,
      3.0634082466616186,
      2.175,
      0.0,
      1
    ],
    [
      -2.929437025685005,
      2.9057621019633513,
      2.175,
      0.0,
      1
    ],
    [
      -2.908776118885338,
      2.9059198381300386,
      2.175,
      0.0,
      1
    ],
    [
      -3.0577541860817,
      2.9763368570792452,
      2.175,
      0.0,
      2
    ]
  ],
  "adjacency_matrix": [
    [
      0,
      1,
      0,
      0,
      0,
      0,
      0,
      0
    ],
    [
      1,
      0,
      1,
      0,
      0,
      0,
      0,
      0
    ],
    [
      0,
      1,
      0,
      1,
      0,
      0,
      0,
      0
    ],
    [
      0,
      0,
      1,
      0,
      1,
      0,
      0,
      0
    ],
    [
      0,
      0,
      0,
      1,
      0,
      1,
      0,
      0
    ],
    [
      0,
      0,
      0,
      0,
      1,
      0,
      1,
      0
    ],
    [
      0,
      0,
      0,
      0,
      0,
      1,
      0,
      1
    ],
    [
      0,
      0,
      0,
      0,
      0,
      0,
      1,
      0
    ]
  ],
  "dh_parameters": [
    [
      0.0,
      0.3518290881060686,
      0.0,
      1.5707963267948966
    ],
    [
      0.0,
      0.0,
      0.0,
      -1.5707963267948966
    ],
    [
      0.0,
      0.33552623211907345,
      0.0,
      1.5707963267948966
    ],
    [
      0.0787130251793802,
      0.0,
      0.0,
      1.5707963267948966
    ],
    [
      -0.07624256480456786,
      0.35487448345398853,
      0.0,
      -1.5707963267948966
    ],
    [
      0.0,
      0.0,
      0.0,
      1.5707963267948966
    ],
    [
      0.08896473400345227,
      0.10817302884510674,
      0.0,
      0.0
    ]
  ],
  "morphology_type": "link_scaling"
}