{
  "num_nodes": 8,
  "node_features": [
    [
      0.0,
      0.0,
      0.0,
      0.0,
      0
    ],
    [
      -2.9276096598382377,
      2.926507895783262,
      2.175,
      0.0,
      1
    ],
    [
      -3.0390814225301934,
      2.934071464082821,
      2.175,
      0.0,
      1
    ],
    [
      -3.0456984920584276,
      2.9467976471915467,
      2.175,
      0.0,
      1
    ],
    [
      -2.902216901430783,
      2.9865900528379954,
      2.175,
      0.0,
      1
    ],
    [
      -3.00629038693059,
      2.9545043695537263,
      2.175,
      0.0,
      1
    ],
    [
      -2.921885068886367,
      2.951100985235754,
      2.175,
      0.0,
      1
    ],
    [
      -3.0170941131662254,
      2.952480988231991,
      2.175,
      0.0,
      2
    ]
  ],
  "adjacency_matrix": [
    [
      0,
      1,
      0,
      0,
      0,
      0,
      0,
      0
    ],
    [
      1,
      0,
      1,
      0,
      0,
      0,
      0,
      0
    ],
    [
      0,
      1,
      0,
      1,
      0,
      0,
      0,
      0
    ],
    [
      0,
      0,
      1,
      0,
      1,
      0,
      0,
      0
    ],
    [
      0,
      0,
      0,
      1,
      0,
      1,
      0,
      0
    ],
    [
      0,
      0,
      0,
      0,
      1,
      0,
      1,
      0
    ],
    [
      0,
      0,
      0,
      0,
      0,
      1,
      0,
      1
    ],
    [
      0,
      0,
      0,
      0,
      0,
      0,
      1,
      0
    ]
  ],
  "dh_parameters": [
    [
      0.0,
      0.3172503757072749,
      0.0,
      1.5707963267948966
    ],
    [
      0.0,
      0.0,
      0.0,
      -1.5707963267948966
    ],
    [
      0.0,
      0.3153183523677607,
      0.0,
      1.5707963267948966
    ],
    [
      0.08043081974810487,
      0.0,
      0.0,
      1.5707963267948966
    ],
    [
      -0.0839878961973436,
      0.3909254804821811,
      0.0,
      -1.5707963267948966
    ],
    [
      0.0,
      0.0,
      0.0,
      1.5707963267948966
    ],
    [
      0.09214241048752239,
      0.11203679457005564,
      0.0,
      0.0
    ]
  ],
  "morphology_type": "link_scaling"
}