{
  "num_nodes": 8,
  "node_features": [
    [
      0.0,
      0.0,
      0.0,
      0.0,
      0
    ],
    [
      -3.0601281706084538,
      2.9078361136644975,
      2.175,
      0.0,
      1
    ],
    [
      -3.014880191204784,
      2.983781015576138,
      2.175,
      0.0,
      1
    ],
    [
      -2.9315697399544254,
      3.0024231015903284,
      2.175,
      0.0,
      1
    ],
    [
      -3.006677711640898,
      3.0587726448325516,
      2.175,
      0.0,
      1
    ],
    [
      -2.9600017703668975,
      3.0670181965949848,
      2.175,
      0.0,
      1
    ],
    [
      -3.000232447371822,
      2.9176787574131904,
      2.175,
      0.0,
      1
    ],
    [
      -2.900887759674727,
      3.034721396166275,
      2.175,
      0.0,
      2
    ]
  ],
  "adjacency_matrix": [
    [
      0,
      1,
      0,
      0,
      0,
      0,
      0,
      0
    ],
    [
      1,
      0,
      1,
      0,
      0,
      0,
      0,
      0
    ],
    [
      0,
      1,
      0,
      1,
      0,
      0,
      0,
      0
    ],
    [
      0,
      0,
      1,
      0,
      1,
      0,
      0,
      0
    ],
    [
      0,
      0,
      0,
      1,
      0,
      1,
      0,
      0
    ],
    [
      0,
      0,
      0,
      0,
      1,
      0,
      1,
      0
    ],
    [
      0,
      0,
      0,
      0,
      0,
      1,
      0,
      1
    ],
    [
      0,
      0,
      0,
      0,
      0,
      0,
      1,
      0
    ]
  ],
  "dh_parameters": [
    [
      0.0,
      0.3454589887423079,
      0.0,
      1.5707963267948966
    ],
    [
      0.0,
      0.0,
      0.0,
      -1.5707963267948966
    ],
    [
      0.0,
      0.3048913038784606,
      0.0,
      1.5707963267948966
    ],
    [
      0.08916773740840754,
      0.0,
      0.0,
      1.5707963267948966
    ],
    [
      -0.07588108329452117,
      0.35319195133449854,
      0.0,
      -1.5707963267948966
    ],
    [
      0.0,
      0.0,
      0.0,
      1.5707963267948966
    ],
    [
      0.07949034317660504,
      0.0966530309079175,
      0.0,
      0.0
    ]
  ],
  "morphology_type": "link_scaling"
}