{
  "num_nodes": 8,
  "node_features": [
    [
      0.0,
      0.0,
      0.0,
      0.0,
      0
    ],
    [
      -3.007243139085011,
      2.90711720075556,
      2.175,
      0.0,
      1
    ],
    [
      -3.0553452909927774,
      2.9792942993835814,
      2.175,
      0.0,
      1
    ],
    [
      -2.9653165020587,
      2.9957133017271658,
      2.175,
      0.0,
      1
    ],
    [
      -2.9614999847316525,
      2.9040569986639047,
      2.175,
      0.0,
      1
    ],
    [
      -2.911289744584319,
      2.939788422613768,
      2.175,
      0.0,
      1
    ],
    [
      -2.9122708871454317,
      2.9022799023314687,
      2.175,
      0.0,
      1
    ],
    [
      -2.9842005551201485,
      2.9334386502532546,
      2.175,
      0.0,
      2
    ]
  ],
  "adjacency_matrix": [
    [
      0,
      1,
      0,
      0,
      0,
      0,
      0,
      0
    ],
    [
      1,
      0,
      1,
      0,
      0,
      0,
      0,
      0
    ],
    [
      0,
      1,
      0,
      1,
      0,
      0,
      0,
      0
    ],
    [
      0,
      0,
      1,
      0,
      1,
      0,
      0,
      0
    ],
    [
      0,
      0,
      0,
      1,
      0,
      1,
      0,
      0
    ],
    [
      0,
      0,
      0,
      0,
      1,
      0,
      1,
      0
    ],
    [
      0,
      0,
      0,
      0,
      0,
      1,
      0,
      1
    ],
    [
      0,
      0,
      0,
      0,
      0,
      0,
      1,
      0
    ]
  ],
  "dh_parameters": [
    [
      0.0,
      0.33736944998531354,
      0.0,
      1.5707963267948966
    ],
    [
      0.0,
      0.0,
      0.0,
      -1.5707963267948966
    ],
    [
      0.0,
      0.3475875994788242,
      0.0,
      1.5707963267948966
    ],
    [
      0.07910852054205067,
      0.0,
      0.0,
      1.5707963267948966
    ],
    [
      -0.08529162314735972,
      0.39699373683134703,
      0.0,
      -1.5707963267948966
    ],
    [
      0.0,
      0.0,
      0.0,
      1.5707963267948966
    ],
    [
      0.07961462616909629,
      0.096804147728333,
      0.0,
      0.0
    ]
  ],
  "morphology_type": "link_scaling"
}