{
  "num_nodes": 8,
  "node_features": [
    [
      0.0,
      0.0,
      0.0,
      0.0,
      0
    ],
    [
      -3.0511429693341205,
      2.9583157825388002,
      2.175,
      0.0,
      1
    ],
    [
      -3.0469728279484825,
      2.9737283991515526,
      2.175,
      0.0,
      1
    ],
    [
      -3.061569401749733,
      3.043451532594845,
      2.175,
      0.0,
      1
    ],
    [
      -3.031825811438659,
      3.0488976869060296,
      2.175,
      0.0,
      1
    ],
    [
      -2.9846547954215317,
      2.952904576265261,
      2.175,
      0.0,
      1
    ],
    [
      -2.99585609670263,
      2.902741554981332,
      2.175,
      0.0,
      1
    ],
    [
      -2.964465085135682,
      3.0522800294388945,
      2.175,
      0.0,
      2
    ]
  ],
  "adjacency_matrix": [
    [
      0,
      1,
      0,
      0,
      0,
      0,
      0,
      0
    ],
    [
      1,
      0,
      1,
      0,
      0,
      0,
      0,
      0
    ],
    [
      0,
      1,
      0,
      1,
      0,
      0,
      0,
      0
    ],
    [
      0,
      0,
      1,
      0,
      1,
      0,
      0,
      0
    ],
    [
      0,
      0,
      0,
      1,
      0,
      1,
      0,
      0
    ],
    [
      0,
      0,
      0,
      0,
      1,
      0,
      1,
      0
    ],
    [
      0,
      0,
      0,
      0,
      0,
      1,
      0,
      1
    ],
    [
      0,
      0,
      0,
      0,
      0,
      0,
      1,
      0
    ]
  ],
  "dh_parameters": [
    [
      0.0,
      0.3204355716179387,
      0.0,
      1.5707963267948966
    ],
    [
      0.0,
      0.0,
      0.0,
      -1.5707963267948966
    ],
    [
      0.0,
      0.30935046025061147,
      0.0,
      1.5707963267948966
    ],
    [
      0.08115671574221171,
      0.0,
      0.0,
      1.5707963267948966
    ],
    [
      -0.08800680182377822,
      0.40963165939794954,
      0.0,
      -1.5707963267948966
    ],
    [
      0.0,
      0.0,
      0.0,
      1.5707963267948966
    ],
    [
      0.09275658278564529,
      0.1127835722507278,
      0.0,
      0.0
    ]
  ],
  "morphology_type": "link_scaling"
}