{
  "num_nodes": 8,
  "node_features": [
    [
      0.0,
      0.0,
      0.0,
      0.0,
      0
    ],
    [
      -2.9931646228332993,
      2.908530155522331,
      2.175,
      0.0,
      1
    ],
    [
      -2.942775501413252,
      3.061273440793354,
      2.175,
      0.0,
      1
    ],
    [
      -2.9937396606006925,
      3.0495644266858557,
      2.175,
      0.0,
      1
    ],
    [
      -2.9458427082201544,
      3.047526248718946,
      2.175,
      0.0,
      1
    ],
    [
      -3.039231601337957,
      3.0079570217963423,
      2.175,
      0.0,
      1
    ],
    [
      -2.927124374286001,
      3.0066152664123993,
      2.175,
      0.0,
      1
    ],
    [
      -2.951083856576803,
      3.062027796790038,
      2.175,
      0.0,
      2
    ]
  ],
  "adjacency_matrix": [
    [
      0,
      1,
      0,
      0,
      0,
      0,
      0,
      0
    ],
    [
      1,
      0,
      1,
      0,
      0,
      0,
      0,
      0
    ],
    [
      0,
      1,
      0,
      1,
      0,
      0,
      0,
      0
    ],
    [
      0,
      0,
      1,
      0,
      1,
      0,
      0,
      0
    ],
    [
      0,
      0,
      0,
      1,
      0,
      1,
      0,
      0
    ],
    [
      0,
      0,
      0,
      0,
      1,
      0,
      1,
      0
    ],
    [
      0,
      0,
      0,
      0,
      0,
      1,
      0,
      1
    ],
    [
      0,
      0,
      0,
      0,
      0,
      0,
      1,
      0
    ]
  ],
  "dh_parameters": [
    [
      0.0,
      0.35869964470522653,
      0.0,
      1.5707963267948966
    ],
    [
      0.0,
      0.0,
      0.0,
      -1.5707963267948966
    ],
    [
      0.0,
      0.3353400803064049,
      0.0,
      1.5707963267948966
    ],
    [
      0.08300020285750591,
      0.0,
      0.0,
      1.5707963267948966
    ],
    [
      -0.0764248974107196,
      0.3557231588571676,
      0.0,
      -1.5707963267948966
    ],
    [
      0.0,
      0.0,
      0.0,
      1.5707963267948966
    ],
    [
      0.08631351248423216,
      0.10494938449787321,
      0.0,
      0.0
    ]
  ],
  "morphology_type": "link_scaling"
}