{
  "num_nodes": 8,
  "node_features": [
    [
      0.0,
      0.0,
      0.0,
      0.0,
      0
    ],
    [
      -2.993381413947539,
      3.0677991521777277,
      2.175,
      0.0,
      1
    ],
    [
      -3.0457997490493893,
      2.9701352227345534,
      2.175,
      0.0,
      1
    ],
    [
      -2.9173338896183507,
      3.0371684484672765,
      2.175,
      0.0,
      1
    ],
    [
      -3.0608520563917008,
      2.9427220739263995,
      2.175,
      0.0,
      1
    ],
    [
      -2.9044015146992126,
      2.9510262244713146,
      2.175,
      0.0,
      1
    ],
    [
      -3.069941069605507,
      2.9436046202699195,
      2.175,
      0.0,
      1
    ],
    [
      -3.018882815461105,
      2.9725119931469943,
      2.175,
      0.0,
      2
    ]
  ],
  "adjacency_matrix": [
    [
      0,
      1,
      0,
      0,
      0,
      0,
      0,
      0
    ],
    [
      1,
      0,
      1,
      0,
      0,
      0,
      0,
      0
    ],
    [
      0,
      1,
      0,
      1,
      0,
      0,
      0,
      0
    ],
    [
      0,
      0,
      1,
      0,
      1,
      0,
      0,
      0
    ],
    [
      0,
      0,
      0,
      1,
      0,
      1,
      0,
      0
    ],
    [
      0,
      0,
      0,
      0,
      1,
      0,
      1,
      0
    ],
    [
      0,
      0,
      0,
      0,
      0,
      1,
      0,
      1
    ],
    [
      0,
      0,
      0,
      0,
      0,
      0,
      1,
      0
    ]
  ],
  "dh_parameters": [
    [
      0.0,
      0.34489642712633406,
      0.0,
      1.5707963267948966
    ],
    [
      0.0,
      0.0,
      0.0,
      -1.5707963267948966
    ],
    [
      0.0,
      0.3257264100232197,
      0.0,
      1.5707963267948966
    ],
    [
      0.0803397205176383,
      0.0,
      0.0,
      1.5707963267948966
    ],
    [
      -0.07443991471683709,
      0.3464839666820053,
      0.0,
      -1.5707963267948966
    ],
    [
      0.0,
      0.0,
      0.0,
      1.5707963267948966
    ],
    [
      0.0953860223657494,
      0.11598073174017257,
      0.0,
      0.0
    ]
  ],
  "morphology_type": "link_scaling"
}