{
  "num_nodes": 8,
  "node_features": [
    [
      0.0,
      0.0,
      0.0,
      0.0,
      0
    ],
    [
      -3.037185607881982,
      3.062677423943487,
      2.175,
      0.0,
      1
    ],
    [
      -3.021909402615012,
      2.9200703004490136,
      2.175,
      0.0,
      1
    ],
    [
      -3.065066054903572,
      3.0027251403979274,
      2.175,
      0.0,
      1
    ],
    [
      -3.027103603771971,
      2.9753184020780794,
      2.175,
      0.0,
      1
    ],
    [
      -3.0605133430083815,
      2.942424137962208,
      2.175,
      0.0,
      1
    ],
    [
      -2.938644297125173,
      3.0597273029925414,
      2.175,
      0.0,
      1
    ],
    [
      -2.9582462489560224,
      2.937516774641324,
      2.175,
      0.0,
      2
    ]
  ],
  "adjacency_matrix": [
    [
      0,
      1,
      0,
      0,
      0,
      0,
      0,
      0
    ],
    [
      1,
      0,
      1,
      0,
      0,
      0,
      0,
      0
    ],
    [
      0,
      1,
      0,
      1,
      0,
      0,
      0,
      0
    ],
    [
      0,
      0,
      1,
      0,
      1,
      0,
      0,
      0
    ],
    [
      0,
      0,
      0,
      1,
      0,
      1,
      0,
      0
    ],
    [
      0,
      0,
      0,
      0,
      1,
      0,
      1,
      0
    ],
    [
      0,
      0,
      0,
      0,
      0,
      1,
      0,
      1
    ],
    [
      0,
      0,
      0,
      0,
      0,
      0,
      1,
      0
    ]
  ],
  "dh_parameters": [
    [
      0.0,
      0.3206737098213804,
      0.0,
      1.5707963267948966
    ],
    [
      0.0,
      0.0,
      0.0,
      -1.5707963267948966
    ],
    [
      0.0,
      0.322451680615462,
      0.0,
      1.5707963267948966
    ],
    [
      0.09001543280388434,
      0.0,
      0.0,
      1.5707963267948966
    ],
    [
      -0.08761344375292246,
      0.4078007563772391,
      0.0,
      -1.5707963267948966
    ],
    [
      0.0,
      0.0,
      0.0,
      1.5707963267948966
    ],
    [
      0.08723998688250291,
      0.10607589314122512,
      0.0,
      0.0
    ]
  ],
  "morphology_type": "link_scaling"
}