{
  "num_nodes": 8,
  "node_features": [
    [
      0.0,
      0.0,
      0.0,
      0.0,
      0
    ],
    [
      -2.9236094938516586,
      2.9004738083940014,
      2.175,
      0.0,
      1
    ],
    [
      -2.9269250406490657,
      3.0062327126694455,
      2.175,
      0.0,
      1
    ],
    [
      -2.965253828906331,
      3.036149519759931,
      2.175,
      0.0,
      1
    ],
    [
      -3.0251840353259296,
      2.9523945384287638,
      2.175,
      0.0,
      1
    ],
    [
      -2.99699220244287,
      3.00164735634828,
      2.175,
      0.0,
      1
    ],
    [
      -3.002455913287675,
      2.982267984284798,
      2.175,
      0.0,
      1
    ],
    [
      -2.9135369544051297,
      3.054553856631675,
      2.175,
      0.0,
      2
    ]
  ],
  "adjacency_matrix": [
    [
      0,
      1,
      0,
      0,
      0,
      0,
      0,
      0
    ],
    [
      1,
      0,
      1,
      0,
      0,
      0,
      0,
      0
    ],
    [
      0,
      1,
      0,
      1,
      0,
      0,
      0,
      0
    ],
    [
      0,
      0,
      1,
      0,
      1,
      0,
      0,
      0
    ],
    [
      0,
      0,
      0,
      1,
      0,
      1,
      0,
      0
    ],
    [
      0,
      0,
      0,
      0,
      1,
      0,
      1,
      0
    ],
    [
      0,
      0,
      0,
      0,
      0,
      1,
      0,
      1
    ],
    [
      0,
      0,
      0,
      0,
      0,
      0,
      1,
      0
    ]
  ],
  "dh_parameters": [
    [
      0.0,
      0.30319402849972016,
      0.0,
      1.5707963267948966
    ],
    [
      0.0,
      0.0,
      0.0,
      -1.5707963267948966
    ],
    [
      0.0,
      0.3457536468415719,
      0.0,
      1.5707963267948966
    ],
    [
      0.08974711368568467,
      0.0,
      0.0,
      1.5707963267948966
    ],
    [
      -0.08208340318936867,
      0.38206093120869783,
      0.0,
      -1.5707963267948966
    ],
    [
      0.0,
      0.0,
      0.0,
      1.5707963267948966
    ],
    [
      0.0928364417473451,
      0.11288067348824915,
      0.0,
      0.0
    ]
  ],
  "morphology_type": "link_scaling"
}