{
  "num_nodes": 8,
  "node_features": [
    [
      0.0,
      0.0,
      0.0,
      0.0,
      0
    ],
    [
      -2.9829820462331456,
      2.919430294388571,
      2.175,
      0.0,
      1
    ],
    [
      -3.0258767566025675,
      3.060808684850358,
      2.175,
      0.0,
      1
    ],
    [
      -2.946971626067876,
      2.9559908301612503,
      2.175,
      0.0,
      1
    ],
    [
      -3.0509283626357435,
      2.9381726329789326,
      2.175,
      0.0,
      1
    ],
    [
      -3.0092232448006486,
      3.0010588751333556,
      2.175,
      0.0,
      1
    ],
    [
      -2.9497271639428893,
      3.034482264419038,
      2.175,
      0.0,
      1
    ],
    [
      -3.063171002600254,
      2.9981935456170588,
      2.175,
      0.0,
      2
    ]
  ],
  "adjacency_matrix": [
    [
      0,
      1,
      0,
      0,
      0,
      0,
      0,
      0
    ],
    [
      1,
      0,
      1,
      0,
      0,
      0,
      0,
      0
    ],
    [
      0,
      1,
      0,
      1,
      0,
      0,
      0,
      0
    ],
    [
      0,
      0,
      1,
      0,
      1,
      0,
      0,
      0
    ],
    [
      0,
      0,
      0,
      1,
      0,
      1,
      0,
      0
    ],
    [
      0,
      0,
      0,
      0,
      1,
      0,
      1,
      0
    ],
    [
      0,
      0,
      0,
      0,
      0,
      1,
      0,
      1
    ],
    [
      0,
      0,
      0,
      0,
      0,
      0,
      1,
      0
    ]
  ],
  "dh_parameters": [
    [
      0.0,
      0.3266282504957076,
      0.0,
      1.5707963267948966
    ],
    [
      0.0,
      0.0,
      0.0,
      -1.5707963267948966
    ],
    [
      0.0,
      0.33776613138303635,
      0.0,
      1.5707963267948966
    ],
    [
      0.07970634942287888,
      0.0,
      0.0,
      1.5707963267948966
    ],
    [
      -0.08860811169496516,
      0.412430483525656,
      0.0,
      -1.5707963267948966
    ],
    [
      0.0,
      0.0,
      0.0,
      1.5707963267948966
    ],
    [
      0.08360609590550691,
      0.10165741206692318,
      0.0,
      0.0
    ]
  ],
  "morphology_type": "link_scaling"
}