{
  "num_nodes": 8,
  "node_features": [
    [
      0.0,
      0.0,
      0.0,
      0.0,
      0
    ],
    [
      -3.0682488135195487,
      2.9619812160744394,
      2.175,
      0.0,
      1
    ],
    [
      -3.020871007309662,
      3.033072049922699,
      2.175,
      0.0,
      1
    ],
    [
      -3.011636591979631,
      2.9062378166336966,
      2.175,
      0.0,
      1
    ],
    [
      -2.9892201362221433,
      2.995955987540104,
      2.175,
      0.0,
      1
    ],
    [
      -3.054966607141814,
      2.985438135135839,
      2.175,
      0.0,
      1
    ],
    [
      -2.960028052770197,
      3.041620882844966,
      2.175,
      0.0,
      1
    ],
    [
      -3.0467745986456527,
      2.9388147544238015,
      2.175,
      0.0,
      2
    ]
  ],
  "adjacency_matrix": [
    [
      0,
      1,
      0,
      0,
      0,
      0,
      0,
      0
    ],
    [
      1,
      0,
      1,
      0,
      0,
      0,
      0,
      0
    ],
    [
      0,
      1,
      0,
      1,
      0,
      0,
      0,
      0
    ],
    [
      0,
      0,
      1,
      0,
      1,
      0,
      0,
      0
    ],
    [
      0,
      0,
      0,
      1,
      0,
      1,
      0,
      0
    ],
    [
      0,
      0,
      0,
      0,
      1,
      0,
      1,
      0
    ],
    [
      0,
      0,
      0,
      0,
      0,
      1,
      0,
      1
    ],
    [
      0,
      0,
      0,
      0,
      0,
      0,
      1,
      0
    ]
  ],
  "dh_parameters": [
    [
      0.0,
      0.32001433609260393,
      0.0,
      1.5707963267948966
    ],
    [
      0.0,
      0.0,
      0.0,
      -1.5707963267948966
    ],
    [
      0.0,
      0.33636810937496,
      0.0,
      1.5707963267948966
    ],
    [
      0.08952207431990489,
      0.0,
      0.0,
      1.5707963267948966
    ],
    [
      -0.07510501107919511,
      0.3495796879322536,
      0.0,
      -1.5707963267948966
    ],
    [
      0.0,
      0.0,
      0.0,
      1.5707963267948966
    ],
    [
      0.0888692499734004,
      0.10805692894493003,
      0.0,
      0.0
    ]
  ],
  "morphology_type": "link_scaling"
}