{
  "num_nodes": 8,
  "node_features": [
    [
      0.0,
      0.0,
      0.0,
      0.0,
      0
    ],
    [
      -2.994344751134025,
      3.0495913607956,
      2.175,
      0.0,
      1
    ],
    [
      -2.9469405790414074,
      3.0625008805506813,
      2.175,
      0.0,
      1
    ],
    [
      -2.974598969442554,
      2.962095634717379,
      2.175,
      0.0,
      1
    ],
    [
      -3.024324650956106,
      2.9965106804325354,
      2.175,
      0.0,
      1
    ],
    [
      -3.0048715305603686,
      2.95817903895251,
      2.175,
      0.0,
      1
    ],
    [
      -3.0157931557020143,
      3.0461138295629224,
      2.175,
      0.0,
      1
    ],
    [
      -2.9050754630522544,
      3.00198403059672,
      2.175,
      0.0,
      2
    ]
  ],
  "adjacency_matrix": [
    [
      0,
      1,
      0,
      0,
      0,
      0,
      0,
      0
    ],
    [
      1,
      0,
      1,
      0,
      0,
      0,
      0,
      0
    ],
    [
      0,
      1,
      0,
      1,
      0,
      0,
      0,
      0
    ],
    [
      0,
      0,
      1,
      0,
      1,
      0,
      0,
      0
    ],
    [
      0,
      0,
      0,
      1,
      0,
      1,
      0,
      0
    ],
    [
      0,
      0,
      0,
      0,
      1,
      0,
      1,
      0
    ],
    [
      0,
      0,
      0,
      0,
      0,
      1,
      0,
      1
    ],
    [
      0,
      0,
      0,
      0,
      0,
      0,
      1,
      0
    ]
  ],
  "dh_parameters": [
    [
      0.0,
      0.3502075928296323,
      0.0,
      1.5707963267948966
    ],
    [
      0.0,
      0.0,
      0.0,
      -1.5707963267948966
    ],
    [
      0.0,
      0.3345895387684431,
      0.0,
      1.5707963267948966
    ],
    [
      0.08150678851729855,
      0.0,
      0.0,
      1.5707963267948966
    ],
    [
      -0.08923950085595041,
      0.41536931307496916,
      0.0,
      -1.5707963267948966
    ],
    [
      0.0,
      0.0,
      0.0,
      1.5707963267948966
    ],
    [
      0.08939279520329857,
      0.10869351234946531,
      0.0,
      0.0
    ]
  ],
  "morphology_type": "link_scaling"
}