{
  "num_nodes": 8,
  "node_features": [
    [
      0.0,
      0.0,
      0.0,
      0.0,
      0
    ],
    [
      -2.931352011355881,
      2.991204520511551,
      2.175,
      0.0,
      1
    ],
    [
      -2.909394447015636,
      3.04411341582572,
      2.175,
      0.0,
      1
    ],
    [
      -3.027382336935221,
      2.986511100227533,
      2.175,
      0.0,
      1
    ],
    [
      -2.9714551464091,
      2.982232322722939,
      2.175,
      0.0,
      1
    ],
    [
      -2.924847543292203,
      3.024284985142307,
      2.175,
      0.0,
      1
    ],
    [
      -2.992604858544245,
      2.9137864565631144,
      2.175,
      0.0,
      1
    ],
    [
      -3.009142371558501,
      3.0380739188634722,
      2.175,
      0.0,
      2
    ]
  ],
  "adjacency_matrix": [
    [
      0,
      1,
      0,
      0,
      0,
      0,
      0,
      0
    ],
    [
      1,
      0,
      1,
      0,
      0,
      0,
      0,
      0
    ],
    [
      0,
      1,
      0,
      1,
      0,
      0,
      0,
      0
    ],
    [
      0,
      0,
      1,
      0,
      1,
      0,
      0,
      0
    ],
    [
      0,
      0,
      0,
      1,
      0,
      1,
      0,
      0
    ],
    [
      0,
      0,
      0,
      0,
      1,
      0,
      1,
      0
    ],
    [
      0,
      0,
      0,
      0,
      0,
      1,
      0,
      1
    ],
    [
      0,
      0,
      0,
      0,
      0,
      0,
      1,
      0
    ]
  ],
  "dh_parameters": [
    [
      0.0,
      0.34389440085800027,
      0.0,
      1.5707963267948966
    ],
    [
      0.0,
      0.0,
      0.0,
      -1.5707963267948966
    ],
    [
      0.0,
      0.3086582983815434,
      0.0,
      1.5707963267948966
    ],
    [
      0.08313959263769011,
      0.0,
      0.0,
      1.5707963267948966
    ],
    [
      -0.0888965451502076,
      0.4137730101536936,
      0.0,
      -1.5707963267948966
    ],
    [
      0.0,
      0.0,
      0.0,
      1.5707963267948966
    ],
    [
      0.08815799488910767,
      0.1071921074219832,
      0.0,
      0.0
    ]
  ],
  "morphology_type": "link_scaling"
}