{
  "num_nodes": 8,
  "node_features": [
    [
      0.0,
      0.0,
      0.0,
      0.0,
      0
    ],
    [
      -2.913668877124219,
      2.999336350488745,
      2.175,
      0.0,
      1
    ],
    [
      -3.0450550987746707,
      3.0693156044397965,
      2.175,
      0.0,
      1
    ],
    [
      -3.001266268249277,
      2.91319267610484,
      2.175,
      0.0,
      1
    ],
    [
      -2.946847798249114,
      3.0415301387809186,
      2.175,
      0.0,
      1
    ],
    [
      -2.951246650233121,
      2.965887670219583,
      2.175,
      0.0,
      1
    ],
    [
      -2.9266737621911965,
      2.9165824465140315,
      2.175,
      0.0,
      1
    ],
    [
      -2.9075437541906415,
      3.019879602413987,
      2.175,
      0.0,
      2
    ]
  ],
  "adjacency_matrix": [
    [
      0,
      1,
      0,
      0,
      0,
      0,
      0,
      0
    ],
    [
      1,
      0,
      1,
      0,
      0,
      0,
      0,
      0
    ],
    [
      0,
      1,
      0,
      1,
      0,
      0,
      0,
      0
    ],
    [
      0,
      0,
      1,
      0,
      1,
      0,
      0,
      0
    ],
    [
      0,
      0,
      0,
      1,
      0,
      1,
      0,
      0
    ],
    [
      0,
      0,
      0,
      0,
      1,
      0,
      1,
      0
    ],
    [
      0,
      0,
      0,
      0,
      0,
      1,
      0,
      1
    ],
    [
      0,
      0,
      0,
      0,
      0,
      0,
      1,
      0
    ]
  ],
  "dh_parameters": [
    [
      0.0,
      0.3165191747692431,
      0.0,
      1.5707963267948966
    ],
    [
      0.0,
      0.0,
      0.0,
      -1.5707963267948966
    ],
    [
      0.0,
      0.304105819481218,
      0.0,
      1.5707963267948966
    ],
    [
      0.08670849191376842,
      0.0,
      0.0,
      1.5707963267948966
    ],
    [
      -0.08088315141952063,
      0.3764743047890414,
      0.0,
      -1.5707963267948966
    ],
    [
      0.0,
      0.0,
      0.0,
      1.5707963267948966
    ],
    [
      0.07989408166069108,
      0.09714394020106756,
      0.0,
      0.0
    ]
  ],
  "morphology_type": "link_scaling"
}