{
  "num_nodes": 8,
  "node_features": [
    [
      0.0,
      0.0,
      0.0,
      0.0,
      0
    ],
    [
      -2.9123854062030152,
      3.068927677009687,
      2.175,
      0.0,
      1
    ],
    [
      -2.96925920727285,
      2.9995911269438356,
      2.175,
      0.0,
      1
    ],
    [
      -3.020607529020262,
      2.9958813649470217,
      2.175,
      0.0,
      1
    ],
    [
      -2.947986390502252,
      3.0614257013735053,
      2.175,
      0.0,
      1
    ],
    [
      -3.034668656141763,
      3.048335018232766,
      2.175,
      0.0,
      1
    ],
    [
      -2.9982909640062076,
      2.9552099401699867,
      2.175,
      0.0,
      1
    ],
    [
      -3.0099851764636734,
      3.0355597753455643,
      2.175,
      0.0,
      2
    ]
  ],
  "adjacency_matrix": [
    [
      0,
      1,
      0,
      0,
      0,
      0,
      0,
      0
    ],
    [
      1,
      0,
      1,
      0,
      0,
      0,
      0,
      0
    ],
    [
      0,
      1,
      0,
      1,
      0,
      0,
      0,
      0
    ],
    [
      0,
      0,
      1,
      0,
      1,
      0,
      0,
      0
    ],
    [
      0,
      0,
      0,
      1,
      0,
      1,
      0,
      0
    ],
    [
      0,
      0,
      0,
      0,
      1,
      0,
      1,
      0
    ],
    [
      0,
      0,
      0,
      0,
      0,
      1,
      0,
      1
    ],
    [
      0,
      0,
      0,
      0,
      0,
      0,
      1,
      0
    ]
  ],
  "dh_parameters": [
    [
      0.0,
      0.324060697299241,
      0.0,
      1.5707963267948966
    ],
    [
      0.0,
      0.0,
      0.0,
      -1.5707963267948966
    ],
    [
      0.0,
      0.301998006741315,
      0.0,
      1.5707963267948966
    ],
    [
      0.07663521094273457,
      0.0,
      0.0,
      1.5707963267948966
    ],
    [
      -0.08111855476948555,
      0.3775700003816055,
      0.0,
      -1.5707963267948966
    ],
    [
      0.0,
      0.0,
      0.0,
      1.5707963267948966
    ],
    [
      0.09612368698541097,
      0.11687766485726107,
      0.0,
      0.0
    ]
  ],
  "morphology_type": "link_scaling"
}