{
  "num_nodes": 8,
  "node_features": [
    [
      0.0,
      0.0,
      0.0,
      0.0,
      0
    ],
    [
      -3.0451304157963874,
      2.987938245127607,
      2.175,
      0.0,
      1
    ],
    [
      -2.9185813340233433,
      3.033435099808822,
      2.175,
      0.0,
      1
    ],
    [
      -3.0164425004600894,
      2.9433372696270887,
      2.175,
      0.0,
      1
    ],
    [
      -3.032816584099797,
      3.035623130366173,
      2.175,
      0.0,
      1
    ],
    [
      -3.007240785184017,
      2.9361750093851433,
      2.175,
      0.0,
      1
    ],
    [
      -3.045323343082304,
      3.053873547482495,
      2.175,
      0.0,
      1
    ],
    [
      -2.9538523727277144,
      2.9273957518791356,
      2.175,
      0.0,
      2
    ]
  ],
  "adjacency_matrix": [
    [
      0,
      1,
      0,
      0,
      0,
      0,
      0,
      0
    ],
    [
      1,
      0,
      1,
      0,
      0,
      0,
      0,
      0
    ],
    [
      0,
      1,
      0,
      1,
      0,
      0,
      0,
      0
    ],
    [
      0,
      0,
      1,
      0,
      1,
      0,
      0,
      0
    ],
    [
      0,
      0,
      0,
      1,
      0,
      1,
      0,
      0
    ],
    [
      0,
      0,
      0,
      0,
      1,
      0,
      1,
      0
    ],
    [
      0,
      0,
      0,
      0,
      0,
      1,
      0,
      1
    ],
    [
      0,
      0,
      0,
      0,
      0,
      0,
      1,
      0
    ]
  ],
  "dh_parameters": [
    [
      0.0,
      0.3489785181901945,
      0.0,
      1.5707963267948966
    ],
    [
      0.0,
      0.0,
      0.0,
      -1.5707963267948966
    ],
    [
      0.0,
      0.2847322057255504,
      0.0,
      1.5707963267948966
    ],
    [
      0.07631142267795607,
      0.0,
      0.0,
      1.5707963267948966
    ],
    [
      -0.08539920311331992,
      0.3974944726729073,
      0.0,
      -1.5707963267948966
    ],
    [
      0.0,
      0.0,
      0.0,
      1.5707963267948966
    ],
    [
      0.09465087307000862,
      0.11508685702830594,
      0.0,
      0.0
    ]
  ],
  "morphology_type": "link_scaling"
}