{
  "num_nodes": 8,
  "node_features": [
    [
      0.0,
      0.0,
      0.0,
      0.0,
      0
    ],
    [
      -3.031103141185516,
      2.9496896885044657,
      2.175,
      0.0,
      1
    ],
    [
      -2.9369622641282893,
      2.9276231721179102,
      2.175,
      0.0,
      1
    ],
    [
      -2.9271456226460764,
      2.9004424507639732,
      2.175,
      0.0,
      1
    ],
    [
      -2.958698577568802,
      2.9160304046898133,
      2.175,
      0.0,
      1
    ],
    [
      -2.933936190256241,
      2.9682242472270626,
      2.175,
      0.0,
      1
    ],
    [
      -3.062611370760606,
      2.9810863469038944,
      2.175,
      0.0,
      1
    ],
    [
      -2.9919134061830355,
      3.0346420788210486,
      2.175,
      0.0,
      2
    ]
  ],
  "adjacency_matrix": [
    [
      0,
      1,
      0,
      0,
      0,
      0,
      0,
      0
    ],
    [
      1,
      0,
      1,
      0,
      0,
      0,
      0,
      0
    ],
    [
      0,
      1,
      0,
      1,
      0,
      0,
      0,
      0
    ],
    [
      0,
      0,
      1,
      0,
      1,
      0,
      0,
      0
    ],
    [
      0,
      0,
      0,
      1,
      0,
      1,
      0,
      0
    ],
    [
      0,
      0,
      0,
      0,
      1,
      0,
      1,
      0
    ],
    [
      0,
      0,
      0,
      0,
      0,
      1,
      0,
      1
    ],
    [
      0,
      0,
      0,
      0,
      0,
      0,
      1,
      0
    ]
  ],
  "dh_parameters": [
    [
      0.0,
      0.3553676421269694,
      0.0,
      1.5707963267948966
    ],
    [
      0.0,
      0.0,
      0.0,
      -1.5707963267948966
    ],
    [
      0.0,
      0.32066704428705284,
      0.0,
      1.5707963267948966
    ],
    [
      0.08653685979037253,
      0.0,
      0.0,
      1.5707963267948966
    ],
    [
      -0.0837175155205454,
      0.3896669813319932,
      0.0,
      -1.5707963267948966
    ],
    [
      0.0,
      0.0,
      0.0,
      1.5707963267948966
    ],
    [
      0.08381781905485634,
      0.10191484816897306,
      0.0,
      0.0
    ]
  ],
  "morphology_type": "link_scaling"
}