{
  "num_nodes": 8,
  "node_features": [
    [
      0.0,
      0.0,
      0.0,
      0.0,
      0
    ],
    [
      -2.94367694231515,
      2.9883950625629896,
      2.175,
      0.0,
      1
    ],
    [
      -2.9569288752810774,
      3.0385356373544297,
      2.175,
      0.0,
      1
    ],
    [
      -3.0493754812012126,
      3.055844999128132,
      2.175,
      0.0,
      1
    ],
    [
      -2.9810359372757445,
      2.974795377430924,
      2.175,
      0.0,
      1
    ],
    [
      -3.05905470979322,
      3.0013822866687545,
      2.175,
      0.0,
      1
    ],
    [
      -2.9150283064713345,
      2.959789772512314,
      2.175,
      0.0,
      1
    ],
    [
      -2.982775530086134,
      3.0669307622359687,
      2.175,
      0.0,
      2
    ]
  ],
  "adjacency_matrix": [
    [
      0,
      1,
      0,
      0,
      0,
      0,
      0,
      0
    ],
    [
      1,
      0,
      1,
      0,
      0,
      0,
      0,
      0
    ],
    [
      0,
      1,
      0,
      1,
      0,
      0,
      0,
      0
    ],
    [
      0,
      0,
      1,
      0,
      1,
      0,
      0,
      0
    ],
    [
      0,
      0,
      0,
      1,
      0,
      1,
      0,
      0
    ],
    [
      0,
      0,
      0,
      0,
      1,
      0,
      1,
      0
    ],
    [
      0,
      0,
      0,
      0,
      0,
      1,
      0,
      1
    ],
    [
      0,
      0,
      0,
      0,
      0,
      0,
      1,
      0
    ]
  ],
  "dh_parameters": [
    [
      0.0,
      0.3361721152280737,
      0.0,
      1.5707963267948966
    ],
    [
      0.0,
      0.0,
      0.0,
      -1.5707963267948966
    ],
    [
      0.0,
      0.3342573438696769,
      0.0,
      1.5707963267948966
    ],
    [
      0.07619278163289994,
      0.0,
      0.0,
      1.5707963267948966
    ],
    [
      -0.07528066628862352,
      0.35039728308886586,
      0.0,
      -1.5707963267948966
    ],
    [
      0.0,
      0.0,
      0.0,
      1.5707963267948966
    ],
    [
      0.09181653811373809,
      0.11164056338829519,
      0.0,
      0.0
    ]
  ],
  "morphology_type": "link_scaling"
}