{
  "num_nodes": 8,
  "node_features": [
    [
      0.0,
      0.0,
      0.0,
      0.0,
      0
    ],
    [
      -2.991372874920607,
      2.9012310412421,
      2.175,
      0.0,
      1
    ],
    [
      -2.992474972417046,
      2.9695405365387617,
      2.175,
      0.0,
      1
    ],
    [
      -2.999409126604156,
      2.959922304737089,
      2.175,
      0.0,
      1
    ],
    [
      -2.9150856796574915,
      3.006179748392559,
      2.175,
      0.0,
      1
    ],
    [
      -3.058620123248179,
      3.019992401359908,
      2.175,
      0.0,
      1
    ],
    [
      -2.9655509205360855,
      3.067321532109162,
      2.175,
      0.0,
      1
    ],
    [
      -2.9752061990815104,
      2.968382370238548,
      2.175,
      0.0,
      2
    ]
  ],
  "adjacency_matrix": [
    [
      0,
      1,
      0,
      0,
      0,
      0,
      0,
      0
    ],
    [
      1,
      0,
      1,
      0,
      0,
      0,
      0,
      0
    ],
    [
      0,
      1,
      0,
      1,
      0,
      0,
      0,
      0
    ],
    [
      0,
      0,
      1,
      0,
      1,
      0,
      0,
      0
    ],
    [
      0,
      0,
      0,
      1,
      0,
      1,
      0,
      0
    ],
    [
      0,
      0,
      0,
      0,
      1,
      0,
      1,
      0
    ],
    [
      0,
      0,
      0,
      0,
      0,
      1,
      0,
      1
    ],
    [
      0,
      0,
      0,
      0,
      0,
      0,
      1,
      0
    ]
  ],
  "dh_parameters": [
    [
      0.0,
      0.3127908168190507,
      0.0,
      1.5707963267948966
    ],
    [
      0.0,
      0.0,
      0.0,
      -1.5707963267948966
    ],
    [
      0.0,
      0.2993064530525018,
      0.0,
      1.5707963267948966
    ],
    [
      0.07689546849686293,
      0.0,
      0.0,
      1.5707963267948966
    ],
    [
      -0.0754435432297231,
      0.35115540121471117,
      0.0,
      -1.5707963267948966
    ],
    [
      0.0,
      0.0,
      0.0,
      1.5707963267948966
    ],
    [
      0.08873116473749186,
      0.10788902985126853,
      0.0,
      0.0
    ]
  ],
  "morphology_type": "link_scaling"
}