{
  "num_nodes": 8,
  "node_features": [
    [
      0.0,
      0.0,
      0.0,
      0.0,
      0
    ],
    [
      -2.9339374985925675,
      2.96885250282899,
      2.175,
      0.0,
      1
    ],
    [
      -2.915326200911999,
      2.9269712284658707,
      2.175,
      0.0,
      1
    ],
    [
      -2.999762205242917,
      2.9862760494741893,
      2.175,
      0.0,
      1
    ],
    [
      -3.031755245535834,
      3.045139977708968,
      2.175,
      0.0,
      1
    ],
    [
      -2.9164437353071855,
      2.9345757050413255,
      2.175,
      0.0,
      1
    ],
    [
      -3.0322332589550745,
      3.0084564565568495,
      2.175,
      0.0,
      1
    ],
    [
      -2.9735541884051155,
      3.00475007220505,
      2.175,
      0.0,
      2
    ]
  ],
  "adjacency_matrix": [
    [
      0,
      1,
      0,
      0,
      0,
      0,
      0,
      0
    ],
    [
      1,
      0,
      1,
      0,
      0,
      0,
      0,
      0
    ],
    [
      0,
      1,
      0,
      1,
      0,
      0,
      0,
      0
    ],
    [
      0,
      0,
      1,
      0,
      1,
      0,
      0,
      0
    ],
    [
      0,
      0,
      0,
      1,
      0,
      1,
      0,
      0
    ],
    [
      0,
      0,
      0,
      0,
      1,
      0,
      1,
      0
    ],
    [
      0,
      0,
      0,
      0,
      0,
      1,
      0,
      1
    ],
    [
      0,
      0,
      0,
      0,
      0,
      0,
      1,
      0
    ]
  ],
  "dh_parameters": [
    [
      0.0,
      0.3360761060765838,
      0.0,
      1.5707963267948966
    ],
    [
      0.0,
      0.0,
      0.0,
      -1.5707963267948966
    ],
    [
      0.0,
      0.33044213140626694,
      0.0,
      1.5707963267948966
    ],
    [
      0.08762377670865597,
      0.0,
      0.0,
      1.5707963267948966
    ],
    [
      -0.07747047206402005,
      0.36058983360707514,
      0.0,
      -1.5707963267948966
    ],
    [
      0.0,
      0.0,
      0.0,
      1.5707963267948966
    ],
    [
      0.0843767085599906,
      0.10259440699907948,
      0.0,
      0.0
    ]
  ],
  "morphology_type": "link_scaling"
}