{
  "num_nodes": 8,
  "node_features": [
    [
      0.0,
      0.0,
      0.0,
      0.0,
      0
    ],
    [
      -3.023907106103066,
      2.950802359515873,
      2.175,
      0.0,
      1
    ],
    [
      -3.0171141681939946,
      2.907111173117885,
      2.175,
      0.0,
      1
    ],
    [
      -2.913345147969657,
      2.984651223933958,
      2.175,
      0.0,
      1
    ],
    [
      -2.9885809772516336,
      2.9952826413008915,
      2.175,
      0.0,
      1
    ],
    [
      -2.9491716924539495,
      2.907588238466371,
      2.175,
      0.0,
      1
    ],
    [
      -2.9295920289416824,
      2.99835491268066,
      2.175,
      0.0,
      1
    ],
    [
      -2.9026143059863148,
      3.023767074980877,
      2.175,
      0.0,
      2
    ]
  ],
  "adjacency_matrix": [
    [
      0,
      1,
      0,
      0,
      0,
      0,
      0,
      0
    ],
    [
      1,
      0,
      1,
      0,
      0,
      0,
      0,
      0
    ],
    [
      0,
      1,
      0,
      1,
      0,
      0,
      0,
      0
    ],
    [
      0,
      0,
      1,
      0,
      1,
      0,
      0,
      0
    ],
    [
      0,
      0,
      0,
      1,
      0,
      1,
      0,
      0
    ],
    [
      0,
      0,
      0,
      0,
      1,
      0,
      1,
      0
    ],
    [
      0,
      0,
      0,
      0,
      0,
      1,
      0,
      1
    ],
    [
      0,
      0,
      0,
      0,
      0,
      0,
      1,
      0
    ]
  ],
  "dh_parameters": [
    [
      0.0,
      0.31318122480402905,
      0.0,
      1.5707963267948966
    ],
    [
      0.0,
      0.0,
      0.0,
      -1.5707963267948966
    ],
    [
      0.0,
      0.33065408216788017,
      0.0,
      1.5707963267948966
    ],
    [
      0.08766231644036025,
      0.0,
      0.0,
      1.5707963267948966
    ],
    [
      -0.08280065744073248,
      0.38539942372413666,
      0.0,
      -1.5707963267948966
    ],
    [
      0.0,
      0.0,
      0.0,
      1.5707963267948966
    ],
    [
      0.08054139569029956,
      0.09793101521434151,
      0.0,
      0.0
    ]
  ],
  "morphology_type": "link_scaling"
}