{
  "num_nodes": 8,
  "node_features": [
    [
      0.0,
      0.0,
      0.0,
      0.0,
      0
    ],
    [
      -2.979911957236687,
      2.9305825562205166,
      2.175,
      0.0,
      1
    ],
    [
      -2.9457135434376176,
      2.9520942269098343,
      2.175,
      0.0,
      1
    ],
    [
      -2.9733841242744,
      3.02950240459889,
      2.175,
      0.0,
      1
    ],
    [
      -2.9409905810530867,
      3.0242175065320307,
      2.175,
      0.0,
      1
    ],
    [
      -3.031848867495127,
      3.032630947103799,
      2.175,
      0.0,
      1
    ],
    [
      -3.045376036264673,
      2.9849145681871856,
      2.175,
      0.0,
      1
    ],
    [
      -2.996851632669284,
      3.022433974393574,
      2.175,
      0.0,
      2
    ]
  ],
  "adjacency_matrix": [
    [
      0,
      1,
      0,
      0,
      0,
      0,
      0,
      0
    ],
    [
      1,
      0,
      1,
      0,
      0,
      0,
      0,
      0
    ],
    [
      0,
      1,
      0,
      1,
      0,
      0,
      0,
      0
    ],
    [
      0,
      0,
      1,
      0,
      1,
      0,
      0,
      0
    ],
    [
      0,
      0,
      0,
      1,
      0,
      1,
      0,
      0
    ],
    [
      0,
      0,
      0,
      0,
      1,
      0,
      1,
      0
    ],
    [
      0,
      0,
      0,
      0,
      0,
      1,
      0,
      1
    ],
    [
      0,
      0,
      0,
      0,
      0,
      0,
      1,
      0
    ]
  ],
  "dh_parameters": [
    [
      0.0,
      0.35860501597415234,
      0.0,
      1.5707963267948966
    ],
    [
      0.0,
      0.0,
      0.0,
      -1.5707963267948966
    ],
    [
      0.0,
      0.325314519543033,
      0.0,
      1.5707963267948966
    ],
    [
      0.08467791045915089,
      0.0,
      0.0,
      1.5707963267948966
    ],
    [
      -0.08744619687561253,
      0.40702229818466923,
      0.0,
      -1.5707963267948966
    ],
    [
      0.0,
      0.0,
      0.0,
      1.5707963267948966
    ],
    [
      0.07994547483580002,
      0.09720642962989322,
      0.0,
      0.0
    ]
  ],
  "morphology_type": "link_scaling"
}