{
  "num_nodes": 8,
  "node_features": [
    [
      0.0,
      0.0,
      0.0,
      0.0,
      0
    ],
    [
      -2.9158786950330406,
      2.9312412926347613,
      2.175,
      0.0,
      1
    ],
    [
      -2.97597509694258,
      3.022596459051054,
      2.175,
      0.0,
      1
    ],
    [
      -3.0571676723522825,
      2.9559607986355556,
      2.175,
      0.0,
      1
    ],
    [
      -3.0618615727435508,
      2.934520714421173,
      2.175,
      0.0,
      1
    ],
    [
      -3.016589285096711,
      2.9311110060781784,
      2.175,
      0.0,
      1
    ],
    [
      -3.0377778845686465,
      2.950895070489782,
      2.175,
      0.0,
      1
    ],
    [
      -2.9487073489746596,
      3.0369721978357584,
      2.175,
      0.0,
      2
    ]
  ],
  "adjacency_matrix": [
    [
      0,
      1,
      0,
      0,
      0,
      0,
      0,
      0
    ],
    [
      1,
      0,
      1,
      0,
      0,
      0,
      0,
      0
    ],
    [
      0,
      1,
      0,
      1,
      0,
      0,
      0,
      0
    ],
    [
      0,
      0,
      1,
      0,
      1,
      0,
      0,
      0
    ],
    [
      0,
      0,
      0,
      1,
      0,
      1,
      0,
      0
    ],
    [
      0,
      0,
      0,
      0,
      1,
      0,
      1,
      0
    ],
    [
      0,
      0,
      0,
      0,
      0,
      1,
      0,
      1
    ],
    [
      0,
      0,
      0,
      0,
      0,
      0,
      1,
      0
    ]
  ],
  "dh_parameters": [
    [
      0.0,
      0.30396664356401437,
      0.0,
      1.5707963267948966
    ],
    [
      0.0,
      0.0,
      0.0,
      -1.5707963267948966
    ],
    [
      0.0,
      0.2963047583670136,
      0.0,
      1.5707963267948966
    ],
    [
      0.08081841836099812,
      0.0,
      0.0,
      1.5707963267948966
    ],
    [
      -0.07516484738586422,
      0.3498581987414771,
      0.0,
      -1.5707963267948966
    ],
    [
      0.0,
      0.0,
      0.0,
      1.5707963267948966
    ],
    [
      0.09658478512029693,
      0.11743831827127013,
      0.0,
      0.0
    ]
  ],
  "morphology_type": "link_scaling"
}