{
  "num_nodes": 8,
  "node_features": [
    [
      0.0,
      0.0,
      0.0,
      0.0,
      0
    ],
    [
      -3.0094966576155615,
      2.944066100912153,
      2.175,
      0.0,
      1
    ],
    [
      -3.065844164216127,
      2.9852451671835003,
      2.175,
      0.0,
      1
    ],
    [
      -3.000798027296943,
      2.9022014639579914,
      2.175,
      0.0,
      1
    ],
    [
      -3.0369611358418744,
      3.0135034351443557,
      2.175,
      0.0,
      1
    ],
    [
      -2.9219596972645427,
      2.973016551663701,
      2.175,
      0.0,
      1
    ],
    [
      -2.957165812960923,
      3.0251937484304476,
      2.175,
      0.0,
      1
    ],
    [
      -2.959401166576188,
      2.9624832982371734,
      2.175,
      0.0,
      2
    ]
  ],
  "adjacency_matrix": [
    [
      0,
      1,
      0,
      0,
      0,
      0,
      0,
      0
    ],
    [
      1,
      0,
      1,
      0,
      0,
      0,
      0,
      0
    ],
    [
      0,
      1,
      0,
      1,
      0,
      0,
      0,
      0
    ],
    [
      0,
      0,
      1,
      0,
      1,
      0,
      0,
      0
    ],
    [
      0,
      0,
      0,
      1,
      0,
      1,
      0,
      0
    ],
    [
      0,
      0,
      0,
      0,
      1,
      0,
      1,
      0
    ],
    [
      0,
      0,
      0,
      0,
      0,
      1,
      0,
      1
    ],
    [
      0,
      0,
      0,
      0,
      0,
      0,
      1,
      0
    ]
  ],
  "dh_parameters": [
    [
      0.0,
      0.35250564182499744,
      0.0,
      1.5707963267948966
    ],
    [
      0.0,
      0.0,
      0.0,
      -1.5707963267948966
    ],
    [
      0.0,
      0.29258613242539344,
      0.0,
      1.5707963267948966
    ],
    [
      0.07611377551135776,
      0.0,
      0.0,
      1.5707963267948966
    ],
    [
      -0.08678097133006088,
      0.4039259756453743,
      0.0,
      -1.5707963267948966
    ],
    [
      0.0,
      0.0,
      0.0,
      1.5707963267948966
    ],
    [
      0.08694049887205915,
      0.10571174294670829,
      0.0,
      0.0
    ]
  ],
  "morphology_type": "link_scaling"
}