{
  "num_nodes": 8,
  "node_features": [
    [
      0.0,
      0.0,
      0.0,
      0.0,
      0
    ],
    [
      -2.9758630549102953,
      2.995769502215839,
      2.175,
      0.0,
      1
    ],
    [
      -3.01908085414362,
      2.916288311767101,
      2.175,
      0.0,
      1
    ],
    [
      -3.054897799515665,
      2.9878269752055675,
      2.175,
      0.0,
      1
    ],
    [
      -2.9772791148751123,
      2.970307711732093,
      2.175,
      0.0,
      1
    ],
    [
      -2.974553492151641,
      2.97323139408378,
      2.175,
      0.0,
      1
    ],
    [
      -2.994654146414925,
      3.0649178956765306,
      2.175,
      0.0,
      1
    ],
    [
      -2.952984814974529,
      2.980672590520466,
      2.175,
      0.0,
      2
    ]
  ],
  "adjacency_matrix": [
    [
      0,
      1,
      0,
      0,
      0,
      0,
      0,
      0
    ],
    [
      1,
      0,
      1,
      0,
      0,
      0,
      0,
      0
    ],
    [
      0,
      1,
      0,
      1,
      0,
      0,
      0,
      0
    ],
    [
      0,
      0,
      1,
      0,
      1,
      0,
      0,
      0
    ],
    [
      0,
      0,
      0,
      1,
      0,
      1,
      0,
      0
    ],
    [
      0,
      0,
      0,
      0,
      1,
      0,
      1,
      0
    ],
    [
      0,
      0,
      0,
      0,
      0,
      1,
      0,
      1
    ],
    [
      0,
      0,
      0,
      0,
      0,
      0,
      1,
      0
    ]
  ],
  "dh_parameters": [
    [
      0.0,
      0.3497928489592219,
      0.0,
      1.5707963267948966
    ],
    [
      0.0,
      0.0,
      0.0,
      -1.5707963267948966
    ],
    [
      0.0,
      0.33198674319824534,
      0.0,
      1.5707963267948966
    ],
    [
      0.07431859681216416,
      0.0,
      0.0,
      1.5707963267948966
    ],
    [
      -0.07915808841017373,
      0.3684449206000814,
      0.0,
      -1.5707963267948966
    ],
    [
      0.0,
      0.0,
      0.0,
      1.5707963267948966
    ],
    [
      0.08907066628249405,
      0.10830183286621435,
      0.0,
      0.0
    ]
  ],
  "morphology_type": "link_scaling"
}