{
  "num_nodes": 8,
  "node_features": [
    [
      0.0,
      0.0,
      0.0,
      0.0,
      0
    ],
    [
      -3.0465129855626474,
      3.025298449231996,
      2.175,
      0.0,
      1
    ],
    [
      -2.9254022790841834,
      3.047178847964718,
      2.175,
      0.0,
      1
    ],
    [
      -3.002428972536551,
      2.985804857018201,
      2.175,
      0.0,
      1
    ],
    [
      -3.0242417735926015,
      2.9416378347511865,
      2.175,
      0.0,
      1
    ],
    [
      -2.9264483681047966,
      2.9616572224980344,
      2.175,
      0.0,
      1
    ],
    [
      -3.041812422612246,
      2.908690829025959,
      2.175,
      0.0,
      1
    ],
    [
      -3.024684104646124,
      3.0521781591283674,
      2.175,
      0.0,
      2
    ]
  ],
  "adjacency_matrix": [
    [
      0,
      1,
      0,
      0,
      0,
      0,
      0,
      0
    ],
    [
      1,
      0,
      1,
      0,
      0,
      0,
      0,
      0
    ],
    [
      0,
      1,
      0,
      1,
      0,
      0,
      0,
      0
    ],
    [
      0,
      0,
      1,
      0,
      1,
      0,
      0,
      0
    ],
    [
      0,
      0,
      0,
      1,
      0,
      1,
      0,
      0
    ],
    [
      0,
      0,
      0,
      0,
      1,
      0,
      1,
      0
    ],
    [
      0,
      0,
      0,
      0,
      0,
      1,
      0,
      1
    ],
    [
      0,
      0,
      0,
      0,
      0,
      0,
      1,
      0
    ]
  ],
  "dh_parameters": [
    [
      0.0,
      0.3246467812200839,
      0.0,
      1.5707963267948966
    ],
    [
      0.0,
      0.0,
      0.0,
      -1.5707963267948966
    ],
    [
      0.0,
      0.32908744290289094,
      0.0,
      1.5707963267948966
    ],
    [
      0.08250315986940493,
      0.0,
      0.0,
      1.5707963267948966
    ],
    [
      -0.08864372864029192,
      0.4125962642166315,
      0.0,
      -1.5707963267948966
    ],
    [
      0.0,
      0.0,
      0.0,
      1.5707963267948966
    ],
    [
      0.0931886203881992,
      0.11330889069928766,
      0.0,
      0.0
    ]
  ],
  "morphology_type": "link_scaling"
}