{
  "num_nodes": 8,
  "node_features": [
    [
      0.0,
      0.0,
      0.0,
      0.0,
      0
    ],
    [
      -3.058894745820765,
      2.940891769337241,
      2.175,
      0.0,
      1
    ],
    [
      -2.9971779250626365,
      2.994099323241689,
      2.175,
      0.0,
      1
    ],
    [
      -3.0659313197070546,
      2.9696246164515765,
      2.175,
      0.0,
      1
    ],
    [
      -2.965657985678126,
      3.059090353716718,
      2.175,
      0.0,
      1
    ],
    [
      -3.0122841330746253,
      3.0210676733241777,
      2.175,
      0.0,
      1
    ],
    [
      -2.972235784922764,
      3.065985397598262,
      2.175,
      0.0,
      1
    ],
    [
      -2.978327520459145,
      2.9330393613858385,
      2.175,
      0.0,
      2
    ]
  ],
  "adjacency_matrix": [
    [
      0,
      1,
      0,
      0,
      0,
      0,
      0,
      0
    ],
    [
      1,
      0,
      1,
      0,
      0,
      0,
      0,
      0
    ],
    [
      0,
      1,
      0,
      1,
      0,
      0,
      0,
      0
    ],
    [
      0,
      0,
      1,
      0,
      1,
      0,
      0,
      0
    ],
    [
      0,
      0,
      0,
      1,
      0,
      1,
      0,
      0
    ],
    [
      0,
      0,
      0,
      0,
      1,
      0,
      1,
      0
    ],
    [
      0,
      0,
      0,
      0,
      0,
      1,
      0,
      1
    ],
    [
      0,
      0,
      0,
      0,
      0,
      0,
      1,
      0
    ]
  ],
  "dh_parameters": [
    [
      0.0,
      0.3236180195680823,
      0.0,
      1.5707963267948966
    ],
    [
      0.0,
      0.0,
      0.0,
      -1.5707963267948966
    ],
    [
      0.0,
      0.2952293969330444,
      0.0,
      1.5707963267948966
    ],
    [
      0.08136898304247155,
      0.0,
      0.0,
      1.5707963267948966
    ],
    [
      -0.08562473565302336,
      0.39854422413043605,
      0.0,
      -1.5707963267948966
    ],
    [
      0.0,
      0.0,
      0.0,
      1.5707963267948966
    ],
    [
      0.0872663899766938,
      0.10610799690347995,
      0.0,
      0.0
    ]
  ],
  "morphology_type": "link_scaling"
}