{
  "num_nodes": 8,
  "node_features": [
    [
      0.0,
      0.0,
      0.0,
      0.0,
      0
    ],
    [
      -2.9043471381485357,
      3.0008862577377586,
      2.175,
      0.0,
      1
    ],
    [
      -3.048851521221626,
      3.0500848249766443,
      2.175,
      0.0,
      1
    ],
    [
      -2.9918407394353648,
      3.0174048565508054,
      2.175,
      0.0,
      1
    ],
    [
      -2.925997773583706,
      3.0287186411324307,
      2.175,
      0.0,
      1
    ],
    [
      -2.909217799019889,
      2.9354590659139994,
      2.175,
      0.0,
      1
    ],
    [
      -3.021656838147573,
      3.0324210100620497,
      2.175,
      0.0,
      1
    ],
    [
      -2.915666064315124,
      2.98836247188902,
      2.175,
      0.0,
      2
    ]
  ],
  "adjacency_matrix": [
    [
      0,
      1,
      0,
      0,
      0,
      0,
      0,
      0
    ],
    [
      1,
      0,
      1,
      0,
      0,
      0,
      0,
      0
    ],
    [
      0,
      1,
      0,
      1,
      0,
      0,
      0,
      0
    ],
    [
      0,
      0,
      1,
      0,
      1,
      0,
      0,
      0
    ],
    [
      0,
      0,
      0,
      1,
      0,
      1,
      0,
      0
    ],
    [
      0,
      0,
      0,
      0,
      1,
      0,
      1,
      0
    ],
    [
      0,
      0,
      0,
      0,
      0,
      1,
      0,
      1
    ],
    [
      0,
      0,
      0,
      0,
      0,
      0,
      1,
      0
    ]
  ],
  "dh_parameters": [
    [
      0.0,
      0.32054473914117154,
      0.0,
      1.5707963267948966
    ],
    [
      0.0,
      0.0,
      0.0,
      -1.5707963267948966
    ],
    [
      0.0,
      0.30050687154042116,
      0.0,
      1.5707963267948966
    ],
    [
      0.0828002359538153,
      0.0,
      0.0,
      1.5707963267948966
    ],
    [
      -0.0813559980941848,
      0.37867519112929654,
      0.0,
      -1.5707963267948966
    ],
    [
      0.0,
      0.0,
      0.0,
      1.5707963267948966
    ],
    [
      0.08553134636382881,
      0.10399834160147366,
      0.0,
      0.0
    ]
  ],
  "morphology_type": "link_scaling"
}