{
  "num_nodes": 8,
  "node_features": [
    [
      0.0,
      0.0,
      0.0,
      0.0,
      0
    ],
    [
      -2.9667714453601772,
      3.0446073851243236,
      2.175,
      0.0,
      1
    ],
    [
      -2.985794505247923,
      2.9917373644485545,
      2.175,
      0.0,
      1
    ],
    [
      -2.964583946289855,
      3.003031428608072,
      2.175,
      0.0,
      1
    ],
    [
      -2.976755461887324,
      3.0285276649528345,
      2.175,
      0.0,
      1
    ],
    [
      -2.9823432194707564,
      3.055246777693137,
      2.175,
      0.0,
      1
    ],
    [
      -2.9311810303202974,
      2.982785349569908,
      2.175,
      0.0,
      1
    ],
    [
      -2.9149391771012976,
      2.932571300016253,
      2.175,
      0.0,
      2
    ]
  ],
  "adjacency_matrix": [
    [
      0,
      1,
      0,
      0,
      0,
      0,
      0,
      0
    ],
    [
      1,
      0,
      1,
      0,
      0,
      0,
      0,
      0
    ],
    [
      0,
      1,
      0,
      1,
      0,
      0,
      0,
      0
    ],
    [
      0,
      0,
      1,
      0,
      1,
      0,
      0,
      0
    ],
    [
      0,
      0,
      0,
      1,
      0,
      1,
      0,
      0
    ],
    [
      0,
      0,
      0,
      0,
      1,
      0,
      1,
      0
    ],
    [
      0,
      0,
      0,
      0,
      0,
      1,
      0,
      1
    ],
    [
      0,
      0,
      0,
      0,
      0,
      0,
      1,
      0
    ]
  ],
  "dh_parameters": [
    [
      0.0,
      0.31093084791353626,
      0.0,
      1.5707963267948966
    ],
    [
      0.0,
      0.0,
      0.0,
      -1.5707963267948966
    ],
    [
      0.0,
      0.311335942784671,
      0.0,
      1.5707963267948966
    ],
    [
      0.08534125360836946,
      0.0,
      0.0,
      1.5707963267948966
    ],
    [
      -0.07601332929082442,
      0.35380749633547365,
      0.0,
      -1.5707963267948966
    ],
    [
      0.0,
      0.0,
      0.0,
      1.5707963267948966
    ],
    [
      0.0932946476261504,
      0.11343781018179652,
      0.0,
      0.0
    ]
  ],
  "morphology_type": "link_scaling"
}