{
  "num_nodes": 8,
  "node_features": [
    [
      0.0,
      0.0,
      0.0,
      0.0,
      0
    ],
    [
      -3.0636849577242953,
      2.92876711671328,
      2.175,
      0.0,
      1
    ],
    [
      -2.9930979965112936,
      2.9451523430668374,
      2.175,
      0.0,
      1
    ],
    [
      -2.9244925526569756,
      2.9700976779174533,
      2.175,
      0.0,
      1
    ],
    [
      -2.9536338606409624,
      2.984061590131936,
      2.175,
      0.0,
      1
    ],
    [
      -2.937441282245854,
      2.9701397199568986,
      2.175,
      0.0,
      1
    ],
    [
      -3.014543861130278,
      2.971890217935564,
      2.175,
      0.0,
      1
    ],
    [
      -2.9836944965819345,
      3.017935754457115,
      2.175,
      0.0,
      2
    ]
  ],
  "adjacency_matrix": [
    [
      0,
      1,
      0,
      0,
      0,
      0,
      0,
      0
    ],
    [
      1,
      0,
      1,
      0,
      0,
      0,
      0,
      0
    ],
    [
      0,
      1,
      0,
      1,
      0,
      0,
      0,
      0
    ],
    [
      0,
      0,
      1,
      0,
      1,
      0,
      0,
      0
    ],
    [
      0,
      0,
      0,
      1,
      0,
      1,
      0,
      0
    ],
    [
      0,
      0,
      0,
      0,
      1,
      0,
      1,
      0
    ],
    [
      0,
      0,
      0,
      0,
      0,
      1,
      0,
      1
    ],
    [
      0,
      0,
      0,
      0,
      0,
      0,
      1,
      0
    ]
  ],
  "dh_parameters": [
    [
      0.0,
      0.3577286416120174,
      0.0,
      1.5707963267948966
    ],
    [
      0.0,
      0.0,
      0.0,
      -1.5707963267948966
    ],
    [
      0.0,
      0.3252152631842365,
      0.0,
      1.5707963267948966
    ],
    [
      0.08953141718848916,
      0.0,
      0.0,
      1.5707963267948966
    ],
    [
      -0.07605526491245759,
      0.3540026875925299,
      0.0,
      -1.5707963267948966
    ],
    [
      0.0,
      0.0,
      0.0,
      1.5707963267948966
    ],
    [
      0.08496332440574764,
      0.10330767853880679,
      0.0,
      0.0
    ]
  ],
  "morphology_type": "link_scaling"
}