{
  "num_nodes": 8,
  "node_features": [
    [
      0.0,
      0.0,
      0.0,
      0.0,
      0
    ],
    [
      -2.9016427264838147,
      3.0685089511310526,
      2.175,
      0.0,
      1
    ],
    [
      -3.004697287968853,
      2.9316045986281445,
      2.175,
      0.0,
      1
    ],
    [
      -2.9130201052878104,
      3.0419181647107436,
      2.175,
      0.0,
      1
    ],
    [
      -2.9538159104307686,
      2.9168192825593136,
      2.175,
      0.0,
      1
    ],
    [
      -3.0100734686097006,
      3.0639522247547273,
      2.175,
      0.0,
      1
    ],
    [
      -3.0692230283885333,
      2.924989642869678,
      2.175,
      0.0,
      1
    ],
    [
      -2.9202495862549305,
      2.9687295983864783,
      2.175,
      0.0,
      2
    ]
  ],
  "adjacency_matrix": [
    [
      0,
      1,
      0,
      0,
      0,
      0,
      0,
      0
    ],
    [
      1,
      0,
      1,
      0,
      0,
      0,
      0,
      0
    ],
    [
      0,
      1,
      0,
      1,
      0,
      0,
      0,
      0
    ],
    [
      0,
      0,
      1,
      0,
      1,
      0,
      0,
      0
    ],
    [
      0,
      0,
      0,
      1,
      0,
      1,
      0,
      0
    ],
    [
      0,
      0,
      0,
      0,
      1,
      0,
      1,
      0
    ],
    [
      0,
      0,
      0,
      0,
      0,
      1,
      0,
      1
    ],
    [
      0,
      0,
      0,
      0,
      0,
      0,
      1,
      0
    ]
  ],
  "dh_parameters": [
    [
      0.0,
      0.3250486514141696,
      0.0,
      1.5707963267948966
    ],
    [
      0.0,
      0.0,
      0.0,
      -1.5707963267948966
    ],
    [
      0.0,
      0.29937744597379884,
      0.0,
      1.5707963267948966
    ],
    [
      0.08470098785591734,
      0.0,
      0.0,
      1.5707963267948966
    ],
    [
      -0.08173452439282203,
      0.38043705899204433,
      0.0,
      -1.5707963267948966
    ],
    [
      0.0,
      0.0,
      0.0,
      1.5707963267948966
    ],
    [
      0.08641805186598918,
      0.10507649488250957,
      0.0,
      0.0
    ]
  ],
  "morphology_type": "link_scaling"
}