{
  "num_nodes": 8,
  "node_features": [
    [
      0.0,
      0.0,
      0.0,
      0.0,
      0
    ],
    [
      -2.921500852445607,
      2.9292544760699064,
      2.175,
      0.0,
      1
    ],
    [
      -2.9182500059898713,
      3.017818928144399,
      2.175,
      0.0,
      1
    ],
    [
      -3.0212578589914223,
      2.943437189569923,
      2.175,
      0.0,
      1
    ],
    [
      -3.029604623961692,
      3.0364313128990705,
      2.175,
      0.0,
      1
    ],
    [
      -3.05933994746637,
      3.060560459226514,
      2.175,
      0.0,
      1
    ],
    [
      -2.942100447058594,
      2.9368190092547337,
      2.175,
      0.0,
      1
    ],
    [
      -2.9473242103333406,
      2.932067031699382,
      2.175,
      0.0,
      2
    ]
  ],
  "adjacency_matrix": [
    [
      0,
      1,
      0,
      0,
      0,
      0,
      0,
      0
    ],
    [
      1,
      0,
      1,
      0,
      0,
      0,
      0,
      0
    ],
    [
      0,
      1,
      0,
      1,
      0,
      0,
      0,
      0
    ],
    [
      0,
      0,
      1,
      0,
      1,
      0,
      0,
      0
    ],
    [
      0,
      0,
      0,
      1,
      0,
      1,
      0,
      0
    ],
    [
      0,
      0,
      0,
      0,
      1,
      0,
      1,
      0
    ],
    [
      0,
      0,
      0,
      0,
      0,
      1,
      0,
      1
    ],
    [
      0,
      0,
      0,
      0,
      0,
      0,
      1,
      0
    ]
  ],
  "dh_parameters": [
    [
      0.0,
      0.3071212912849994,
      0.0,
      1.5707963267948966
    ],
    [
      0.0,
      0.0,
      0.0,
      -1.5707963267948966
    ],
    [
      0.0,
      0.323194430552271,
      0.0,
      1.5707963267948966
    ],
    [
      0.07569843516649304,
      0.0,
      0.0,
      1.5707963267948966
    ],
    [
      -0.0763842584246579,
      0.3555340028493168,
      0.0,
      -1.5707963267948966
    ],
    [
      0.0,
      0.0,
      0.0,
      1.5707963267948966
    ],
    [
      0.08091417913366492,
      0.09838428599206984,
      0.0,
      0.0
    ]
  ],
  "morphology_type": "link_scaling"
}