{
  "num_nodes": 8,
  "node_features": [
    [
      0.0,
      0.0,
      0.0,
      0.0,
      0
    ],
    [
      -2.98984042939414,
      3.0681386144210623,
      2.175,
      0.0,
      1
    ],
    [
      -3.0548206785488894,
      3.0407299126902303,
      2.175,
      0.0,
      1
    ],
    [
      -3.0146483536083273,
      2.924871181890891,
      2.175,
      0.0,
      1
    ],
    [
      -2.963451004831859,
      2.957883234755638,
      2.175,
      0.0,
      1
    ],
    [
      -2.9064211988987907,
      2.939712102412379,
      2.175,
      0.0,
      1
    ],
    [
      -2.992097179566264,
      2.929428625605624,
      2.175,
      0.0,
      1
    ],
    [
      -2.902863671106968,
      2.9310897428492932,
      2.175,
      0.0,
      2
    ]
  ],
  "adjacency_matrix": [
    [
      0,
      1,
      0,
      0,
      0,
      0,
      0,
      0
    ],
    [
      1,
      0,
      1,
      0,
      0,
      0,
      0,
      0
    ],
    [
      0,
      1,
      0,
      1,
      0,
      0,
      0,
      0
    ],
    [
      0,
      0,
      1,
      0,
      1,
      0,
      0,
      0
    ],
    [
      0,
      0,
      0,
      1,
      0,
      1,
      0,
      0
    ],
    [
      0,
      0,
      0,
      0,
      1,
      0,
      1,
      0
    ],
    [
      0,
      0,
      0,
      0,
      0,
      1,
      0,
      1
    ],
    [
      0,
      0,
      0,
      0,
      0,
      0,
      1,
      0
    ]
  ],
  "dh_parameters": [
    [
      0.0,
      0.3152168395291218,
      0.0,
      1.5707963267948966
    ],
    [
      0.0,
      0.0,
      0.0,
      -1.5707963267948966
    ],
    [
      0.0,
      0.33151565109288705,
      0.0,
      1.5707963267948966
    ],
    [
      0.08041526720224718,
      0.0,
      0.0,
      1.5707963267948966
    ],
    [
      -0.08256233205537954,
      0.38429012738503926,
      0.0,
      -1.5707963267948966
    ],
    [
      0.0,
      0.0,
      0.0,
      1.5707963267948966
    ],
    [
      0.08825790816707825,
      0.10731359288497015,
      0.0,
      0.0
    ]
  ],
  "morphology_type": "link_scaling"
}