{
  "num_nodes": 8,
  "node_features": [
    [
      0.0,
      0.0,
      0.0,
      0.0,
      0
    ],
    [
      -2.9489876619047237,
      2.9523768540122073,
      2.175,
      0.0,
      1
    ],
    [
      -3.0643651199133903,
      2.930883671813196,
      2.175,
      0.0,
      1
    ],
    [
      -3.055966559444866,
      3.057955696490836,
      2.175,
      0.0,
      1
    ],
    [
      -3.054383377268862,
      3.001649674544763,
      2.175,
      0.0,
      1
    ],
    [
      -3.0516846639529436,
      2.9057331747375783,
      2.175,
      0.0,
      1
    ],
    [
      -2.9838925151334923,
      3.015928346126454,
      2.175,
      0.0,
      1
    ],
    [
      -2.923425280021255,
      3.035824787671381,
      2.175,
      0.0,
      2
    ]
  ],
  "adjacency_matrix": [
    [
      0,
      1,
      0,
      0,
      0,
      0,
      0,
      0
    ],
    [
      1,
      0,
      1,
      0,
      0,
      0,
      0,
      0
    ],
    [
      0,
      1,
      0,
      1,
      0,
      0,
      0,
      0
    ],
    [
      0,
      0,
      1,
      0,
      1,
      0,
      0,
      0
    ],
    [
      0,
      0,
      0,
      1,
      0,
      1,
      0,
      0
    ],
    [
      0,
      0,
      0,
      0,
      1,
      0,
      1,
      0
    ],
    [
      0,
      0,
      0,
      0,
      0,
      1,
      0,
      1
    ],
    [
      0,
      0,
      0,
      0,
      0,
      0,
      1,
      0
    ]
  ],
  "dh_parameters": [
    [
      0.0,
      0.3573858791676355,
      0.0,
      1.5707963267948966
    ],
    [
      0.0,
      0.0,
      0.0,
      -1.5707963267948966
    ],
    [
      0.0,
      0.34256111488270985,
      0.0,
      1.5707963267948966
    ],
    [
      0.08052172120685312,
      0.0,
      0.0,
      1.5707963267948966
    ],
    [
      -0.09003164510907079,
      0.4190563845076749,
      0.0,
      -1.5707963267948966
    ],
    [
      0.0,
      0.0,
      0.0,
      1.5707963267948966
    ],
    [
      0.07925813017716668,
      0.09637068101087312,
      0.0,
      0.0
    ]
  ],
  "morphology_type": "link_scaling"
}