{
  "num_nodes": 8,
  "node_features": [
    [
      0.0,
      0.0,
      0.0,
      0.0,
      0
    ],
    [
      -2.9465616657922653,
      3.055896257921297,
      2.175,
      0.0,
      1
    ],
    [
      -3.028186876606979,
      3.0424525269954077,
      2.175,
      0.0,
      1
    ],
    [
      -2.9748773783619713,
      3.0138977900789024,
      2.175,
      0.0,
      1
    ],
    [
      -3.0162676310244985,
      3.0198641597825095,
      2.175,
      0.0,
      1
    ],
    [
      -3.0440424982366516,
      3.0530987336478823,
      2.175,
      0.0,
      1
    ],
    [
      -2.996216505660906,
      2.944252090338784,
      2.175,
      0.0,
      1
    ],
    [
      -3.0606467755078093,
      3.024490325938631,
      2.175,
      0.0,
      2
    ]
  ],
  "adjacency_matrix": [
    [
      0,
      1,
      0,
      0,
      0,
      0,
      0,
      0
    ],
    [
      1,
      0,
      1,
      0,
      0,
      0,
      0,
      0
    ],
    [
      0,
      1,
      0,
      1,
      0,
      0,
      0,
      0
    ],
    [
      0,
      0,
      1,
      0,
      1,
      0,
      0,
      0
    ],
    [
      0,
      0,
      0,
      1,
      0,
      1,
      0,
      0
    ],
    [
      0,
      0,
      0,
      0,
      1,
      0,
      1,
      0
    ],
    [
      0,
      0,
      0,
      0,
      0,
      1,
      0,
      1
    ],
    [
      0,
      0,
      0,
      0,
      0,
      0,
      1,
      0
    ]
  ],
  "dh_parameters": [
    [
      0.0,
      0.34367367924319603,
      0.0,
      1.5707963267948966
    ],
    [
      0.0,
      0.0,
      0.0,
      -1.5707963267948966
    ],
    [
      0.0,
      0.3115949925392384,
      0.0,
      1.5707963267948966
    ],
    [
      0.07891691754118194,
      0.0,
      0.0,
      1.5707963267948966
    ],
    [
      -0.08490507820464432,
      0.39519454582525354,
      0.0,
      -1.5707963267948966
    ],
    [
      0.0,
      0.0,
      0.0,
      1.5707963267948966
    ],
    [
      0.09266664973243768,
      0.11267422183375946,
      0.0,
      0.0
    ]
  ],
  "morphology_type": "link_scaling"
}