{
  "num_nodes": 8,
  "node_features": [
    [
      0.0,
      0.0,
      0.0,
      0.0,
      0
    ],
    [
      -2.955499343718704,
      2.920158121619756,
      2.175,
      0.0,
      1
    ],
    [
      -3.0180393229947104,
      3.0690371734434385,
      2.175,
      0.0,
      1
    ],
    [
      -2.9375948696524987,
      3.047018218040588,
      2.175,
      0.0,
      1
    ],
    [
      -3.0548752744903713,
      2.922349316995426,
      2.175,
      0.0,
      1
    ],
    [
      -3.058230523833105,
      3.0371168219186,
      2.175,
      0.0,
      1
    ],
    [
      -2.9511963886338015,
      2.906680178865705,
      2.175,
      0.0,
      1
    ],
    [
      -2.964639012505791,
      3.0380777730979016,
      2.175,
      0.0,
      2
    ]
  ],
  "adjacency_matrix": [
    [
      0,
      1,
      0,
      0,
      0,
      0,
      0,
      0
    ],
    [
      1,
      0,
      1,
      0,
      0,
      0,
      0,
      0
    ],
    [
      0,
      1,
      0,
      1,
      0,
      0,
      0,
      0
    ],
    [
      0,
      0,
      1,
      0,
      1,
      0,
      0,
      0
    ],
    [
      0,
      0,
      0,
      1,
      0,
      1,
      0,
      0
    ],
    [
      0,
      0,
      0,
      0,
      1,
      0,
      1,
      0
    ],
    [
      0,
      0,
      0,
      0,
      0,
      1,
      0,
      1
    ],
    [
      0,
      0,
      0,
      0,
      0,
      0,
      1,
      0
    ]
  ],
  "dh_parameters": [
    [
      0.0,
      0.30475114573255896,
      0.0,
      1.5707963267948966
    ],
    [
      0.0,
      0.0,
      0.0,
      -1.5707963267948966
    ],
    [
      0.0,
      0.33630875409572003,
      0.0,
      1.5707963267948966
    ],
    [
      0.08958084270620806,
      0.0,
      0.0,
      1.5707963267948966
    ],
    [
      -0.08970589824563947,
      0.41754018092515827,
      0.0,
      -1.5707963267948966
    ],
    [
      0.0,
      0.0,
      0.0,
      1.5707963267948966
    ],
    [
      0.09046857330059033,
      0.11000156071776325,
      0.0,
      0.0
    ]
  ],
  "morphology_type": "link_scaling"
}