{
  "num_nodes": 8,
  "node_features": [
    [
      0.0,
      0.0,
      0.0,
      0.0,
      0
    ],
    [
      -3.0160838433295485,
      2.9666585192040893,
      2.175,
      0.0,
      1
    ],
    [
      -3.0114852279720488,
      2.9294571915385497,
      2.175,
      0.0,
      1
    ],
    [
      -3.0529648704375134,
      3.0601693479987304,
      2.175,
      0.0,
      1
    ],
    [
      -2.963548874448918,
      2.988501204267194,
      2.175,
      0.0,
      1
    ],
    [
      -2.9100028832362517,
      2.9247236914285,
      2.175,
      0.0,
      1
    ],
    [
      -2.911099910265401,
      3.0357221907046776,
      2.175,
      0.0,
      1
    ],
    [
      -2.9629614863944083,
      3.0043046566879523,
      2.175,
      0.0,
      2
    ]
  ],
  "adjacency_matrix": [
    [
      0,
      1,
      0,
      0,
      0,
      0,
      0,
      0
    ],
    [
      1,
      0,
      1,
      0,
      0,
      0,
      0,
      0
    ],
    [
      0,
      1,
      0,
      1,
      0,
      0,
      0,
      0
    ],
    [
      0,
      0,
      1,
      0,
      1,
      0,
      0,
      0
    ],
    [
      0,
      0,
      0,
      1,
      0,
      1,
      0,
      0
    ],
    [
      0,
      0,
      0,
      0,
      1,
      0,
      1,
      0
    ],
    [
      0,
      0,
      0,
      0,
      0,
      1,
      0,
      1
    ],
    [
      0,
      0,
      0,
      0,
      0,
      0,
      1,
      0
    ]
  ],
  "dh_parameters": [
    [
      0.0,
      0.36200081434376075,
      0.0,
      1.5707963267948966
    ],
    [
      0.0,
      0.0,
      0.0,
      -1.5707963267948966
    ],
    [
      0.0,
      0.3317941906912324,
      0.0,
      1.5707963267948966
    ],
    [
      0.08707441541510025,
      0.0,
      0.0,
      1.5707963267948966
    ],
    [
      -0.08516626369520026,
      0.396410245563114,
      0.0,
      -1.5707963267948966
    ],
    [
      0.0,
      0.0,
      0.0,
      1.5707963267948966
    ],
    [
      0.09102927302386943,
      0.11068332060856852,
      0.0,
      0.0
    ]
  ],
  "morphology_type": "link_scaling"
}