{
  "num_nodes": 8,
  "node_features": [
    [
      0.0,
      0.0,
      0.0,
      0.0,
      0
    ],
    [
      -3.042861061084388,
      3.041462600749351,
      2.175,
      0.0,
      1
    ],
    [
      -2.9615462698775166,
      3.0517402413602297,
      2.175,
      0.0,
      1
    ],
    [
      -3.0215835812129117,
      2.9251916132216618,
      2.175,
      0.0,
      1
    ],
    [
      -2.9676932997634067,
      3.053390397988381,
      2.175,
      0.0,
      1
    ],
    [
      -3.0362565581413,
      2.9456770357849744,
      2.175,
      0.0,
      1
    ],
    [
      -2.9397772042843067,
      2.929835287027112,
      2.175,
      0.0,
      1
    ],
    [
      -2.938981857076102,
      3.000374237961828,
      2.175,
      0.0,
      2
    ]
  ],
  "adjacency_matrix": [
    [
      0,
      1,
      0,
      0,
      0,
      0,
      0,
      0
    ],
    [
      1,
      0,
      1,
      0,
      0,
      0,
      0,
      0
    ],
    [
      0,
      1,
      0,
      1,
      0,
      0,
      0,
      0
    ],
    [
      0,
      0,
      1,
      0,
      1,
      0,
      0,
      0
    ],
    [
      0,
      0,
      0,
      1,
      0,
      1,
      0,
      0
    ],
    [
      0,
      0,
      0,
      0,
      1,
      0,
      1,
      0
    ],
    [
      0,
      0,
      0,
      0,
      0,
      1,
      0,
      1
    ],
    [
      0,
      0,
      0,
      0,
      0,
      0,
      1,
      0
    ]
  ],
  "dh_parameters": [
    [
      0.0,
      0.32650217306443796,
      0.0,
      1.5707963267948966
    ],
    [
      0.0,
      0.0,
      0.0,
      -1.5707963267948966
    ],
    [
      0.0,
      0.33967014657752703,
      0.0,
      1.5707963267948966
    ],
    [
      0.09065083165384133,
      0.0,
      0.0,
      1.5707963267948966
    ],
    [
      -0.08685532395281625,
      0.4042720533076538,
      0.0,
      -1.5707963267948966
    ],
    [
      0.0,
      0.0,
      0.0,
      1.5707963267948966
    ],
    [
      0.08175934983911518,
      0.09941193673619686,
      0.0,
      0.0
    ]
  ],
  "morphology_type": "link_scaling"
}