{
  "num_nodes": 8,
  "node_features": [
    [
      0.0,
      0.0,
      0.0,
      0.0,
      0
    ],
    [
      -2.9463496831201654,
      2.942975521183965,
      2.175,
      0.0,
      1
    ],
    [
      -2.988292940262784,
      3.0119365398760105,
      2.175,
      0.0,
      1
    ],
    [
      -3.0564931631451446,
      3.0461478759176988,
      2.175,
      0.0,
      1
    ],
    [
      -3.0692515426528266,
      3.0060262747376756,
      2.175,
      0.0,
      1
    ],
    [
      -3.005803973018458,
      2.9019667729753547,
      2.175,
      0.0,
      1
    ],
    [
      -3.0346253226833166,
      2.9062233725753472,
      2.175,
      0.0,
      1
    ],
    [
      -3.0462541385483815,
      3.0493367845277155,
      2.175,
      0.0,
      2
    ]
  ],
  "adjacency_matrix": [
    [
      0,
      1,
      0,
      0,
      0,
      0,
      0,
      0
    ],
    [
      1,
      0,
      1,
      0,
      0,
      0,
      0,
      0
    ],
    [
      0,
      1,
      0,
      1,
      0,
      0,
      0,
      0
    ],
    [
      0,
      0,
      1,
      0,
      1,
      0,
      0,
      0
    ],
    [
      0,
      0,
      0,
      1,
      0,
      1,
      0,
      0
    ],
    [
      0,
      0,
      0,
      0,
      1,
      0,
      1,
      0
    ],
    [
      0,
      0,
      0,
      0,
      0,
      1,
      0,
      1
    ],
    [
      0,
      0,
      0,
      0,
      0,
      0,
      1,
      0
    ]
  ],
  "dh_parameters": [
    [
      0.0,
      0.30781453159063726,
      0.0,
      1.5707963267948966
    ],
    [
      0.0,
      0.0,
      0.0,
      -1.5707963267948966
    ],
    [
      0.0,
      0.332333408493853,
      0.0,
      1.5707963267948966
    ],
    [
      0.08408169530756737,
      0.0,
      0.0,
      1.5707963267948966
    ],
    [
      -0.08430674448389387,
      0.3924095743250333,
      0.0,
      -1.5707963267948966
    ],
    [
      0.0,
      0.0,
      0.0,
      1.5707963267948966
    ],
    [
      0.09192277896352179,
      0.11176974260337308,
      0.0,
      0.0
    ]
  ],
  "morphology_type": "link_scaling"
}