{
  "num_nodes": 8,
  "node_features": [
    [
      0.0,
      0.0,
      0.0,
      0.0,
      0
    ],
    [
      -2.922809126463313,
      3.0424370350602903,
      2.175,
      0.0,
      1
    ],
    [
      -2.989637369665181,
      2.9368919893981213,
      2.175,
      0.0,
      1
    ],
    [
      -2.9200297210583255,
      3.046246112687711,
      2.175,
      0.0,
      1
    ],
    [
      -3.0151427623578893,
      2.915038640251229,
      2.175,
      0.0,
      1
    ],
    [
      -3.0643134177665807,
      3.0005006327603803,
      2.175,
      0.0,
      1
    ],
    [
      -2.9001540072188843,
      3.056756561125526,
      2.175,
      0.0,
      1
    ],
    [
      -3.0589583900917767,
      2.9334495486572267,
      2.175,
      0.0,
      2
    ]
  ],
  "adjacency_matrix": [
    [
      0,
      1,
      0,
      0,
      0,
      0,
      0,
      0
    ],
    [
      1,
      0,
      1,
      0,
      0,
      0,
      0,
      0
    ],
    [
      0,
      1,
      0,
      1,
      0,
      0,
      0,
      0
    ],
    [
      0,
      0,
      1,
      0,
      1,
      0,
      0,
      0
    ],
    [
      0,
      0,
      0,
      1,
      0,
      1,
      0,
      0
    ],
    [
      0,
      0,
      0,
      0,
      1,
      0,
      1,
      0
    ],
    [
      0,
      0,
      0,
      0,
      0,
      1,
      0,
      1
    ],
    [
      0,
      0,
      0,
      0,
      0,
      0,
      1,
      0
    ]
  ],
  "dh_parameters": [
    [
      0.0,
      0.33686502210221625,
      0.0,
      1.5707963267948966
    ],
    [
      0.0,
      0.0,
      0.0,
      -1.5707963267948966
    ],
    [
      0.0,
      0.3296771998363465,
      0.0,
      1.5707963267948966
    ],
    [
      0.07905099613786566,
      0.0,
      0.0,
      1.5707963267948966
    ],
    [
      -0.07510269758004577,
      0.3495689196453039,
      0.0,
      -1.5707963267948966
    ],
    [
      0.0,
      0.0,
      0.0,
      1.5707963267948966
    ],
    [
      0.08656668500604481,
      0.10525721926871358,
      0.0,
      0.0
    ]
  ],
  "morphology_type": "link_scaling"
}