{
  "num_nodes": 8,
  "node_features": [
    [
      0.0,
      0.0,
      0.0,
      0.0,
      0
    ],
    [
      -2.9250111832977828,
      2.9980982561861746,
      2.175,
      0.0,
      1
    ],
    [
      -2.9437421480959105,
      3.0446049757096123,
      2.175,
      0.0,
      1
    ],
    [
      -2.910417151887534,
      2.9368873102427826,
      2.175,
      0.0,
      1
    ],
    [
      -2.9622921992611952,
      2.9275688262337187,
      2.175,
      0.0,
      1
    ],
    [
      -2.9504455605813193,
      2.9783987094047113,
      2.175,
      0.0,
      1
    ],
    [
      -3.0175143726820943,
      3.0119222142275133,
      2.175,
      0.0,
      1
    ],
    [
      -2.9171103386949406,
      3.0635429792683166,
      2.175,
      0.0,
      2
    ]
  ],
  "adjacency_matrix": [
    [
      0,
      1,
      0,
      0,
      0,
      0,
      0,
      0
    ],
    [
      1,
      0,
      1,
      0,
      0,
      0,
      0,
      0
    ],
    [
      0,
      1,
      0,
      1,
      0,
      0,
      0,
      0
    ],
    [
      0,
      0,
      1,
      0,
      1,
      0,
      0,
      0
    ],
    [
      0,
      0,
      0,
      1,
      0,
      1,
      0,
      0
    ],
    [
      0,
      0,
      0,
      0,
      1,
      0,
      1,
      0
    ],
    [
      0,
      0,
      0,
      0,
      0,
      1,
      0,
      1
    ],
    [
      0,
      0,
      0,
      0,
      0,
      0,
      1,
      0
    ]
  ],
  "dh_parameters": [
    [
      0.0,
      0.35531750032777665,
      0.0,
      1.5707963267948966
    ],
    [
      0.0,
      0.0,
      0.0,
      -1.5707963267948966
    ],
    [
      0.0,
      0.34025571297479595,
      0.0,
      1.5707963267948966
    ],
    [
      0.08284181917795085,
      0.0,
      0.0,
      1.5707963267948966
    ],
    [
      -0.08261724366136647,
      0.3845457159510876,
      0.0,
      -1.5707963267948966
    ],
    [
      0.0,
      0.0,
      0.0,
      1.5707963267948966
    ],
    [
      0.08478019374832571,
      0.10308500830762331,
      0.0,
      0.0
    ]
  ],
  "morphology_type": "link_scaling"
}