{
  "num_nodes": 8,
  "node_features": [
    [
      0.0,
      0.0,
      0.0,
      0.0,
      0
    ],
    [
      -2.9003220127171496,
      2.903378001654423,
      2.175,
      0.0,
      1
    ],
    [
      -3.0496441540964025,
      3.033305382515612,
      2.175,
      0.0,
      1
    ],
    [
      -2.9757767869230736,
      2.990291040511344,
      2.175,
      0.0,
      1
    ],
    [
      -3.0366459927494605,
      3.0005208785015274,
      2.175,
      0.0,
      1
    ],
    [
      -3.0201924803155196,
      2.925126603138208,
      2.175,
      0.0,
      1
    ],
    [
      -2.9544887445870454,
      3.017457407484534,
      2.175,
      0.0,
      1
    ],
    [
      -2.9521454544605104,
      2.9325339781864432,
      2.175,
      0.0,
      2
    ]
  ],
  "adjacency_matrix": [
    [
      0,
      1,
      0,
      0,
      0,
      0,
      0,
      0
    ],
    [
      1,
      0,
      1,
      0,
      0,
      0,
      0,
      0
    ],
    [
      0,
      1,
      0,
      1,
      0,
      0,
      0,
      0
    ],
    [
      0,
      0,
      1,
      0,
      1,
      0,
      0,
      0
    ],
    [
      0,
      0,
      0,
      1,
      0,
      1,
      0,
      0
    ],
    [
      0,
      0,
      0,
      0,
      1,
      0,
      1,
      0
    ],
    [
      0,
      0,
      0,
      0,
      0,
      1,
      0,
      1
    ],
    [
      0,
      0,
      0,
      0,
      0,
      0,
      1,
      0
    ]
  ],
  "dh_parameters": [
    [
      0.0,
      0.3383637917829216,
      0.0,
      1.5707963267948966
    ],
    [
      0.0,
      0.0,
      0.0,
      -1.5707963267948966
    ],
    [
      0.0,
      0.2850840025978418,
      0.0,
      1.5707963267948966
    ],
    [
      0.07852404680973331,
      0.0,
      0.0,
      1.5707963267948966
    ],
    [
      -0.07502090098436481,
      0.34918819367267984,
      0.0,
      -1.5707963267948966
    ],
    [
      0.0,
      0.0,
      0.0,
      1.5707963267948966
    ],
    [
      0.0825932224617917,
      0.10042585003876946,
      0.0,
      0.0
    ]
  ],
  "morphology_type": "link_scaling"
}