{
  "num_nodes": 8,
  "node_features": [
    [
      0.0,
      0.0,
      0.0,
      0.0,
      0
    ],
    [
      -3.0080977445727672,
      2.911842914545668,
      2.175,
      0.0,
      1
    ],
    [
      -2.961616091523038,
      3.0142820202709943,
      2.175,
      0.0,
      1
    ],
    [
      -3.0113364491873877,
      3.0587923412412943,
      2.175,
      0.0,
      1
    ],
    [
      -2.9918668252276857,
      3.03316246189531,
      2.175,
      0.0,
      1
    ],
    [
      -2.941145255826011,
      3.008390888555439,
      2.175,
      0.0,
      1
    ],
    [
      -3.043794308783717,
      3.0272961849064597,
      2.175,
      0.0,
      1
    ],
    [
      -2.9542657393463,
      3.0460857707912217,
      2.175,
      0.0,
      2
    ]
  ],
  "adjacency_matrix": [
    [
      0,
      1,
      0,
      0,
      0,
      0,
      0,
      0
    ],
    [
      1,
      0,
      1,
      0,
      0,
      0,
      0,
      0
    ],
    [
      0,
      1,
      0,
      1,
      0,
      0,
      0,
      0
    ],
    [
      0,
      0,
      1,
      0,
      1,
      0,
      0,
      0
    ],
    [
      0,
      0,
      0,
      1,
      0,
      1,
      0,
      0
    ],
    [
      0,
      0,
      0,
      0,
      1,
      0,
      1,
      0
    ],
    [
      0,
      0,
      0,
      0,
      0,
      1,
      0,
      1
    ],
    [
      0,
      0,
      0,
      0,
      0,
      0,
      1,
      0
    ]
  ],
  "dh_parameters": [
    [
      0.0,
      0.30153683189920805,
      0.0,
      1.5707963267948966
    ],
    [
      0.0,
      0.0,
      0.0,
      -1.5707963267948966
    ],
    [
      0.0,
      0.3194752098798852,
      0.0,
      1.5707963267948966
    ],
    [
      0.07654003095682901,
      0.0,
      0.0,
      1.5707963267948966
    ],
    [
      -0.07486967988194582,
      0.34848432817778413,
      0.0,
      -1.5707963267948966
    ],
    [
      0.0,
      0.0,
      0.0,
      1.5707963267948966
    ],
    [
      0.08423938570619303,
      0.10242743489275744,
      0.0,
      0.0
    ]
  ],
  "morphology_type": "link_scaling"
}