{
  "num_nodes": 8,
  "node_features": [
    [
      0.0,
      0.0,
      0.0,
      0.0,
      0
    ],
    [
      -3.008172176919302,
      3.065331427827401,
      2.175,
      0.0,
      1
    ],
    [
      -2.999941734939879,
      2.957570978813068,
      2.175,
      0.0,
      1
    ],
    [
      -3.048008597078338,
      2.9010121219504637,
      2.175,
      0.0,
      1
    ],
    [
      -3.0382305465991766,
      2.922767345404207,
      2.175,
      0.0,
      1
    ],
    [
      -3.0146824546477258,
      3.00024182704269,
      2.175,
      0.0,
      1
    ],
    [
      -2.936702149379293,
      3.0077079117272936,
      2.175,
      0.0,
      1
    ],
    [
      -3.0429534041075024,
      3.05108991990354,
      2.175,
      0.0,
      2
    ]
  ],
  "adjacency_matrix": [
    [
      0,
      1,
      0,
      0,
      0,
      0,
      0,
      0
    ],
    [
      1,
      0,
      1,
      0,
      0,
      0,
      0,
      0
    ],
    [
      0,
      1,
      0,
      1,
      0,
      0,
      0,
      0
    ],
    [
      0,
      0,
      1,
      0,
      1,
      0,
      0,
      0
    ],
    [
      0,
      0,
      0,
      1,
      0,
      1,
      0,
      0
    ],
    [
      0,
      0,
      0,
      0,
      1,
      0,
      1,
      0
    ],
    [
      0,
      0,
      0,
      0,
      0,
      1,
      0,
      1
    ],
    [
      0,
      0,
      0,
      0,
      0,
      0,
      1,
      0
    ]
  ],
  "dh_parameters": [
    [
      0.0,
      0.3076409950087138,
      0.0,
      1.5707963267948966
    ],
    [
      0.0,
      0.0,
      0.0,
      -1.5707963267948966
    ],
    [
      0.0,
      0.32581689494250304,
      0.0,
      1.5707963267948966
    ],
    [
      0.0756190072383701,
      0.0,
      0.0,
      1.5707963267948966
    ],
    [
      -0.08220021637265273,
      0.38260464347998363,
      0.0,
      -1.5707963267948966
    ],
    [
      0.0,
      0.0,
      0.0,
      1.5707963267948966
    ],
    [
      0.07952470352090801,
      0.09669480996292225,
      0.0,
      0.0
    ]
  ],
  "morphology_type": "link_scaling"
}