{
  "num_nodes": 8,
  "node_features": [
    [
      0.0,
      0.0,
      0.0,
      0.0,
      0
    ],
    [
      -2.957223881034274,
      3.016920082495497,
      2.175,
      0.0,
      1
    ],
    [
      -2.9519195814402877,
      3.0638969021794584,
      2.175,
      0.0,
      1
    ],
    [
      -2.9193164394133344,
      2.9566500366016513,
      2.175,
      0.0,
      1
    ],
    [
      -3.0638264252246272,
      3.033287326473695,
      2.175,
      0.0,
      1
    ],
    [
      -3.0400991523203067,
      2.9360283423503786,
      2.175,
      0.0,
      1
    ],
    [
      -3.0678793842983554,
      3.0438528229916515,
      2.175,
      0.0,
      1
    ],
    [
      -2.972312005206294,
      2.901273500213588,
      2.175,
      0.0,
      2
    ]
  ],
  "adjacency_matrix": [
    [
      0,
      1,
      0,
      0,
      0,
      0,
      0,
      0
    ],
    [
      1,
      0,
      1,
      0,
      0,
      0,
      0,
      0
    ],
    [
      0,
      1,
      0,
      1,
      0,
      0,
      0,
      0
    ],
    [
      0,
      0,
      1,
      0,
      1,
      0,
      0,
      0
    ],
    [
      0,
      0,
      0,
      1,
      0,
      1,
      0,
      0
    ],
    [
      0,
      0,
      0,
      0,
      1,
      0,
      1,
      0
    ],
    [
      0,
      0,
      0,
      0,
      0,
      1,
      0,
      1
    ],
    [
      0,
      0,
      0,
      0,
      0,
      0,
      1,
      0
    ]
  ],
  "dh_parameters": [
    [
      0.0,
      0.30105693074593537,
      0.0,
      1.5707963267948966
    ],
    [
      0.0,
      0.0,
      0.0,
      -1.5707963267948966
    ],
    [
      0.0,
      0.329130977747347,
      0.0,
      1.5707963267948966
    ],
    [
      0.07698369452165191,
      0.0,
      0.0,
      1.5707963267948966
    ],
    [
      -0.0864093427475153,
      0.40219621351570756,
      0.0,
      -1.5707963267948966
    ],
    [
      0.0,
      0.0,
      0.0,
      1.5707963267948966
    ],
    [
      0.0938192710075911,
      0.11407570452059373,
      0.0,
      0.0
    ]
  ],
  "morphology_type": "link_scaling"
}