{
  "num_nodes": 8,
  "node_features": [
    [
      0.0,
      0.0,
      0.0,
      0.0,
      0
    ],
    [
      -2.921541926456394,
      3.050970363159257,
      2.175,
      0.0,
      1
    ],
    [
      -3.007179804271509,
      2.9605448738239772,
      2.175,
      0.0,
      1
    ],
    [
      -3.001689931812073,
      3.068255712381074,
      2.175,
      0.0,
      1
    ],
    [
      -2.989722976338871,
      2.9557354798966315,
      2.175,
      0.0,
      1
    ],
    [
      -3.019280098559675,
      2.9608018820387163,
      2.175,
      0.0,
      1
    ],
    [
      -2.9977072615862697,
      2.916433106412451,
      2.175,
      0.0,
      1
    ],
    [
      -2.9749714432887333,
      2.9890265428506946,
      2.175,
      0.0,
      2
    ]
  ],
  "adjacency_matrix": [
    [
      0,
      1,
      0,
      0,
      0,
      0,
      0,
      0
    ],
    [
      1,
      0,
      1,
      0,
      0,
      0,
      0,
      0
    ],
    [
      0,
      1,
      0,
      1,
      0,
      0,
      0,
      0
    ],
    [
      0,
      0,
      1,
      0,
      1,
      0,
      0,
      0
    ],
    [
      0,
      0,
      0,
      1,
      0,
      1,
      0,
      0
    ],
    [
      0,
      0,
      0,
      0,
      1,
      0,
      1,
      0
    ],
    [
      0,
      0,
      0,
      0,
      0,
      1,
      0,
      1
    ],
    [
      0,
      0,
      0,
      0,
      0,
      0,
      1,
      0
    ]
  ],
  "dh_parameters": [
    [
      0.0,
      0.3434564270315097,
      0.0,
      1.5707963267948966
    ],
    [
      0.0,
      0.0,
      0.0,
      -1.5707963267948966
    ],
    [
      0.0,
      0.31030921157524466,
      0.0,
      1.5707963267948966
    ],
    [
      0.08063559477011874,
      0.0,
      0.0,
      1.5707963267948966
    ],
    [
      -0.08069609367113227,
      0.37560363599654295,
      0.0,
      -1.5707963267948966
    ],
    [
      0.0,
      0.0,
      0.0,
      1.5707963267948966
    ],
    [
      0.09162486730278648,
      0.1114075091067972,
      0.0,
      0.0
    ]
  ],
  "morphology_type": "link_scaling"
}