{
  "num_nodes": 8,
  "node_features": [
    [
      0.0,
      0.0,
      0.0,
      0.0,
      0
    ],
    [
      -2.9559313051498335,
      2.998710565537126,
      2.175,
      0.0,
      1
    ],
    [
      -2.9076418053395594,
      3.0230660876182758,
      2.175,
      0.0,
      1
    ],
    [
      -3.029234946925116,
      2.961109126111626,
      2.175,
      0.0,
      1
    ],
    [
      -2.9565290336373913,
      3.035509757429767,
      2.175,
      0.0,
      1
    ],
    [
      -3.017123533852784,
      3.0375742612931735,
      2.175,
      0.0,
      1
    ],
    [
      -3.0055226641689416,
      2.957104423106994,
      2.175,
      0.0,
      1
    ],
    [
      -2.998344199536214,
      3.0223880693960194,
      2.175,
      0.0,
      2
    ]
  ],
  "adjacency_matrix": [
    [
      0,
      1,
      0,
      0,
      0,
      0,
      0,
      0
    ],
    [
      1,
      0,
      1,
      0,
      0,
      0,
      0,
      0
    ],
    [
      0,
      1,
      0,
      1,
      0,
      0,
      0,
      0
    ],
    [
      0,
      0,
      1,
      0,
      1,
      0,
      0,
      0
    ],
    [
      0,
      0,
      0,
      1,
      0,
      1,
      0,
      0
    ],
    [
      0,
      0,
      0,
      0,
      1,
      0,
      1,
      0
    ],
    [
      0,
      0,
      0,
      0,
      0,
      1,
      0,
      1
    ],
    [
      0,
      0,
      0,
      0,
      0,
      0,
      1,
      0
    ]
  ],
  "dh_parameters": [
    [
      0.0,
      0.3300864432122481,
      0.0,
      1.5707963267948966
    ],
    [
      0.0,
      0.0,
      0.0,
      -1.5707963267948966
    ],
    [
      0.0,
      0.32715835166692214,
      0.0,
      1.5707963267948966
    ],
    [
      0.0904234017913841,
      0.0,
      0.0,
      1.5707963267948966
    ],
    [
      -0.08078609222953638,
      0.3760225383774784,
      0.0,
      -1.5707963267948966
    ],
    [
      0.0,
      0.0,
      0.0,
      1.5707963267948966
    ],
    [
      0.0958551181407719,
      0.11655110955752947,
      0.0,
      0.0
    ]
  ],
  "morphology_type": "link_scaling"
}