{
  "num_nodes": 8,
  "node_features": [
    [
      0.0,
      0.0,
      0.0,
      0.0,
      0
    ],
    [
      -3.0576764650722126,
      3.0516846278185623,
      2.175,
      0.0,
      1
    ],
    [
      -3.016533431194343,
      2.9210721810580713,
      2.175,
      0.0,
      1
    ],
    [
      -3.014050255740865,
      2.9059615971718604,
      2.175,
      0.0,
      1
    ],
    [
      -3.0535493343705475,
      2.9010500685630833,
      2.175,
      0.0,
      1
    ],
    [
      -3.0487988886774553,
      3.026393667614192,
      2.175,
      0.0,
      1
    ],
    [
      -2.9150337961808175,
      2.959509389096221,
      2.175,
      0.0,
      1
    ],
    [
      -2.9300692414794876,
      2.904260202226833,
      2.175,
      0.0,
      2
    ]
  ],
  "adjacency_matrix": [
    [
      0,
      1,
      0,
      0,
      0,
      0,
      0,
      0
    ],
    [
      1,
      0,
      1,
      0,
      0,
      0,
      0,
      0
    ],
    [
      0,
      1,
      0,
      1,
      0,
      0,
      0,
      0
    ],
    [
      0,
      0,
      1,
      0,
      1,
      0,
      0,
      0
    ],
    [
      0,
      0,
      0,
      1,
      0,
      1,
      0,
      0
    ],
    [
      0,
      0,
      0,
      0,
      1,
      0,
      1,
      0
    ],
    [
      0,
      0,
      0,
      0,
      0,
      1,
      0,
      1
    ],
    [
      0,
      0,
      0,
      0,
      0,
      0,
      1,
      0
    ]
  ],
  "dh_parameters": [
    [
      0.0,
      0.30159134290003276,
      0.0,
      1.5707963267948966
    ],
    [
      0.0,
      0.0,
      0.0,
      -1.5707963267948966
    ],
    [
      0.0,
      0.3157037608382265,
      0.0,
      1.5707963267948966
    ],
    [
      0.08198747164469558,
      0.0,
      0.0,
      1.5707963267948966
    ],
    [
      -0.08795886067954246,
      0.4094085151629613,
      0.0,
      -1.5707963267948966
    ],
    [
      0.0,
      0.0,
      0.0,
      1.5707963267948966
    ],
    [
      0.09473725833725419,
      0.11519189366007045,
      0.0,
      0.0
    ]
  ],
  "morphology_type": "link_scaling"
}