{
  "num_nodes": 8,
  "node_features": [
    [
      0.0,
      0.0,
      0.0,
      0.0,
      0
    ],
    [
      -3.0526222493763027,
      2.9261501615675747,
      2.175,
      0.0,
      1
    ],
    [
      -2.9819594731839043,
      3.0311227276344175,
      2.175,
      0.0,
      1
    ],
    [
      -2.9402186418791043,
      3.0364736741423006,
      2.175,
      0.0,
      1
    ],
    [
      -3.0355623487630026,
      3.0080837650741175,
      2.175,
      0.0,
      1
    ],
    [
      -3.000600108722839,
      2.946927125645528,
      2.175,
      0.0,
      1
    ],
    [
      -2.9919661567871443,
      2.924211345144889,
      2.175,
      0.0,
      1
    ],
    [
      -2.9386913714967897,
      3.0045699515441098,
      2.175,
      0.0,
      2
    ]
  ],
  "adjacency_matrix": [
    [
      0,
      1,
      0,
      0,
      0,
      0,
      0,
      0
    ],
    [
      1,
      0,
      1,
      0,
      0,
      0,
      0,
      0
    ],
    [
      0,
      1,
      0,
      1,
      0,
      0,
      0,
      0
    ],
    [
      0,
      0,
      1,
      0,
      1,
      0,
      0,
      0
    ],
    [
      0,
      0,
      0,
      1,
      0,
      1,
      0,
      0
    ],
    [
      0,
      0,
      0,
      0,
      1,
      0,
      1,
      0
    ],
    [
      0,
      0,
      0,
      0,
      0,
      1,
      0,
      1
    ],
    [
      0,
      0,
      0,
      0,
      0,
      0,
      1,
      0
    ]
  ],
  "dh_parameters": [
    [
      0.0,
      0.36508165719913505,
      0.0,
      1.5707963267948966
    ],
    [
      0.0,
      0.0,
      0.0,
      -1.5707963267948966
    ],
    [
      0.0,
      0.33558542394182406,
      0.0,
      1.5707963267948966
    ],
    [
      0.088732377224868,
      0.0,
      0.0,
      1.5707963267948966
    ],
    [
      -0.08025442594955742,
      0.37354787351066726,
      0.0,
      -1.5707963267948966
    ],
    [
      0.0,
      0.0,
      0.0,
      1.5707963267948966
    ],
    [
      0.08422645692675676,
      0.10241171467230652,
      0.0,
      0.0
    ]
  ],
  "morphology_type": "link_scaling"
}