{
  "num_nodes": 8,
  "node_features": [
    [
      0.0,
      0.0,
      0.0,
      0.0,
      0
    ],
    [
      -3.018601899625922,
      2.9889552004234163,
      2.175,
      0.0,
      1
    ],
    [
      -3.039149344852129,
      2.9041864071409407,
      2.175,
      0.0,
      1
    ],
    [
      -2.90521266492954,
      3.0652703040850287,
      2.175,
      0.0,
      1
    ],
    [
      -2.994394560052057,
      3.0109667697950515,
      2.175,
      0.0,
      1
    ],
    [
      -2.9431355684259004,
      3.0450929112704284,
      2.175,
      0.0,
      1
    ],
    [
      -2.9503962427938197,
      2.9099203573292662,
      2.175,
      0.0,
      1
    ],
    [
      -2.9892161671112008,
      2.98067652630321,
      2.175,
      0.0,
      2
    ]
  ],
  "adjacency_matrix": [
    [
      0,
      1,
      0,
      0,
      0,
      0,
      0,
      0
    ],
    [
      1,
      0,
      1,
      0,
      0,
      0,
      0,
      0
    ],
    [
      0,
      1,
      0,
      1,
      0,
      0,
      0,
      0
    ],
    [
      0,
      0,
      1,
      0,
      1,
      0,
      0,
      0
    ],
    [
      0,
      0,
      0,
      1,
      0,
      1,
      0,
      0
    ],
    [
      0,
      0,
      0,
      0,
      1,
      0,
      1,
      0
    ],
    [
      0,
      0,
      0,
      0,
      0,
      1,
      0,
      1
    ],
    [
      0,
      0,
      0,
      0,
      0,
      0,
      1,
      0
    ]
  ],
  "dh_parameters": [
    [
      0.0,
      0.3564302764513279,
      0.0,
      1.5707963267948966
    ],
    [
      0.0,
      0.0,
      0.0,
      -1.5707963267948966
    ],
    [
      0.0,
      0.3316297069227309,
      0.0,
      1.5707963267948966
    ],
    [
      0.07616178362807413,
      0.0,
      0.0,
      1.5707963267948966
    ],
    [
      -0.09066522480647497,
      0.42200541000831987,
      0.0,
      -1.5707963267948966
    ],
    [
      0.0,
      0.0,
      0.0,
      1.5707963267948966
    ],
    [
      0.08431865035906841,
      0.10252381350477636,
      0.0,
      0.0
    ]
  ],
  "morphology_type": "link_scaling"
}