{
  "num_nodes": 8,
  "node_features": [
    [
      0.0,
      0.0,
      0.0,
      0.0,
      0
    ],
    [
      -3.05110593535861,
      3.017898677409545,
      2.175,
      0.0,
      1
    ],
    [
      -3.022383244749373,
      3.0053246434303618,
      2.175,
      0.0,
      1
    ],
    [
      -2.9183655021927906,
      2.911247028942643,
      2.175,
      0.0,
      1
    ],
    [
      -2.996868341698183,
      2.956692449709817,
      2.175,
      0.0,
      1
    ],
    [
      -2.9336203746385165,
      2.993633451761637,
      2.175,
      0.0,
      1
    ],
    [
      -3.0211059959645508,
      3.009551399014922,
      2.175,
      0.0,
      1
    ],
    [
      -2.979990721390283,
      3.0446225160656115,
      2.175,
      0.0,
      2
    ]
  ],
  "adjacency_matrix": [
    [
      0,
      1,
      0,
      0,
      0,
      0,
      0,
      0
    ],
    [
      1,
      0,
      1,
      0,
      0,
      0,
      0,
      0
    ],
    [
      0,
      1,
      0,
      1,
      0,
      0,
      0,
      0
    ],
    [
      0,
      0,
      1,
      0,
      1,
      0,
      0,
      0
    ],
    [
      0,
      0,
      0,
      1,
      0,
      1,
      0,
      0
    ],
    [
      0,
      0,
      0,
      0,
      1,
      0,
      1,
      0
    ],
    [
      0,
      0,
      0,
      0,
      0,
      1,
      0,
      1
    ],
    [
      0,
      0,
      0,
      0,
      0,
      0,
      1,
      0
    ]
  ],
  "dh_parameters": [
    [
      0.0,
      0.31340226714020564,
      0.0,
      1.5707963267948966
    ],
    [
      0.0,
      0.0,
      0.0,
      -1.5707963267948966
    ],
    [
      0.0,
      0.32820528390534975,
      0.0,
      1.5707963267948966
    ],
    [
      0.0779122821509392,
      0.0,
      0.0,
      1.5707963267948966
    ],
    [
      -0.07900215361948033,
      0.3677191150288539,
      0.0,
      -1.5707963267948966
    ],
    [
      0.0,
      0.0,
      0.0,
      1.5707963267948966
    ],
    [
      0.08697926656330496,
      0.10575888093492762,
      0.0,
      0.0
    ]
  ],
  "morphology_type": "link_scaling"
}