{
  "num_nodes": 8,
  "node_features": [
    [
      0.0,
      0.0,
      0.0,
      0.0,
      0
    ],
    [
      -2.9326571882579318,
      2.9462061068646483,
      2.175,
      0.0,
      1
    ],
    [
      -2.966148678714516,
      3.017137590646157,
      2.175,
      0.0,
      1
    ],
    [
      -2.981719218320825,
      3.0418946596988725,
      2.175,
      0.0,
      1
    ],
    [
      -2.9970531941954097,
      3.0225023381756593,
      2.175,
      0.0,
      1
    ],
    [
      -2.9692115152872955,
      2.9223358679741587,
      2.175,
      0.0,
      1
    ],
    [
      -2.9306235169620107,
      2.9864557551271758,
      2.175,
      0.0,
      1
    ],
    [
      -2.9164439113784737,
      3.013060046335468,
      2.175,
      0.0,
      2
    ]
  ],
  "adjacency_matrix": [
    [
      0,
      1,
      0,
      0,
      0,
      0,
      0,
      0
    ],
    [
      1,
      0,
      1,
      0,
      0,
      0,
      0,
      0
    ],
    [
      0,
      1,
      0,
      1,
      0,
      0,
      0,
      0
    ],
    [
      0,
      0,
      1,
      0,
      1,
      0,
      0,
      0
    ],
    [
      0,
      0,
      0,
      1,
      0,
      1,
      0,
      0
    ],
    [
      0,
      0,
      0,
      0,
      1,
      0,
      1,
      0
    ],
    [
      0,
      0,
      0,
      0,
      0,
      1,
      0,
      1
    ],
    [
      0,
      0,
      0,
      0,
      0,
      0,
      1,
      0
    ]
  ],
  "dh_parameters": [
    [
      0.0,
      0.3292896948448759,
      0.0,
      1.5707963267948966
    ],
    [
      0.0,
      0.0,
      0.0,
      -1.5707963267948966
    ],
    [
      0.0,
      0.29086130988156433,
      0.0,
      1.5707963267948966
    ],
    [
      0.08251835913481786,
      0.0,
      0.0,
      1.5707963267948966
    ],
    [
      -0.07629393154932178,
      0.35511357230229773,
      0.0,
      -1.5707963267948966
    ],
    [
      0.0,
      0.0,
      0.0,
      1.5707963267948966
    ],
    [
      0.09532774452664868,
      0.11590987118581146,
      0.0,
      0.0
    ]
  ],
  "morphology_type": "link_scaling"
}