{
  "num_nodes": 8,
  "node_features": [
    [
      0.0,
      0.0,
      0.0,
      0.0,
      0
    ],
    [
      -3.047116909926944,
      3.0061814060358345,
      2.175,
      0.0,
      1
    ],
    [
      -2.940993472287789,
      2.900408312437538,
      2.175,
      0.0,
      1
    ],
    [
      -2.9655623621015668,
      3.035685750656618,
      2.175,
      0.0,
      1
    ],
    [
      -2.9534895891406134,
      2.904036097986637,
      2.175,
      0.0,
      1
    ],
    [
      -2.925655682977608,
      3.035637745152024,
      2.175,
      0.0,
      1
    ],
    [
      -2.951576340222808,
      2.983896047933469,
      2.175,
      0.0,
      1
    ],
    [
      -2.9436410212610817,
      2.920262549619311,
      2.175,
      0.0,
      2
    ]
  ],
  "adjacency_matrix": [
    [
      0,
      1,
      0,
      0,
      0,
      0,
      0,
      0
    ],
    [
      1,
      0,
      1,
      0,
      0,
      0,
      0,
      0
    ],
    [
      0,
      1,
      0,
      1,
      0,
      0,
      0,
      0
    ],
    [
      0,
      0,
      1,
      0,
      1,
      0,
      0,
      0
    ],
    [
      0,
      0,
      0,
      1,
      0,
      1,
      0,
      0
    ],
    [
      0,
      0,
      0,
      0,
      1,
      0,
      1,
      0
    ],
    [
      0,
      0,
      0,
      0,
      0,
      1,
      0,
      1
    ],
    [
      0,
      0,
      0,
      0,
      0,
      0,
      1,
      0
    ]
  ],
  "dh_parameters": [
    [
      0.0,
      0.35196372169001106,
      0.0,
      1.5707963267948966
    ],
    [
      0.0,
      0.0,
      0.0,
      -1.5707963267948966
    ],
    [
      0.0,
      0.2872012587928923,
      0.0,
      1.5707963267948966
    ],
    [
      0.08085950495457592,
      0.0,
      0.0,
      1.5707963267948966
    ],
    [
      -0.08024871603353657,
      0.3735212964470066,
      0.0,
      -1.5707963267948966
    ],
    [
      0.0,
      0.0,
      0.0,
      1.5707963267948966
    ],
    [
      0.08808700620899003,
      0.10710579164047652,
      0.0,
      0.0
    ]
  ],
  "morphology_type": "link_scaling"
}