{
  "num_nodes": 8,
  "node_features": [
    [
      0.0,
      0.0,
      0.0,
      0.0,
      0
    ],
    [
      -3.0120547589276487,
      2.9390097593288336,
      2.175,
      0.0,
      1
    ],
    [
      -2.920003877243288,
      3.0105633610367404,
      2.175,
      0.0,
      1
    ],
    [
      -2.9147631757043615,
      2.999396086204819,
      2.175,
      0.0,
      1
    ],
    [
      -2.9588647421573624,
      2.9923615429377124,
      2.175,
      0.0,
      1
    ],
    [
      -2.9850110411471706,
      2.9727171751383428,
      2.175,
      0.0,
      1
    ],
    [
      -2.928296319625074,
      3.0573604435989132,
      2.175,
      0.0,
      1
    ],
    [
      -3.021020711745577,
      3.0060291249693627,
      2.175,
      0.0,
      2
    ]
  ],
  "adjacency_matrix": [
    [
      0,
      1,
      0,
      0,
      0,
      0,
      0,
      0
    ],
    [
      1,
      0,
      1,
      0,
      0,
      0,
      0,
      0
    ],
    [
      0,
      1,
      0,
      1,
      0,
      0,
      0,
      0
    ],
    [
      0,
      0,
      1,
      0,
      1,
      0,
      0,
      0
    ],
    [
      0,
      0,
      0,
      1,
      0,
      1,
      0,
      0
    ],
    [
      0,
      0,
      0,
      0,
      1,
      0,
      1,
      0
    ],
    [
      0,
      0,
      0,
      0,
      0,
      1,
      0,
      1
    ],
    [
      0,
      0,
      0,
      0,
      0,
      0,
      1,
      0
    ]
  ],
  "dh_parameters": [
    [
      0.0,
      0.3103521631119103,
      0.0,
      1.5707963267948966
    ],
    [
      0.0,
      0.0,
      0.0,
      -1.5707963267948966
    ],
    [
      0.0,
      0.3400554876081684,
      0.0,
      1.5707963267948966
    ],
    [
      0.07510654150153229,
      0.0,
      0.0,
      1.5707963267948966
    ],
    [
      -0.09053012797003712,
      0.4213765956423546,
      0.0,
      -1.5707963267948966
    ],
    [
      0.0,
      0.0,
      0.0,
      1.5707963267948966
    ],
    [
      0.09056016462692887,
      0.1101129274441067,
      0.0,
      0.0
    ]
  ],
  "morphology_type": "link_scaling"
}