{
  "num_nodes": 8,
  "node_features": [
    [
      0.0,
      0.0,
      0.0,
      0.0,
      0
    ],
    [
      -3.0480326501233277,
      3.024376445151996,
      2.175,
      0.0,
      1
    ],
    [
      -2.966436602033062,
      2.9972459541371603,
      2.175,
      0.0,
      1
    ],
    [
      -3.0243814585977624,
      2.977552245753092,
      2.175,
      0.0,
      1
    ],
    [
      -2.9317612576528504,
      2.921019981473807,
      2.175,
      0.0,
      1
    ],
    [
      -2.901234052366961,
      2.965096190849132,
      2.175,
      0.0,
      1
    ],
    [
      -2.9804663038471797,
      2.9515063133371586,
      2.175,
      0.0,
      1
    ],
    [
      -3.047228556600875,
      3.038735923793851,
      2.175,
      0.0,
      2
    ]
  ],
  "adjacency_matrix": [
    [
      0,
      1,
      0,
      0,
      0,
      0,
      0,
      0
    ],
    [
      1,
      0,
      1,
      0,
      0,
      0,
      0,
      0
    ],
    [
      0,
      1,
      0,
      1,
      0,
      0,
      0,
      0
    ],
    [
      0,
      0,
      1,
      0,
      1,
      0,
      0,
      0
    ],
    [
      0,
      0,
      0,
      1,
      0,
      1,
      0,
      0
    ],
    [
      0,
      0,
      0,
      0,
      1,
      0,
      1,
      0
    ],
    [
      0,
      0,
      0,
      0,
      0,
      1,
      0,
      1
    ],
    [
      0,
      0,
      0,
      0,
      0,
      0,
      1,
      0
    ]
  ],
  "dh_parameters": [
    [
      0.0,
      0.33838493872219505,
      0.0,
      1.5707963267948966
    ],
    [
      0.0,
      0.0,
      0.0,
      -1.5707963267948966
    ],
    [
      0.0,
      0.3072498865439114,
      0.0,
      1.5707963267948966
    ],
    [
      0.08847771611151097,
      0.0,
      0.0,
      1.5707963267948966
    ],
    [
      -0.08958235322451762,
      0.41696513500866383,
      0.0,
      -1.5707963267948966
    ],
    [
      0.0,
      0.0,
      0.0,
      1.5707963267948966
    ],
    [
      0.08935773194381263,
      0.10865087861349947,
      0.0,
      0.0
    ]
  ],
  "morphology_type": "link_scaling"
}