{
  "num_nodes": 8,
  "node_features": [
    [
      0.0,
      0.0,
      0.0,
      0.0,
      0
    ],
    [
      -2.978960504645848,
      3.041871652821572,
      2.175,
      0.0,
      1
    ],
    [
      -2.942397351597918,
      2.928187385197614,
      2.175,
      0.0,
      1
    ],
    [
      -2.9752286971506363,
      2.9170485489857874,
      2.175,
      0.0,
      1
    ],
    [
      -2.9636767276507734,
      3.0371045335073754,
      2.175,
      0.0,
      1
    ],
    [
      -2.920253767529505,
      2.996035138986815,
      2.175,
      0.0,
      1
    ],
    [
      -3.0392017026359692,
      2.9901091496870222,
      2.175,
      0.0,
      1
    ],
    [
      -3.0065923801409764,
      2.99560085940212,
      2.175,
      0.0,
      2
    ]
  ],
  "adjacency_matrix": [
    [
      0,
      1,
      0,
      0,
      0,
      0,
      0,
      0
    ],
    [
      1,
      0,
      1,
      0,
      0,
      0,
      0,
      0
    ],
    [
      0,
      1,
      0,
      1,
      0,
      0,
      0,
      0
    ],
    [
      0,
      0,
      1,
      0,
      1,
      0,
      0,
      0
    ],
    [
      0,
      0,
      0,
      1,
      0,
      1,
      0,
      0
    ],
    [
      0,
      0,
      0,
      0,
      1,
      0,
      1,
      0
    ],
    [
      0,
      0,
      0,
      0,
      0,
      1,
      0,
      1
    ],
    [
      0,
      0,
      0,
      0,
      0,
      0,
      1,
      0
    ]
  ],
  "dh_parameters": [
    [
      0.0,
      0.3380199546644262,
      0.0,
      1.5707963267948966
    ],
    [
      0.0,
      0.0,
      0.0,
      -1.5707963267948966
    ],
    [
      0.0,
      0.3111541016424838,
      0.0,
      1.5707963267948966
    ],
    [
      0.07634438169661484,
      0.0,
      0.0,
      1.5707963267948966
    ],
    [
      -0.08418519657603095,
      0.3918438240629804,
      0.0,
      -1.5707963267948966
    ],
    [
      0.0,
      0.0,
      0.0,
      1.5707963267948966
    ],
    [
      0.08898695784780451,
      0.10820005101948958,
      0.0,
      0.0
    ]
  ],
  "morphology_type": "link_scaling"
}