{
  "num_nodes": 8,
  "node_features": [
    [
      0.0,
      0.0,
      0.0,
      0.0,
      0
    ],
    [
      -2.9138637957521323,
      2.905948720679624,
      2.175,
      0.0,
      1
    ],
    [
      -2.943757074181465,
      2.917715076516663,
      2.175,
      0.0,
      1
    ],
    [
      -2.9064960982486343,
      2.955159463713556,
      2.175,
      0.0,
      1
    ],
    [
      -2.9910216278742956,
      3.0504604236994575,
      2.175,
      0.0,
      1
    ],
    [
      -2.9276598711861284,
      2.9861736859873393,
      2.175,
      0.0,
      1
    ],
    [
      -3.049273628132475,
      3.037921001227163,
      2.175,
      0.0,
      1
    ],
    [
      -3.002834647956732,
      2.965872752202636,
      2.175,
      0.0,
      2
    ]
  ],
  "adjacency_matrix": [
    [
      0,
      1,
      0,
      0,
      0,
      0,
      0,
      0
    ],
    [
      1,
      0,
      1,
      0,
      0,
      0,
      0,
      0
    ],
    [
      0,
      1,
      0,
      1,
      0,
      0,
      0,
      0
    ],
    [
      0,
      0,
      1,
      0,
      1,
      0,
      0,
      0
    ],
    [
      0,
      0,
      0,
      1,
      0,
      1,
      0,
      0
    ],
    [
      0,
      0,
      0,
      0,
      1,
      0,
      1,
      0
    ],
    [
      0,
      0,
      0,
      0,
      0,
      1,
      0,
      1
    ],
    [
      0,
      0,
      0,
      0,
      0,
      0,
      1,
      0
    ]
  ],
  "dh_parameters": [
    [
      0.0,
      0.34756406328190664,
      0.0,
      1.5707963267948966
    ],
    [
      0.0,
      0.0,
      0.0,
      -1.5707963267948966
    ],
    [
      0.0,
      0.3267144143502682,
      0.0,
      1.5707963267948966
    ],
    [
      0.08474181990271784,
      0.0,
      0.0,
      1.5707963267948966
    ],
    [
      -0.07467383303972316,
      0.3475727501485297,
      0.0,
      -1.5707963267948966
    ],
    [
      0.0,
      0.0,
      0.0,
      1.5707963267948966
    ],
    [
      0.08271553318999443,
      0.10057456876510687,
      0.0,
      0.0
    ]
  ],
  "morphology_type": "link_scaling"
}