{
  "num_nodes": 8,
  "node_features": [
    [
      0.0,
      0.0,
      0.0,
      0.0,
      0
    ],
    [
      -2.972390289570514,
      2.9300478873399998,
      2.175,
      0.0,
      1
    ],
    [
      -2.930861569389354,
      3.0406529265487237,
      2.175,
      0.0,
      1
    ],
    [
      -2.9243737306043855,
      2.9032733400566646,
      2.175,
      0.0,
      1
    ],
    [
      -2.938433118638506,
      2.931282766589603,
      2.175,
      0.0,
      1
    ],
    [
      -2.989600157131218,
      2.918185311216707,
      2.175,
      0.0,
      1
    ],
    [
      -2.998624606852961,
      2.9106328708433735,
      2.175,
      0.0,
      1
    ],
    [
      -3.035704356601192,
      2.995327463956244,
      2.175,
      0.0,
      2
    ]
  ],
  "adjacency_matrix": [
    [
      0,
      1,
      0,
      0,
      0,
      0,
      0,
      0
    ],
    [
      1,
      0,
      1,
      0,
      0,
      0,
      0,
      0
    ],
    [
      0,
      1,
      0,
      1,
      0,
      0,
      0,
      0
    ],
    [
      0,
      0,
      1,
      0,
      1,
      0,
      0,
      0
    ],
    [
      0,
      0,
      0,
      1,
      0,
      1,
      0,
      0
    ],
    [
      0,
      0,
      0,
      0,
      1,
      0,
      1,
      0
    ],
    [
      0,
      0,
      0,
      0,
      0,
      1,
      0,
      1
    ],
    [
      0,
      0,
      0,
      0,
      0,
      0,
      1,
      0
    ]
  ],
  "dh_parameters": [
    [
      0.0,
      0.3338370554970216,
      0.0,
      1.5707963267948966
    ],
    [
      0.0,
      0.0,
      0.0,
      -1.5707963267948966
    ],
    [
      0.0,
      0.30797629764003903,
      0.0,
      1.5707963267948966
    ],
    [
      0.08778633584539608,
      0.0,
      0.0,
      1.5707963267948966
    ],
    [
      -0.0881815336199465,
      0.41044495648556917,
      0.0,
      -1.5707963267948966
    ],
    [
      0.0,
      0.0,
      0.0,
      1.5707963267948966
    ],
    [
      0.08753746329756504,
      0.10643759741863022,
      0.0,
      0.0
    ]
  ],
  "morphology_type": "link_scaling"
}