{
  "num_nodes": 8,
  "node_features": [
    [
      0.0,
      0.0,
      0.0,
      0.0,
      0
    ],
    [
      -2.925957737210913,
      2.924168037387568,
      2.175,
      0.0,
      1
    ],
    [
      -2.901263452776865,
      2.9817473584847156,
      2.175,
      0.0,
      1
    ],
    [
      -2.9644374057169824,
      2.971925415027058,
      2.175,
      0.0,
      1
    ],
    [
      -3.061571722307448,
      2.985340433851044,
      2.175,
      0.0,
      1
    ],
    [
      -2.9232209690193645,
      2.9475193154799744,
      2.175,
      0.0,
      1
    ],
    [
      -3.0030994240929454,
      2.9290528260227977,
      2.175,
      0.0,
      1
    ],
    [
      -3.0430652954551847,
      2.969579623051296,
      2.175,
      0.0,
      2
    ]
  ],
  "adjacency_matrix": [
    [
      0,
      1,
      0,
      0,
      0,
      0,
      0,
      0
    ],
    [
      1,
      0,
      1,
      0,
      0,
      0,
      0,
      0
    ],
    [
      0,
      1,
      0,
      1,
      0,
      0,
      0,
      0
    ],
    [
      0,
      0,
      1,
      0,
      1,
      0,
      0,
      0
    ],
    [
      0,
      0,
      0,
      1,
      0,
      1,
      0,
      0
    ],
    [
      0,
      0,
      0,
      0,
      1,
      0,
      1,
      0
    ],
    [
      0,
      0,
      0,
      0,
      0,
      1,
      0,
      1
    ],
    [
      0,
      0,
      0,
      0,
      0,
      0,
      1,
      0
    ]
  ],
  "dh_parameters": [
    [
      0.0,
      0.3416648089907694,
      0.0,
      1.5707963267948966
    ],
    [
      0.0,
      0.0,
      0.0,
      -1.5707963267948966
    ],
    [
      0.0,
      0.2872191483359133,
      0.0,
      1.5707963267948966
    ],
    [
      0.08515515642554344,
      0.0,
      0.0,
      1.5707963267948966
    ],
    [
      -0.07616002285063679,
      0.35449028817750944,
      0.0,
      -1.5707963267948966
    ],
    [
      0.0,
      0.0,
      0.0,
      1.5707963267948966
    ],
    [
      0.0879458375779316,
      0.10693414341862138,
      0.0,
      0.0
    ]
  ],
  "morphology_type": "link_scaling"
}