{
  "num_nodes": 8,
  "node_features": [
    [
      0.0,
      0.0,
      0.0,
      0.0,
      0
    ],
    [
      -3.034238914482611,
      3.0273934969660377,
      2.175,
      0.0,
      1
    ],
    [
      -2.935800880629714,
      3.0362485914005877,
      2.175,
      0.0,
      1
    ],
    [
      -3.047226339988468,
      3.031046042984472,
      2.175,
      0.0,
      1
    ],
    [
      -3.0239083206075796,
      3.0212274685562726,
      2.175,
      0.0,
      1
    ],
    [
      -3.0684629522841793,
      3.022153200141444,
      2.175,
      0.0,
      1
    ],
    [
      -2.9759670922748733,
      3.0362865499073926,
      2.175,
      0.0,
      1
    ],
    [
      -2.926220125996046,
      3.0063625911821856,
      2.175,
      0.0,
      2
    ]
  ],
  "adjacency_matrix": [
    [
      0,
      1,
      0,
      0,
      0,
      0,
      0,
      0
    ],
    [
      1,
      0,
      1,
      0,
      0,
      0,
      0,
      0
    ],
    [
      0,
      1,
      0,
      1,
      0,
      0,
      0,
      0
    ],
    [
      0,
      0,
      1,
      0,
      1,
      0,
      0,
      0
    ],
    [
      0,
      0,
      0,
      1,
      0,
      1,
      0,
      0
    ],
    [
      0,
      0,
      0,
      0,
      1,
      0,
      1,
      0
    ],
    [
      0,
      0,
      0,
      0,
      0,
      1,
      0,
      1
    ],
    [
      0,
      0,
      0,
      0,
      0,
      0,
      1,
      0
    ]
  ],
  "dh_parameters": [
    [
      0.0,
      0.3462354088019671,
      0.0,
      1.5707963267948966
    ],
    [
      0.0,
      0.0,
      0.0,
      -1.5707963267948966
    ],
    [
      0.0,
      0.32615172824225663,
      0.0,
      1.5707963267948966
    ],
    [
      0.08586959321277554,
      0.0,
      0.0,
      1.5707963267948966
    ],
    [
      -0.07900409952237877,
      0.36772817232234484,
      0.0,
      -1.5707963267948966
    ],
    [
      0.0,
      0.0,
      0.0,
      1.5707963267948966
    ],
    [
      0.08451786685149008,
      0.1027660426489709,
      0.0,
      0.0
    ]
  ],
  "morphology_type": "link_scaling"
}