{
  "num_nodes": 8,
  "node_features": [
    [
      0.0,
      0.0,
      0.0,
      0.0,
      0
    ],
    [
      -2.9930036241297207,
      3.039494801376757,
      2.175,
      0.0,
      1
    ],
    [
      -2.9649498924473376,
      3.0278791315828557,
      2.175,
      0.0,
      1
    ],
    [
      -2.9962537937568134,
      3.036775635514655,
      2.175,
      0.0,
      1
    ],
    [
      -3.0322698616142674,
      3.052467136916597,
      2.175,
      0.0,
      1
    ],
    [
      -2.9883847227088447,
      2.9242650296596824,
      2.175,
      0.0,
      1
    ],
    [
      -2.9515158013608005,
      2.908084515607394,
      2.175,
      0.0,
      1
    ],
    [
      -2.9920603551340994,
      3.045556501725806,
      2.175,
      0.0,
      2
    ]
  ],
  "adjacency_matrix": [
    [
      0,
      1,
      0,
      0,
      0,
      0,
      0,
      0
    ],
    [
      1,
      0,
      1,
      0,
      0,
      0,
      0,
      0
    ],
    [
      0,
      1,
      0,
      1,
      0,
      0,
      0,
      0
    ],
    [
      0,
      0,
      1,
      0,
      1,
      0,
      0,
      0
    ],
    [
      0,
      0,
      0,
      1,
      0,
      1,
      0,
      0
    ],
    [
      0,
      0,
      0,
      0,
      1,
      0,
      1,
      0
    ],
    [
      0,
      0,
      0,
      0,
      0,
      1,
      0,
      1
    ],
    [
      0,
      0,
      0,
      0,
      0,
      0,
      1,
      0
    ]
  ],
  "dh_parameters": [
    [
      0.0,
      0.32853802946473654,
      0.0,
      1.5707963267948966
    ],
    [
      0.0,
      0.0,
      0.0,
      -1.5707963267948966
    ],
    [
      0.0,
      0.31915953852719514,
      0.0,
      1.5707963267948966
    ],
    [
      0.07482259396151245,
      0.0,
      0.0,
      1.5707963267948966
    ],
    [
      -0.07691215540741639,
      0.35799112335088357,
      0.0,
      -1.5707963267948966
    ],
    [
      0.0,
      0.0,
      0.0,
      1.5707963267948966
    ],
    [
      0.08115129034886048,
      0.09867259167418264,
      0.0,
      0.0
    ]
  ],
  "morphology_type": "link_scaling"
}