{
  "num_nodes": 8,
  "node_features": [
    [
      0.0,
      0.0,
      0.0,
      0.0,
      0
    ],
    [
      -2.938895985653679,
      3.0678611215751603,
      2.175,
      0.0,
      1
    ],
    [
      -2.9451636656449485,
      2.9734817880251385,
      2.175,
      0.0,
      1
    ],
    [
      -3.0217926050713633,
      2.9329680624415237,
      2.175,
      0.0,
      1
    ],
    [
      -2.9644952851965916,
      3.0376364576122823,
      2.175,
      0.0,
      1
    ],
    [
      -2.977617577754264,
      2.924423071087726,
      2.175,
      0.0,
      1
    ],
    [
      -2.9768512873780804,
      2.967199842042863,
      2.175,
      0.0,
      1
    ],
    [
      -2.9104437926104345,
      2.9331517517652914,
      2.175,
      0.0,
      2
    ]
  ],
  "adjacency_matrix": [
    [
      0,
      1,
      0,
      0,
      0,
      0,
      0,
      0
    ],
    [
      1,
      0,
      1,
      0,
      0,
      0,
      0,
      0
    ],
    [
      0,
      1,
      0,
      1,
      0,
      0,
      0,
      0
    ],
    [
      0,
      0,
      1,
      0,
      1,
      0,
      0,
      0
    ],
    [
      0,
      0,
      0,
      1,
      0,
      1,
      0,
      0
    ],
    [
      0,
      0,
      0,
      0,
      1,
      0,
      1,
      0
    ],
    [
      0,
      0,
      0,
      0,
      0,
      1,
      0,
      1
    ],
    [
      0,
      0,
      0,
      0,
      0,
      0,
      1,
      0
    ]
  ],
  "dh_parameters": [
    [
      0.0,
      0.3146781191097657,
      0.0,
      1.5707963267948966
    ],
    [
      0.0,
      0.0,
      0.0,
      -1.5707963267948966
    ],
    [
      0.0,
      0.32858467639644356,
      0.0,
      1.5707963267948966
    ],
    [
      0.0853094904827391,
      0.0,
      0.0,
      1.5707963267948966
    ],
    [
      -0.09010388324104338,
      0.41939262017649276,
      0.0,
      -1.5707963267948966
    ],
    [
      0.0,
      0.0,
      0.0,
      1.5707963267948966
    ],
    [
      0.08546404114924347,
      0.10391650457919377,
      0.0,
      0.0
    ]
  ],
  "morphology_type": "link_scaling"
}