{
  "num_nodes": 8,
  "node_features": [
    [
      0.0,
      0.0,
      0.0,
      0.0,
      0
    ],
    [
      -2.933337322407993,
      3.0687543731346203,
      2.175,
      0.0,
      1
    ],
    [
      -2.9644960126082758,
      3.0329243610439542,
      2.175,
      0.0,
      1
    ],
    [
      -3.0410131353539898,
      3.0674590494643073,
      2.175,
      0.0,
      1
    ],
    [
      -3.0404532261417074,
      2.9538793363143387,
      2.175,
      0.0,
      1
    ],
    [
      -2.9233246662702173,
      2.9615077664559903,
      2.175,
      0.0,
      1
    ],
    [
      -2.9616558017181944,
      3.037924400845241,
      2.175,
      0.0,
      1
    ],
    [
      -2.9936665574469794,
      2.9006414792682884,
      2.175,
      0.0,
      2
    ]
  ],
  "adjacency_matrix": [
    [
      0,
      1,
      0,
      0,
      0,
      0,
      0,
      0
    ],
    [
      1,
      0,
      1,
      0,
      0,
      0,
      0,
      0
    ],
    [
      0,
      1,
      0,
      1,
      0,
      0,
      0,
      0
    ],
    [
      0,
      0,
      1,
      0,
      1,
      0,
      0,
      0
    ],
    [
      0,
      0,
      0,
      1,
      0,
      1,
      0,
      0
    ],
    [
      0,
      0,
      0,
      0,
      1,
      0,
      1,
      0
    ],
    [
      0,
      0,
      0,
      0,
      0,
      1,
      0,
      1
    ],
    [
      0,
      0,
      0,
      0,
      0,
      0,
      1,
      0
    ]
  ],
  "dh_parameters": [
    [
      0.0,
      0.34372027218781653,
      0.0,
      1.5707963267948966
    ],
    [
      0.0,
      0.0,
      0.0,
      -1.5707963267948966
    ],
    [
      0.0,
      0.3304994592295953,
      0.0,
      1.5707963267948966
    ],
    [
      0.08354218619652128,
      0.0,
      0.0,
      1.5707963267948966
    ],
    [
      -0.08892531373344581,
      0.4139069148320386,
      0.0,
      -1.5707963267948966
    ],
    [
      0.0,
      0.0,
      0.0,
      1.5707963267948966
    ],
    [
      0.07952172423989444,
      0.09669118742805347,
      0.0,
      0.0
    ]
  ],
  "morphology_type": "link_scaling"
}