{
  "num_nodes": 8,
  "node_features": [
    [
      0.0,
      0.0,
      0.0,
      0.0,
      0
    ],
    [
      -2.9441745279103984,
      3.008479025205304,
      2.175,
      0.0,
      1
    ],
    [
      -2.952182135967012,
      2.9957263875376086,
      2.175,
      0.0,
      1
    ],
    [
      -2.9123368165261994,
      2.9888581992714514,
      2.175,
      0.0,
      1
    ],
    [
      -2.9306728457803364,
      2.968445795698807,
      2.175,
      0.0,
      1
    ],
    [
      -3.0381369600191053,
      2.9414121746469872,
      2.175,
      0.0,
      1
    ],
    [
      -3.041152190671311,
      2.9735111215496994,
      2.175,
      0.0,
      1
    ],
    [
      -2.9165061438340345,
      3.041101194948766,
      2.175,
      0.0,
      2
    ]
  ],
  "adjacency_matrix": [
    [
      0,
      1,
      0,
      0,
      0,
      0,
      0,
      0
    ],
    [
      1,
      0,
      1,
      0,
      0,
      0,
      0,
      0
    ],
    [
      0,
      1,
      0,
      1,
      0,
      0,
      0,
      0
    ],
    [
      0,
      0,
      1,
      0,
      1,
      0,
      0,
      0
    ],
    [
      0,
      0,
      0,
      1,
      0,
      1,
      0,
      0
    ],
    [
      0,
      0,
      0,
      0,
      1,
      0,
      1,
      0
    ],
    [
      0,
      0,
      0,
      0,
      0,
      1,
      0,
      1
    ],
    [
      0,
      0,
      0,
      0,
      0,
      0,
      1,
      0
    ]
  ],
  "dh_parameters": [
    [
      0.0,
      0.35315704938451004,
      0.0,
      1.5707963267948966
    ],
    [
      0.0,
      0.0,
      0.0,
      -1.5707963267948966
    ],
    [
      0.0,
      0.31302381740797247,
      0.0,
      1.5707963267948966
    ],
    [
      0.0833164135154332,
      0.0,
      0.0,
      1.5707963267948966
    ],
    [
      -0.07918863267208155,
      0.36858709025550684,
      0.0,
      -1.5707963267948966
    ],
    [
      0.0,
      0.0,
      0.0,
      1.5707963267948966
    ],
    [
      0.0835222857466749,
      0.1015555065328888,
      0.0,
      0.0
    ]
  ],
  "morphology_type": "link_scaling"
}