{
  "num_nodes": 8,
  "node_features": [
    [
      0.0,
      0.0,
      0.0,
      0.0,
      0
    ],
    [
      -3.013222861696515,
      2.9000816919006227,
      2.175,
      0.0,
      1
    ],
    [
      -3.0379511397046137,
      2.912801043837728,
      2.175,
      0.0,
      1
    ],
    [
      -2.913233934645652,
      3.0563809452464357,
      2.175,
      0.0,
      1
    ],
    [
      -3.018205926832242,
      3.021533192644613,
      2.175,
      0.0,
      1
    ],
    [
      -3.0164904572991085,
      3.02436869965347,
      2.175,
      0.0,
      1
    ],
    [
      -3.0497215502612383,
      2.9588557760208944,
      2.175,
      0.0,
      1
    ],
    [
      -2.92264846827492,
      2.972680577079064,
      2.175,
      0.0,
      2
    ]
  ],
  "adjacency_matrix": [
    [
      0,
      1,
      0,
      0,
      0,
      0,
      0,
      0
    ],
    [
      1,
      0,
      1,
      0,
      0,
      0,
      0,
      0
    ],
    [
      0,
      1,
      0,
      1,
      0,
      0,
      0,
      0
    ],
    [
      0,
      0,
      1,
      0,
      1,
      0,
      0,
      0
    ],
    [
      0,
      0,
      0,
      1,
      0,
      1,
      0,
      0
    ],
    [
      0,
      0,
      0,
      0,
      1,
      0,
      1,
      0
    ],
    [
      0,
      0,
      0,
      0,
      0,
      1,
      0,
      1
    ],
    [
      0,
      0,
      0,
      0,
      0,
      0,
      1,
      0
    ]
  ],
  "dh_parameters": [
    [
      0.0,
      0.309297683539165,
      0.0,
      1.5707963267948966
    ],
    [
      0.0,
      0.0,
      0.0,
      -1.5707963267948966
    ],
    [
      0.0,
      0.3289777126620824,
      0.0,
      1.5707963267948966
    ],
    [
      0.07810481084606616,
      0.0,
      0.0,
      1.5707963267948966
    ],
    [
      -0.08675289842549888,
      0.40379530903504934,
      0.0,
      -1.5707963267948966
    ],
    [
      0.0,
      0.0,
      0.0,
      1.5707963267948966
    ],
    [
      0.08338321001660123,
      0.10138640308836741,
      0.0,
      0.0
    ]
  ],
  "morphology_type": "link_scaling"
}