{
  "num_nodes": 8,
  "node_features": [
    [
      0.0,
      0.0,
      0.0,
      0.0,
      0
    ],
    [
      -3.063214867783162,
      3.0166770866218173,
      2.175,
      0.0,
      1
    ],
    [
      -3.0314316112217705,
      3.039138273020366,
      2.175,
      0.0,
      1
    ],
    [
      -3.0615306252222063,
      3.065893197249734,
      2.175,
      0.0,
      1
    ],
    [
      -2.9526057451613847,
      2.9410146964060604,
      2.175,
      0.0,
      1
    ],
    [
      -3.063961728653009,
      2.956424851817622,
      2.175,
      0.0,
      1
    ],
    [
      -3.0517871226448094,
      3.0136274699445966,
      2.175,
      0.0,
      1
    ],
    [
      -2.991614773946957,
      2.9999714867724028,
      2.175,
      0.0,
      2
    ]
  ],
  "adjacency_matrix": [
    [
      0,
      1,
      0,
      0,
      0,
      0,
      0,
      0
    ],
    [
      1,
      0,
      1,
      0,
      0,
      0,
      0,
      0
    ],
    [
      0,
      1,
      0,
      1,
      0,
      0,
      0,
      0
    ],
    [
      0,
      0,
      1,
      0,
      1,
      0,
      0,
      0
    ],
    [
      0,
      0,
      0,
      1,
      0,
      1,
      0,
      0
    ],
    [
      0,
      0,
      0,
      0,
      1,
      0,
      1,
      0
    ],
    [
      0,
      0,
      0,
      0,
      0,
      1,
      0,
      1
    ],
    [
      0,
      0,
      0,
      0,
      0,
      0,
      1,
      0
    ]
  ],
  "dh_parameters": [
    [
      0.0,
      0.326649265490472,
      0.0,
      1.5707963267948966
    ],
    [
      0.0,
      0.0,
      0.0,
      -1.5707963267948966
    ],
    [
      0.0,
      0.33662033102657163,
      0.0,
      1.5707963267948966
    ],
    [
      0.0850479728796048,
      0.0,
      0.0,
      1.5707963267948966
    ],
    [
      -0.07496833710335812,
      0.3489435326992669,
      0.0,
      -1.5707963267948966
    ],
    [
      0.0,
      0.0,
      0.0,
      1.5707963267948966
    ],
    [
      0.08602378191576357,
      0.10459709846575797,
      0.0,
      0.0
    ]
  ],
  "morphology_type": "link_scaling"
}