{
  "num_nodes": 8,
  "node_features": [
    [
      0.0,
      0.0,
      0.0,
      0.0,
      0
    ],
    [
      -3.008028054156324,
      3.0103936824028517,
      2.175,
      0.0,
      1
    ],
    [
      -2.985992492332578,
      2.9648367195275593,
      2.175,
      0.0,
      1
    ],
    [
      -3.0464386113746253,
      2.972521192723574,
      2.175,
      0.0,
      1
    ],
    [
      -3.0474076510734576,
      2.9372349150139536,
      2.175,
      0.0,
      1
    ],
    [
      -3.0319500742229315,
      2.9258540115807445,
      2.175,
      0.0,
      1
    ],
    [
      -2.9633317376567523,
      2.9754166675928237,
      2.175,
      0.0,
      1
    ],
    [
      -2.996821391528242,
      2.994348038792931,
      2.175,
      0.0,
      2
    ]
  ],
  "adjacency_matrix": [
    [
      0,
      1,
      0,
      0,
      0,
      0,
      0,
      0
    ],
    [
      1,
      0,
      1,
      0,
      0,
      0,
      0,
      0
    ],
    [
      0,
      1,
      0,
      1,
      0,
      0,
      0,
      0
    ],
    [
      0,
      0,
      1,
      0,
      1,
      0,
      0,
      0
    ],
    [
      0,
      0,
      0,
      1,
      0,
      1,
      0,
      0
    ],
    [
      0,
      0,
      0,
      0,
      1,
      0,
      1,
      0
    ],
    [
      0,
      0,
      0,
      0,
      0,
      1,
      0,
      1
    ],
    [
      0,
      0,
      0,
      0,
      0,
      0,
      1,
      0
    ]
  ],
  "dh_parameters": [
    [
      0.0,
      0.3340790171155144,
      0.0,
      1.5707963267948966
    ],
    [
      0.0,
      0.0,
      0.0,
      -1.5707963267948966
    ],
    [
      0.0,
      0.30324452416998304,
      0.0,
      1.5707963267948966
    ],
    [
      0.08501793684335898,
      0.0,
      0.0,
      1.5707963267948966
    ],
    [
      -0.08874697701146568,
      0.4130768384533675,
      0.0,
      -1.5707963267948966
    ],
    [
      0.0,
      0.0,
      0.0,
      1.5707963267948966
    ],
    [
      0.09058364449106651,
      0.11014147682436497,
      0.0,
      0.0
    ]
  ],
  "morphology_type": "link_scaling"
}