{
  "num_nodes": 8,
  "node_features": [
    [
      0.0,
      0.0,
      0.0,
      0.0,
      0
    ],
    [
      -3.00908202874816,
      3.0551484353295324,
      2.175,
      0.0,
      1
    ],
    [
      -3.016541997315559,
      2.9777017375248347,
      2.175,
      0.0,
      1
    ],
    [
      -3.0548369411640017,
      3.0395358259298138,
      2.175,
      0.0,
      1
    ],
    [
      -3.0148482639927803,
      2.9379779022323635,
      2.175,
      0.0,
      1
    ],
    [
      -3.06709930425762,
      2.921130964399556,
      2.175,
      0.0,
      1
    ],
    [
      -2.9057936962145914,
      2.9934413159445596,
      2.175,
      0.0,
      1
    ],
    [
      -2.986177578130795,
      3.006271029220564,
      2.175,
      0.0,
      2
    ]
  ],
  "adjacency_matrix": [
    [
      0,
      1,
      0,
      0,
      0,
      0,
      0,
      0
    ],
    [
      1,
      0,
      1,
      0,
      0,
      0,
      0,
      0
    ],
    [
      0,
      1,
      0,
      1,
      0,
      0,
      0,
      0
    ],
    [
      0,
      0,
      1,
      0,
      1,
      0,
      0,
      0
    ],
    [
      0,
      0,
      0,
      1,
      0,
      1,
      0,
      0
    ],
    [
      0,
      0,
      0,
      0,
      1,
      0,
      1,
      0
    ],
    [
      0,
      0,
      0,
      0,
      0,
      1,
      0,
      1
    ],
    [
      0,
      0,
      0,
      0,
      0,
      0,
      1,
      0
    ]
  ],
  "dh_parameters": [
    [
      0.0,
      0.30516619081235274,
      0.0,
      1.5707963267948966
    ],
    [
      0.0,
      0.0,
      0.0,
      -1.5707963267948966
    ],
    [
      0.0,
      0.2896639188738476,
      0.0,
      1.5707963267948966
    ],
    [
      0.0807396858852641,
      0.0,
      0.0,
      1.5707963267948966
    ],
    [
      -0.08620811580052527,
      0.4012595935442631,
      0.0,
      -1.5707963267948966
    ],
    [
      0.0,
      0.0,
      0.0,
      1.5707963267948966
    ],
    [
      0.08367299197451053,
      0.10173875160537077,
      0.0,
      0.0
    ]
  ],
  "morphology_type": "link_scaling"
}