{
  "num_nodes": 8,
  "node_features": [
    [
      0.0,
      0.0,
      0.0,
      0.0,
      0
    ],
    [
      -2.9090315014327404,
      3.0403497187050097,
      2.175,
      0.0,
      1
    ],
    [
      -2.9430794451887112,
      3.055251291623383,
      2.175,
      0.0,
      1
    ],
    [
      -3.0100293212548834,
      2.9017626363292885,
      2.175,
      0.0,
      1
    ],
    [
      -3.050567740270285,
      3.062553923026681,
      2.175,
      0.0,
      1
    ],
    [
      -2.9184177687980504,
      2.965475108012102,
      2.175,
      0.0,
      1
    ],
    [
      -3.064407914504199,
      3.0148118041430854,
      2.175,
      0.0,
      1
    ],
    [
      -2.932441093850313,
      2.9644584482216554,
      2.175,
      0.0,
      2
    ]
  ],
  "adjacency_matrix": [
    [
      0,
      1,
      0,
      0,
      0,
      0,
      0,
      0
    ],
    [
      1,
      0,
      1,
      0,
      0,
      0,
      0,
      0
    ],
    [
      0,
      1,
      0,
      1,
      0,
      0,
      0,
      0
    ],
    [
      0,
      0,
      1,
      0,
      1,
      0,
      0,
      0
    ],
    [
      0,
      0,
      0,
      1,
      0,
      1,
      0,
      0
    ],
    [
      0,
      0,
      0,
      0,
      1,
      0,
      1,
      0
    ],
    [
      0,
      0,
      0,
      0,
      0,
      1,
      0,
      1
    ],
    [
      0,
      0,
      0,
      0,
      0,
      0,
      1,
      0
    ]
  ],
  "dh_parameters": [
    [
      0.0,
      0.3625197950833531,
      0.0,
      1.5707963267948966
    ],
    [
      0.0,
      0.0,
      0.0,
      -1.5707963267948966
    ],
    [
      0.0,
      0.303856375408928,
      0.0,
      1.5707963267948966
    ],
    [
      0.08828251567860741,
      0.0,
      0.0,
      1.5707963267948966
    ],
    [
      -0.07729046632869943,
      0.35975198872994646,
      0.0,
      -1.5707963267948966
    ],
    [
      0.0,
      0.0,
      0.0,
      1.5707963267948966
    ],
    [
      0.0797603626333114,
      0.0969813500200491,
      0.0,
      0.0
    ]
  ],
  "morphology_type": "link_scaling"
}