{
  "num_nodes": 8,
  "node_features": [
    [
      0.0,
      0.0,
      0.0,
      0.0,
      0
    ],
    [
      -3.0383378503170144,
      2.9416441683323087,
      2.175,
      0.0,
      1
    ],
    [
      -2.921837511226397,
      2.9629404898309657,
      2.175,
      0.0,
      1
    ],
    [
      -3.0114617031598407,
      3.0550670499771675,
      2.175,
      0.0,
      1
    ],
    [
      -3.0301361965148086,
      3.0053707272158547,
      2.175,
      0.0,
      1
    ],
    [
      -3.035351592401439,
      3.0033106244102776,
      2.175,
      0.0,
      1
    ],
    [
      -2.9020916308617193,
      2.931562852105611,
      2.175,
      0.0,
      1
    ],
    [
      -2.934634387090818,
      3.0530913910395987,
      2.175,
      0.0,
      2
    ]
  ],
  "adjacency_matrix": [
    [
      0,
      1,
      0,
      0,
      0,
      0,
      0,
      0
    ],
    [
      1,
      0,
      1,
      0,
      0,
      0,
      0,
      0
    ],
    [
      0,
      1,
      0,
      1,
      0,
      0,
      0,
      0
    ],
    [
      0,
      0,
      1,
      0,
      1,
      0,
      0,
      0
    ],
    [
      0,
      0,
      0,
      1,
      0,
      1,
      0,
      0
    ],
    [
      0,
      0,
      0,
      0,
      1,
      0,
      1,
      0
    ],
    [
      0,
      0,
      0,
      0,
      0,
      1,
      0,
      1
    ],
    [
      0,
      0,
      0,
      0,
      0,
      0,
      1,
      0
    ]
  ],
  "dh_parameters": [
    [
      0.0,
      0.30417406884996406,
      0.0,
      1.5707963267948966
    ],
    [
      0.0,
      0.0,
      0.0,
      -1.5707963267948966
    ],
    [
      0.0,
      0.3149786342418626,
      0.0,
      1.5707963267948966
    ],
    [
      0.08082711122233345,
      0.0,
      0.0,
      1.5707963267948966
    ],
    [
      -0.08064187783692857,
      0.37535128593188566,
      0.0,
      -1.5707963267948966
    ],
    [
      0.0,
      0.0,
      0.0,
      1.5707963267948966
    ],
    [
      0.08545359072244502,
      0.10390379781024565,
      0.0,
      0.0
    ]
  ],
  "morphology_type": "link_scaling"
}