{
  "num_nodes": 8,
  "node_features": [
    [
      0.0,
      0.0,
      0.0,
      0.0,
      0
    ],
    [
      -3.0443703970295486,
      3.018724548469999,
      2.175,
      0.0,
      1
    ],
    [
      -2.9877611677412714,
      2.9397562291299426,
      2.175,
      0.0,
      1
    ],
    [
      -2.9713734394206632,
      2.958429583132191,
      2.175,
      0.0,
      1
    ],
    [
      -2.9083163661089353,
      3.0223643275343344,
      2.175,
      0.0,
      1
    ],
    [
      -2.926928833051516,
      2.9787809111773593,
      2.175,
      0.0,
      1
    ],
    [
      -3.067837448583,
      3.0463356838586866,
      2.175,
      0.0,
      1
    ],
    [
      -3.03781711996928,
      2.998765929202773,
      2.175,
      0.0,
      2
    ]
  ],
  "adjacency_matrix": [
    [
      0,
      1,
      0,
      0,
      0,
      0,
      0,
      0
    ],
    [
      1,
      0,
      1,
      0,
      0,
      0,
      0,
      0
    ],
    [
      0,
      1,
      0,
      1,
      0,
      0,
      0,
      0
    ],
    [
      0,
      0,
      1,
      0,
      1,
      0,
      0,
      0
    ],
    [
      0,
      0,
      0,
      1,
      0,
      1,
      0,
      0
    ],
    [
      0,
      0,
      0,
      0,
      1,
      0,
      1,
      0
    ],
    [
      0,
      0,
      0,
      0,
      0,
      1,
      0,
      1
    ],
    [
      0,
      0,
      0,
      0,
      0,
      0,
      1,
      0
    ]
  ],
  "dh_parameters": [
    [
      0.0,
      0.3044999682642151,
      0.0,
      1.5707963267948966
    ],
    [
      0.0,
      0.0,
      0.0,
      -1.5707963267948966
    ],
    [
      0.0,
      0.3322573253238599,
      0.0,
      1.5707963267948966
    ],
    [
      0.08716139143746338,
      0.0,
      0.0,
      1.5707963267948966
    ],
    [
      -0.08846833937229397,
      0.4117799068964955,
      0.0,
      -1.5707963267948966
    ],
    [
      0.0,
      0.0,
      0.0,
      1.5707963267948966
    ],
    [
      0.0807479660717103,
      0.09818218601901138,
      0.0,
      0.0
    ]
  ],
  "morphology_type": "link_scaling"
}