{
  "num_nodes": 8,
  "node_features": [
    [
      0.0,
      0.0,
      0.0,
      0.0,
      0
    ],
    [
      -2.912305360770105,
      3.03730937757088,
      2.175,
      0.0,
      1
    ],
    [
      -3.026084105309986,
      3.0576303567342156,
      2.175,
      0.0,
      1
    ],
    [
      -2.963281919802056,
      2.9467483103037195,
      2.175,
      0.0,
      1
    ],
    [
      -3.0098031808627868,
      2.9097064198362594,
      2.175,
      0.0,
      1
    ],
    [
      -3.003776913333109,
      2.9445706995958223,
      2.175,
      0.0,
      1
    ],
    [
      -2.9516433992855546,
      3.0611654084485194,
      2.175,
      0.0,
      1
    ],
    [
      -3.051217600745694,
      2.946048879556857,
      2.175,
      0.0,
      2
    ]
  ],
  "adjacency_matrix": [
    [
      0,
      1,
      0,
      0,
      0,
      0,
      0,
      0
    ],
    [
      1,
      0,
      1,
      0,
      0,
      0,
      0,
      0
    ],
    [
      0,
      1,
      0,
      1,
      0,
      0,
      0,
      0
    ],
    [
      0,
      0,
      1,
      0,
      1,
      0,
      0,
      0
    ],
    [
      0,
      0,
      0,
      1,
      0,
      1,
      0,
      0
    ],
    [
      0,
      0,
      0,
      0,
      1,
      0,
      1,
      0
    ],
    [
      0,
      0,
      0,
      0,
      0,
      1,
      0,
      1
    ],
    [
      0,
      0,
      0,
      0,
      0,
      0,
      1,
      0
    ]
  ],
  "dh_parameters": [
    [
      0.0,
      0.30618201123160177,
      0.0,
      1.5707963267948966
    ],
    [
      0.0,
      0.0,
      0.0,
      -1.5707963267948966
    ],
    [
      0.0,
      0.3094528200863257,
      0.0,
      1.5707963267948966
    ],
    [
      0.075868989843952,
      0.0,
      0.0,
      1.5707963267948966
    ],
    [
      -0.08202028365485967,
      0.38176713846625593,
      0.0,
      -1.5707963267948966
    ],
    [
      0.0,
      0.0,
      0.0,
      1.5707963267948966
    ],
    [
      0.08671591924818368,
      0.10543867454040516,
      0.0,
      0.0
    ]
  ],
  "morphology_type": "link_scaling"
}