{
  "num_nodes": 8,
  "node_features": [
    [
      0.0,
      0.0,
      0.0,
      0.0,
      0
    ],
    [
      -2.944631304862223,
      3.0195031814535858,
      2.175,
      0.0,
      1
    ],
    [
      -2.978350568218921,
      2.9097538131765637,
      2.175,
      0.0,
      1
    ],
    [
      -2.9721215753516814,
      3.0125553787589268,
      2.175,
      0.0,
      1
    ],
    [
      -3.059077737225298,
      2.982269622753559,
      2.175,
      0.0,
      1
    ],
    [
      -2.942107310634047,
      2.915740034073184,
      2.175,
      0.0,
      1
    ],
    [
      -3.029669915565693,
      2.9041799939818866,
      2.175,
      0.0,
      1
    ],
    [
      -3.025962990727055,
      2.9822988488413587,
      2.175,
      0.0,
      2
    ]
  ],
  "adjacency_matrix": [
    [
      0,
      1,
      0,
      0,
      0,
      0,
      0,
      0
    ],
    [
      1,
      0,
      1,
      0,
      0,
      0,
      0,
      0
    ],
    [
      0,
      1,
      0,
      1,
      0,
      0,
      0,
      0
    ],
    [
      0,
      0,
      1,
      0,
      1,
      0,
      0,
      0
    ],
    [
      0,
      0,
      0,
      1,
      0,
      1,
      0,
      0
    ],
    [
      0,
      0,
      0,
      0,
      1,
      0,
      1,
      0
    ],
    [
      0,
      0,
      0,
      0,
      0,
      1,
      0,
      1
    ],
    [
      0,
      0,
      0,
      0,
      0,
      0,
      1,
      0
    ]
  ],
  "dh_parameters": [
    [
      0.0,
      0.3170310634854587,
      0.0,
      1.5707963267948966
    ],
    [
      0.0,
      0.0,
      0.0,
      -1.5707963267948966
    ],
    [
      0.0,
      0.2988307373242162,
      0.0,
      1.5707963267948966
    ],
    [
      0.08353888647873287,
      0.0,
      0.0,
      1.5707963267948966
    ],
    [
      -0.0786605010949194,
      0.3661288778236248,
      0.0,
      -1.5707963267948966
    ],
    [
      0.0,
      0.0,
      0.0,
      1.5707963267948966
    ],
    [
      0.08393869183129854,
      0.10206181847669255,
      0.0,
      0.0
    ]
  ],
  "morphology_type": "link_scaling"
}