{
  "num_nodes": 8,
  "node_features": [
    [
      0.0,
      0.0,
      0.0,
      0.0,
      0
    ],
    [
      -3.017444727084911,
      2.9175094744692043,
      2.175,
      0.0,
      1
    ],
    [
      -3.033506097116615,
      3.020368991114767,
      2.175,
      0.0,
      1
    ],
    [
      -3.0217328911045613,
      2.9291511911943844,
      2.175,
      0.0,
      1
    ],
    [
      -3.0466448303846665,
      2.900529171696052,
      2.175,
      0.0,
      1
    ],
    [
      -3.002285807252216,
      2.9962019894298813,
      2.175,
      0.0,
      1
    ],
    [
      -2.992449693808508,
      3.03348278388843,
      2.175,
      0.0,
      1
    ],
    [
      -3.029000024439921,
      2.9777156945992704,
      2.175,
      0.0,
      2
    ]
  ],
  "adjacency_matrix": [
    [
      0,
      1,
      0,
      0,
      0,
      0,
      0,
      0
    ],
    [
      1,
      0,
      1,
      0,
      0,
      0,
      0,
      0
    ],
    [
      0,
      1,
      0,
      1,
      0,
      0,
      0,
      0
    ],
    [
      0,
      0,
      1,
      0,
      1,
      0,
      0,
      0
    ],
    [
      0,
      0,
      0,
      1,
      0,
      1,
      0,
      0
    ],
    [
      0,
      0,
      0,
      0,
      1,
      0,
      1,
      0
    ],
    [
      0,
      0,
      0,
      0,
      0,
      1,
      0,
      1
    ],
    [
      0,
      0,
      0,
      0,
      0,
      0,
      1,
      0
    ]
  ],
  "dh_parameters": [
    [
      0.0,
      0.3177666469706224,
      0.0,
      1.5707963267948966
    ],
    [
      0.0,
      0.0,
      0.0,
      -1.5707963267948966
    ],
    [
      0.0,
      0.29054530156656255,
      0.0,
      1.5707963267948966
    ],
    [
      0.08734674924169662,
      0.0,
      0.0,
      1.5707963267948966
    ],
    [
      -0.08898011131735739,
      0.41416197267715443,
      0.0,
      -1.5707963267948966
    ],
    [
      0.0,
      0.0,
      0.0,
      1.5707963267948966
    ],
    [
      0.09597677555080841,
      0.11669903390836932,
      0.0,
      0.0
    ]
  ],
  "morphology_type": "link_scaling"
}