{
  "num_nodes": 8,
  "node_features": [
    [
      0.0,
      0.0,
      0.0,
      0.0,
      0
    ],
    [
      -3.0316701591514437,
      2.965872184226365,
      2.175,
      0.0,
      1
    ],
    [
      -2.908199657700077,
      2.9809872287164443,
      2.175,
      0.0,
      1
    ],
    [
      -3.0332043436444236,
      2.9841512423943737,
      2.175,
      0.0,
      1
    ],
    [
      -3.0597155901408537,
      2.966287766008401,
      2.175,
      0.0,
      1
    ],
    [
      -2.981348337364258,
      2.9305424620705884,
      2.175,
      0.0,
      1
    ],
    [
      -2.9801313451074978,
      2.9577450949114623,
      2.175,
      0.0,
      1
    ],
    [
      -3.0019028496501123,
      3.0302761643386202,
      2.175,
      0.0,
      2
    ]
  ],
  "adjacency_matrix": [
    [
      0,
      1,
      0,
      0,
      0,
      0,
      0,
      0
    ],
    [
      1,
      0,
      1,
      0,
      0,
      0,
      0,
      0
    ],
    [
      0,
      1,
      0,
      1,
      0,
      0,
      0,
      0
    ],
    [
      0,
      0,
      1,
      0,
      1,
      0,
      0,
      0
    ],
    [
      0,
      0,
      0,
      1,
      0,
      1,
      0,
      0
    ],
    [
      0,
      0,
      0,
      0,
      1,
      0,
      1,
      0
    ],
    [
      0,
      0,
      0,
      0,
      0,
      1,
      0,
      1
    ],
    [
      0,
      0,
      0,
      0,
      0,
      0,
      1,
      0
    ]
  ],
  "dh_parameters": [
    [
      0.0,
      0.35104214656768656,
      0.0,
      1.5707963267948966
    ],
    [
      0.0,
      0.0,
      0.0,
      -1.5707963267948966
    ],
    [
      0.0,
      0.3067239494268841,
      0.0,
      1.5707963267948966
    ],
    [
      0.08420624725482256,
      0.0,
      0.0,
      1.5707963267948966
    ],
    [
      -0.08926369740055048,
      0.41548193699165314,
      0.0,
      -1.5707963267948966
    ],
    [
      0.0,
      0.0,
      0.0,
      1.5707963267948966
    ],
    [
      0.08210195092381062,
      0.09982850850963337,
      0.0,
      0.0
    ]
  ],
  "morphology_type": "link_scaling"
}