{
  "num_nodes": 8,
  "node_features": [
    [
      0.0,
      0.0,
      0.0,
      0.0,
      0
    ],
    [
      -3.0253380061453026,
      3.0028541255811523,
      2.175,
      0.0,
      1
    ],
    [
      -2.9877153942090877,
      2.940358359667864,
      2.175,
      0.0,
      1
    ],
    [
      -3.059431440762365,
      2.918019579576814,
      2.175,
      0.0,
      1
    ],
    [
      -2.9531908633398554,
      2.917885462501946,
      2.175,
      0.0,
      1
    ],
    [
      -2.90055535467688,
      3.0286769604488497,
      2.175,
      0.0,
      1
    ],
    [
      -2.971278059931403,
      2.9219475104584975,
      2.175,
      0.0,
      1
    ],
    [
      -3.058543474369698,
      3.0128895212229274,
      2.175,
      0.0,
      2
    ]
  ],
  "adjacency_matrix": [
    [
      0,
      1,
      0,
      0,
      0,
      0,
      0,
      0
    ],
    [
      1,
      0,
      1,
      0,
      0,
      0,
      0,
      0
    ],
    [
      0,
      1,
      0,
      1,
      0,
      0,
      0,
      0
    ],
    [
      0,
      0,
      1,
      0,
      1,
      0,
      0,
      0
    ],
    [
      0,
      0,
      0,
      1,
      0,
      1,
      0,
      0
    ],
    [
      0,
      0,
      0,
      0,
      1,
      0,
      1,
      0
    ],
    [
      0,
      0,
      0,
      0,
      0,
      1,
      0,
      1
    ],
    [
      0,
      0,
      0,
      0,
      0,
      0,
      1,
      0
    ]
  ],
  "dh_parameters": [
    [
      0.0,
      0.324522981733913,
      0.0,
      1.5707963267948966
    ],
    [
      0.0,
      0.0,
      0.0,
      -1.5707963267948966
    ],
    [
      0.0,
      0.29889516832141116,
      0.0,
      1.5707963267948966
    ],
    [
      0.0865436427365422,
      0.0,
      0.0,
      1.5707963267948966
    ],
    [
      -0.07867049993548517,
      0.36617541788153096,
      0.0,
      -1.5707963267948966
    ],
    [
      0.0,
      0.0,
      0.0,
      1.5707963267948966
    ],
    [
      0.08253250048819055,
      0.10035201763904988,
      0.0,
      0.0
    ]
  ],
  "morphology_type": "link_scaling"
}