{
  "num_nodes": 8,
  "node_features": [
    [
      0.0,
      0.0,
      0.0,
      0.0,
      0
    ],
    [
      -2.9669437375896206,
      3.048690072504737,
      2.175,
      0.0,
      1
    ],
    [
      -2.9699371352944692,
      3.0443997558903115,
      2.175,
      0.0,
      1
    ],
    [
      -2.9798613437877615,
      2.986832255808191,
      2.175,
      0.0,
      1
    ],
    [
      -3.050553600279286,
      2.960080102674697,
      2.175,
      0.0,
      1
    ],
    [
      -3.0602137953280817,
      3.017528143450556,
      2.175,
      0.0,
      1
    ],
    [
      -3.0178259058383,
      3.007638858724616,
      2.175,
      0.0,
      1
    ],
    [
      -2.915092894046441,
      3.0682642106065825,
      2.175,
      0.0,
      2
    ]
  ],
  "adjacency_matrix": [
    [
      0,
      1,
      0,
      0,
      0,
      0,
      0,
      0
    ],
    [
      1,
      0,
      1,
      0,
      0,
      0,
      0,
      0
    ],
    [
      0,
      1,
      0,
      1,
      0,
      0,
      0,
      0
    ],
    [
      0,
      0,
      1,
      0,
      1,
      0,
      0,
      0
    ],
    [
      0,
      0,
      0,
      1,
      0,
      1,
      0,
      0
    ],
    [
      0,
      0,
      0,
      0,
      1,
      0,
      1,
      0
    ],
    [
      0,
      0,
      0,
      0,
      0,
      1,
      0,
      1
    ],
    [
      0,
      0,
      0,
      0,
      0,
      0,
      1,
      0
    ]
  ],
  "dh_parameters": [
    [
      0.0,
      0.34981047006468424,
      0.0,
      1.5707963267948966
    ],
    [
      0.0,
      0.0,
      0.0,
      -1.5707963267948966
    ],
    [
      0.0,
      0.3213489922697377,
      0.0,
      1.5707963267948966
    ],
    [
      0.07620343393541827,
      0.0,
      0.0,
      1.5707963267948966
    ],
    [
      -0.08972932968394835,
      0.41764924361983236,
      0.0,
      -1.5707963267948966
    ],
    [
      0.0,
      0.0,
      0.0,
      1.5707963267948966
    ],
    [
      0.08706587308774759,
      0.10586418659532947,
      0.0,
      0.0
    ]
  ],
  "morphology_type": "link_scaling"
}