{
  "num_nodes": 8,
  "node_features": [
    [
      0.0,
      0.0,
      0.0,
      0.0,
      0
    ],
    [
      -2.9145562468187816,
      2.921066426439192,
      2.175,
      0.0,
      1
    ],
    [
      -3.014042387767647,
      3.0557535889887366,
      2.175,
      0.0,
      1
    ],
    [
      -2.91338249105425,
      3.0539486791183905,
      2.175,
      0.0,
      1
    ],
    [
      -2.945962936871919,
      2.9439486481401396,
      2.175,
      0.0,
      1
    ],
    [
      -3.0243275445586058,
      2.9419470934365193,
      2.175,
      0.0,
      1
    ],
    [
      -2.9467828099610416,
      2.993334860147903,
      2.175,
      0.0,
      1
    ],
    [
      -2.9062173941457643,
      2.922650122235269,
      2.175,
      0.0,
      2
    ]
  ],
  "adjacency_matrix": [
    [
      0,
      1,
      0,
      0,
      0,
      0,
      0,
      0
    ],
    [
      1,
      0,
      1,
      0,
      0,
      0,
      0,
      0
    ],
    [
      0,
      1,
      0,
      1,
      0,
      0,
      0,
      0
    ],
    [
      0,
      0,
      1,
      0,
      1,
      0,
      0,
      0
    ],
    [
      0,
      0,
      0,
      1,
      0,
      1,
      0,
      0
    ],
    [
      0,
      0,
      0,
      0,
      1,
      0,
      1,
      0
    ],
    [
      0,
      0,
      0,
      0,
      0,
      1,
      0,
      1
    ],
    [
      0,
      0,
      0,
      0,
      0,
      0,
      1,
      0
    ]
  ],
  "dh_parameters": [
    [
      0.0,
      0.3197776335539604,
      0.0,
      1.5707963267948966
    ],
    [
      0.0,
      0.0,
      0.0,
      -1.5707963267948966
    ],
    [
      0.0,
      0.31933614242635194,
      0.0,
      1.5707963267948966
    ],
    [
      0.07455496639377313,
      0.0,
      0.0,
      1.5707963267948966
    ],
    [
      -0.08466186179762203,
      0.39406248400347704,
      0.0,
      -1.5707963267948966
    ],
    [
      0.0,
      0.0,
      0.0,
      1.5707963267948966
    ],
    [
      0.09003254110068136,
      0.10947138520196484,
      0.0,
      0.0
    ]
  ],
  "morphology_type": "link_scaling"
}