{
  "num_nodes": 8,
  "node_features": [
    [
      0.0,
      0.0,
      0.0,
      0.0,
      0
    ],
    [
      -2.9640927561946957,
      2.9131519765587868,
      2.175,
      0.0,
      1
    ],
    [
      -3.0200052036451486,
      2.9694868184466254,
      2.175,
      0.0,
      1
    ],
    [
      -3.0624922362588283,
      2.962722769425828,
      2.175,
      0.0,
      1
    ],
    [
      -2.9582825853019212,
      3.044010920626065,
      2.175,
      0.0,
      1
    ],
    [
      -2.9154648933622904,
      2.9011751776562655,
      2.175,
      0.0,
      1
    ],
    [
      -2.957807916812377,
      3.0491808190486274,
      2.175,
      0.0,
      1
    ],
    [
      -3.031653948994788,
      3.0302302308955165,
      2.175,
      0.0,
      2
    ]
  ],
  "adjacency_matrix": [
    [
      0,
      1,
      0,
      0,
      0,
      0,
      0,
      0
    ],
    [
      1,
      0,
      1,
      0,
      0,
      0,
      0,
      0
    ],
    [
      0,
      1,
      0,
      1,
      0,
      0,
      0,
      0
    ],
    [
      0,
      0,
      1,
      0,
      1,
      0,
      0,
      0
    ],
    [
      0,
      0,
      0,
      1,
      0,
      1,
      0,
      0
    ],
    [
      0,
      0,
      0,
      0,
      1,
      0,
      1,
      0
    ],
    [
      0,
      0,
      0,
      0,
      0,
      1,
      0,
      1
    ],
    [
      0,
      0,
      0,
      0,
      0,
      0,
      1,
      0
    ]
  ],
  "dh_parameters": [
    [
      0.0,
      0.3609120500597554,
      0.0,
      1.5707963267948966
    ],
    [
      0.0,
      0.0,
      0.0,
      -1.5707963267948966
    ],
    [
      0.0,
      0.28825731755341466,
      0.0,
      1.5707963267948966
    ],
    [
      0.08828996276861031,
      0.0,
      0.0,
      1.5707963267948966
    ],
    [
      -0.0773489471011363,
      0.36002419014347076,
      0.0,
      -1.5707963267948966
    ],
    [
      0.0,
      0.0,
      0.0,
      1.5707963267948966
    ],
    [
      0.08458569269458663,
      0.10284851270819056,
      0.0,
      0.0
    ]
  ],
  "morphology_type": "link_scaling"
}