{
  "num_nodes": 8,
  "node_features": [
    [
      0.0,
      0.0,
      0.0,
      0.0,
      0
    ],
    [
      -3.0600307244872473,
      3.0194444079925473,
      2.175,
      0.0,
      1
    ],
    [
      -3.032816017745651,
      2.9821313289534106,
      2.175,
      0.0,
      1
    ],
    [
      -3.055061807597636,
      2.9479705540102135,
      2.175,
      0.0,
      1
    ],
    [
      -2.989861409761216,
      3.0145633552194995,
      2.175,
      0.0,
      1
    ],
    [
      -3.016279342904299,
      2.971377210078,
      2.175,
      0.0,
      1
    ],
    [
      -2.991772209950581,
      2.9255582856933278,
      2.175,
      0.0,
      1
    ],
    [
      -2.9422635248572346,
      2.9767115512645406,
      2.175,
      0.0,
      2
    ]
  ],
  "adjacency_matrix": [
    [
      0,
      1,
      0,
      0,
      0,
      0,
      0,
      0
    ],
    [
      1,
      0,
      1,
      0,
      0,
      0,
      0,
      0
    ],
    [
      0,
      1,
      0,
      1,
      0,
      0,
      0,
      0
    ],
    [
      0,
      0,
      1,
      0,
      1,
      0,
      0,
      0
    ],
    [
      0,
      0,
      0,
      1,
      0,
      1,
      0,
      0
    ],
    [
      0,
      0,
      0,
      0,
      1,
      0,
      1,
      0
    ],
    [
      0,
      0,
      0,
      0,
      0,
      1,
      0,
      1
    ],
    [
      0,
      0,
      0,
      0,
      0,
      0,
      1,
      0
    ]
  ],
  "dh_parameters": [
    [
      0.0,
      0.3522673140596494,
      0.0,
      1.5707963267948966
    ],
    [
      0.0,
      0.0,
      0.0,
      -1.5707963267948966
    ],
    [
      0.0,
      0.3321910248978452,
      0.0,
      1.5707963267948966
    ],
    [
      0.07530503824272572,
      0.0,
      0.0,
      1.5707963267948966
    ],
    [
      -0.0767863305798531,
      0.3574054659716798,
      0.0,
      -1.5707963267948966
    ],
    [
      0.0,
      0.0,
      0.0,
      1.5707963267948966
    ],
    [
      0.08914493180510198,
      0.10839213299029446,
      0.0,
      0.0
    ]
  ],
  "morphology_type": "link_scaling"
}