{
  "num_nodes": 8,
  "node_features": [
    [
      0.0,
      0.0,
      0.0,
      0.0,
      0
    ],
    [
      -2.9338179411455623,
      2.934460051753139,
      2.175,
      0.0,
      1
    ],
    [
      -3.0458662111587764,
      3.0628844003528695,
      2.175,
      0.0,
      1
    ],
    [
      -2.9225509435509642,
      2.91737733822357,
      2.175,
      0.0,
      1
    ],
    [
      -2.9500082744297256,
      2.959684189417936,
      2.175,
      0.0,
      1
    ],
    [
      -2.98165627585663,
      3.03208241701304,
      2.175,
      0.0,
      1
    ],
    [
      -2.9471332968656476,
      2.98339976596051,
      2.175,
      0.0,
      1
    ],
    [
      -2.925638927052686,
      2.9777074829145236,
      2.175,
      0.0,
      2
    ]
  ],
  "adjacency_matrix": [
    [
      0,
      1,
      0,
      0,
      0,
      0,
      0,
      0
    ],
    [
      1,
      0,
      1,
      0,
      0,
      0,
      0,
      0
    ],
    [
      0,
      1,
      0,
      1,
      0,
      0,
      0,
      0
    ],
    [
      0,
      0,
      1,
      0,
      1,
      0,
      0,
      0
    ],
    [
      0,
      0,
      0,
      1,
      0,
      1,
      0,
      0
    ],
    [
      0,
      0,
      0,
      0,
      1,
      0,
      1,
      0
    ],
    [
      0,
      0,
      0,
      0,
      0,
      1,
      0,
      1
    ],
    [
      0,
      0,
      0,
      0,
      0,
      0,
      1,
      0
    ]
  ],
  "dh_parameters": [
    [
      0.0,
      0.3530292292649356,
      0.0,
      1.5707963267948966
    ],
    [
      0.0,
      0.0,
      0.0,
      -1.5707963267948966
    ],
    [
      0.0,
      0.30926167867054905,
      0.0,
      1.5707963267948966
    ],
    [
      0.09007644011503153,
      0.0,
      0.0,
      1.5707963267948966
    ],
    [
      -0.08764507367263213,
      0.40794797927625137,
      0.0,
      -1.5707963267948966
    ],
    [
      0.0,
      0.0,
      0.0,
      1.5707963267948966
    ],
    [
      0.0959873053707671,
      0.11671183721218274,
      0.0,
      0.0
    ]
  ],
  "morphology_type": "link_scaling"
}