{
  "num_nodes": 8,
  "node_features": [
    [
      0.0,
      0.0,
      0.0,
      0.0,
      0
    ],
    [
      -2.910296479533089,
      3.0171246654621413,
      2.175,
      0.0,
      1
    ],
    [
      -3.0146552177720154,
      3.023995582966632,
      2.175,
      0.0,
      1
    ],
    [
      -2.9068020975772337,
      3.037251118012405,
      2.175,
      0.0,
      1
    ],
    [
      -2.92874056061846,
      2.910668628594051,
      2.175,
      0.0,
      1
    ],
    [
      -2.919199203383936,
      3.0065804030839383,
      2.175,
      0.0,
      1
    ],
    [
      -2.932333592228821,
      2.9717483461480234,
      2.175,
      0.0,
      1
    ],
    [
      -2.9501401201988773,
      2.944383473385474,
      2.175,
      0.0,
      2
    ]
  ],
  "adjacency_matrix": [
    [
      0,
      1,
      0,
      0,
      0,
      0,
      0,
      0
    ],
    [
      1,
      0,
      1,
      0,
      0,
      0,
      0,
      0
    ],
    [
      0,
      1,
      0,
      1,
      0,
      0,
      0,
      0
    ],
    [
      0,
      0,
      1,
      0,
      1,
      0,
      0,
      0
    ],
    [
      0,
      0,
      0,
      1,
      0,
      1,
      0,
      0
    ],
    [
      0,
      0,
      0,
      0,
      1,
      0,
      1,
      0
    ],
    [
      0,
      0,
      0,
      0,
      0,
      1,
      0,
      1
    ],
    [
      0,
      0,
      0,
      0,
      0,
      0,
      1,
      0
    ]
  ],
  "dh_parameters": [
    [
      0.0,
      0.33277401037312737,
      0.0,
      1.5707963267948966
    ],
    [
      0.0,
      0.0,
      0.0,
      -1.5707963267948966
    ],
    [
      0.0,
      0.3095696712326049,
      0.0,
      1.5707963267948966
    ],
    [
      0.07734348651326226,
      0.0,
      0.0,
      1.5707963267948966
    ],
    [
      -0.08832469592996843,
      0.41111131196494394,
      0.0,
      -1.5707963267948966
    ],
    [
      0.0,
      0.0,
      0.0,
      1.5707963267948966
    ],
    [
      0.08181463949716854,
      0.0994791639340572,
      0.0,
      0.0
    ]
  ],
  "morphology_type": "link_scaling"
}