{
  "num_nodes": 8,
  "node_features": [
    [
      0.0,
      0.0,
      0.0,
      0.0,
      0
    ],
    [
      -3.0022604208505106,
      2.951894401958184,
      2.175,
      0.0,
      1
    ],
    [
      -3.0446832768248315,
      3.0519290185426238,
      2.175,
      0.0,
      1
    ],
    [
      -2.934887243386424,
      2.9384170059895927,
      2.175,
      0.0,
      1
    ],
    [
      -2.9940666460983425,
      3.0558977207744116,
      2.175,
      0.0,
      1
    ],
    [
      -2.9579996874359393,
      3.005978638134392,
      2.175,
      0.0,
      1
    ],
    [
      -2.9985514804879134,
      2.906027350946283,
      2.175,
      0.0,
      1
    ],
    [
      -3.057751956089615,
      2.901469750207265,
      2.175,
      0.0,
      2
    ]
  ],
  "adjacency_matrix": [
    [
      0,
      1,
      0,
      0,
      0,
      0,
      0,
      0
    ],
    [
      1,
      0,
      1,
      0,
      0,
      0,
      0,
      0
    ],
    [
      0,
      1,
      0,
      1,
      0,
      0,
      0,
      0
    ],
    [
      0,
      0,
      1,
      0,
      1,
      0,
      0,
      0
    ],
    [
      0,
      0,
      0,
      1,
      0,
      1,
      0,
      0
    ],
    [
      0,
      0,
      0,
      0,
      1,
      0,
      1,
      0
    ],
    [
      0,
      0,
      0,
      0,
      0,
      1,
      0,
      1
    ],
    [
      0,
      0,
      0,
      0,
      0,
      0,
      1,
      0
    ]
  ],
  "dh_parameters": [
    [
      0.0,
      0.3502323279045996,
      0.0,
      1.5707963267948966
    ],
    [
      0.0,
      0.0,
      0.0,
      -1.5707963267948966
    ],
    [
      0.0,
      0.31247433837452987,
      0.0,
      1.5707963267948966
    ],
    [
      0.08480170110418114,
      0.0,
      0.0,
      1.5707963267948966
    ],
    [
      -0.08162761421898437,
      0.3799394407283636,
      0.0,
      -1.5707963267948966
    ],
    [
      0.0,
      0.0,
      0.0,
      1.5707963267948966
    ],
    [
      0.07965538853067322,
      0.0968537110543413,
      0.0,
      0.0
    ]
  ],
  "morphology_type": "link_scaling"
}