{
  "num_nodes": 8,
  "node_features": [
    [
      0.0,
      0.0,
      0.0,
      0.0,
      0
    ],
    [
      -2.9696850589341786,
      3.0637647770892023,
      2.175,
      0.0,
      1
    ],
    [
      -2.9382407814735307,
      3.031404273272513,
      2.175,
      0.0,
      1
    ],
    [
      -2.900856265285145,
      2.9767322711439794,
      2.175,
      0.0,
      1
    ],
    [
      -2.9701422122811003,
      3.0173857954716863,
      2.175,
      0.0,
      1
    ],
    [
      -2.9987765608659553,
      2.9648871832238406,
      2.175,
      0.0,
      1
    ],
    [
      -2.9604570410037545,
      2.916958830054373,
      2.175,
      0.0,
      1
    ],
    [
      -2.9221434486018993,
      2.9345735637867865,
      2.175,
      0.0,
      2
    ]
  ],
  "adjacency_matrix": [
    [
      0,
      1,
      0,
      0,
      0,
      0,
      0,
      0
    ],
    [
      1,
      0,
      1,
      0,
      0,
      0,
      0,
      0
    ],
    [
      0,
      1,
      0,
      1,
      0,
      0,
      0,
      0
    ],
    [
      0,
      0,
      1,
      0,
      1,
      0,
      0,
      0
    ],
    [
      0,
      0,
      0,
      1,
      0,
      1,
      0,
      0
    ],
    [
      0,
      0,
      0,
      0,
      1,
      0,
      1,
      0
    ],
    [
      0,
      0,
      0,
      0,
      0,
      1,
      0,
      1
    ],
    [
      0,
      0,
      0,
      0,
      0,
      0,
      1,
      0
    ]
  ],
  "dh_parameters": [
    [
      0.0,
      0.3176407761126405,
      0.0,
      1.5707963267948966
    ],
    [
      0.0,
      0.0,
      0.0,
      -1.5707963267948966
    ],
    [
      0.0,
      0.32507941389510425,
      0.0,
      1.5707963267948966
    ],
    [
      0.08402791977422364,
      0.0,
      0.0,
      1.5707963267948966
    ],
    [
      -0.0770230093597286,
      0.3585070981107368,
      0.0,
      -1.5707963267948966
    ],
    [
      0.0,
      0.0,
      0.0,
      1.5707963267948966
    ],
    [
      0.09566655498675529,
      0.11632183390435018,
      0.0,
      0.0
    ]
  ],
  "morphology_type": "link_scaling"
}