{
  "num_nodes": 8,
  "node_features": [
    [
      0.0,
      0.0,
      0.0,
      0.0,
      0
    ],
    [
      -3.0086172922716283,
      3.0554487429251576,
      2.175,
      0.0,
      1
    ],
    [
      -3.0500908283312613,
      2.9219792104200377,
      2.175,
      0.0,
      1
    ],
    [
      -2.988315391873582,
      3.0332344964907145,
      2.175,
      0.0,
      1
    ],
    [
      -3.053615532814502,
      2.9331955093987,
      2.175,
      0.0,
      1
    ],
    [
      -2.9121652304227887,
      2.920045086393741,
      2.175,
      0.0,
      1
    ],
    [
      -3.047138813338533,
      2.9022075246672854,
      2.175,
      0.0,
      1
    ],
    [
      -3.040905877255696,
      3.0426728147144573,
      2.175,
      0.0,
      2
    ]
  ],
  "adjacency_matrix": [
    [
      0,
      1,
      0,
      0,
      0,
      0,
      0,
      0
    ],
    [
      1,
      0,
      1,
      0,
      0,
      0,
      0,
      0
    ],
    [
      0,
      1,
      0,
      1,
      0,
      0,
      0,
      0
    ],
    [
      0,
      0,
      1,
      0,
      1,
      0,
      0,
      0
    ],
    [
      0,
      0,
      0,
      1,
      0,
      1,
      0,
      0
    ],
    [
      0,
      0,
      0,
      0,
      1,
      0,
      1,
      0
    ],
    [
      0,
      0,
      0,
      0,
      0,
      1,
      0,
      1
    ],
    [
      0,
      0,
      0,
      0,
      0,
      0,
      1,
      0
    ]
  ],
  "dh_parameters": [
    [
      0.0,
      0.3194840540635092,
      0.0,
      1.5707963267948966
    ],
    [
      0.0,
      0.0,
      0.0,
      -1.5707963267948966
    ],
    [
      0.0,
      0.3231682729396539,
      0.0,
      1.5707963267948966
    ],
    [
      0.08235737558547239,
      0.0,
      0.0,
      1.5707963267948966
    ],
    [
      -0.07591842738333901,
      0.35336577109335976,
      0.0,
      -1.5707963267948966
    ],
    [
      0.0,
      0.0,
      0.0,
      1.5707963267948966
    ],
    [
      0.0855490978512724,
      0.10401992579643349,
      0.0,
      0.0
    ]
  ],
  "morphology_type": "link_scaling"
}