{
  "num_nodes": 8,
  "node_features": [
    [
      0.0,
      0.0,
      0.0,
      0.0,
      0
    ],
    [
      -3.068097480526327,
      2.925901218366801,
      2.175,
      0.0,
      1
    ],
    [
      -2.94913879104105,
      3.0445242762688167,
      2.175,
      0.0,
      1
    ],
    [
      -2.9637773323373957,
      3.0466774444330404,
      2.175,
      0.0,
      1
    ],
    [
      -3.059630369397949,
      3.0523212083436273,
      2.175,
      0.0,
      1
    ],
    [
      -2.9088682007221878,
      3.017010270828085,
      2.175,
      0.0,
      1
    ],
    [
      -2.90186910157739,
      3.049452960673723,
      2.175,
      0.0,
      1
    ],
    [
      -3.027575018243327,
      2.916362057718037,
      2.175,
      0.0,
      2
    ]
  ],
  "adjacency_matrix": [
    [
      0,
      1,
      0,
      0,
      0,
      0,
      0,
      0
    ],
    [
      1,
      0,
      1,
      0,
      0,
      0,
      0,
      0
    ],
    [
      0,
      1,
      0,
      1,
      0,
      0,
      0,
      0
    ],
    [
      0,
      0,
      1,
      0,
      1,
      0,
      0,
      0
    ],
    [
      0,
      0,
      0,
      1,
      0,
      1,
      0,
      0
    ],
    [
      0,
      0,
      0,
      0,
      1,
      0,
      1,
      0
    ],
    [
      0,
      0,
      0,
      0,
      0,
      1,
      0,
      1
    ],
    [
      0,
      0,
      0,
      0,
      0,
      0,
      1,
      0
    ]
  ],
  "dh_parameters": [
    [
      0.0,
      0.3010532584535712,
      0.0,
      1.5707963267948966
    ],
    [
      0.0,
      0.0,
      0.0,
      -1.5707963267948966
    ],
    [
      0.0,
      0.28925694845023703,
      0.0,
      1.5707963267948966
    ],
    [
      0.07714682670378369,
      0.0,
      0.0,
      1.5707963267948966
    ],
    [
      -0.09007117465450008,
      0.4192403765736731,
      0.0,
      -1.5707963267948966
    ],
    [
      0.0,
      0.0,
      0.0,
      1.5707963267948966
    ],
    [
      0.09652143416841735,
      0.11736128927296202,
      0.0,
      0.0
    ]
  ],
  "morphology_type": "link_scaling"
}