{
  "num_nodes": 8,
  "node_features": [
    [
      0.0,
      0.0,
      0.0,
      0.0,
      0
    ],
    [
      -3.0493449140849616,
      3.057798190001817,
      2.175,
      0.0,
      1
    ],
    [
      -3.014104968454501,
      2.916482113327227,
      2.175,
      0.0,
      1
    ],
    [
      -2.94380632528908,
      2.946846482351182,
      2.175,
      0.0,
      1
    ],
    [
      -3.0416588876934987,
      2.988496554333347,
      2.175,
      0.0,
      1
    ],
    [
      -3.0637846421136463,
      2.9200733003832737,
      2.175,
      0.0,
      1
    ],
    [
      -2.98113300107214,
      3.0265857491496293,
      2.175,
      0.0,
      1
    ],
    [
      -2.9016372753324076,
      2.953518238309903,
      2.175,
      0.0,
      2
    ]
  ],
  "adjacency_matrix": [
    [
      0,
      1,
      0,
      0,
      0,
      0,
      0,
      0
    ],
    [
      1,
      0,
      1,
      0,
      0,
      0,
      0,
      0
    ],
    [
      0,
      1,
      0,
      1,
      0,
      0,
      0,
      0
    ],
    [
      0,
      0,
      1,
      0,
      1,
      0,
      0,
      0
    ],
    [
      0,
      0,
      0,
      1,
      0,
      1,
      0,
      0
    ],
    [
      0,
      0,
      0,
      0,
      1,
      0,
      1,
      0
    ],
    [
      0,
      0,
      0,
      0,
      0,
      1,
      0,
      1
    ],
    [
      0,
      0,
      0,
      0,
      0,
      0,
      1,
      0
    ]
  ],
  "dh_parameters": [
    [
      0.0,
      0.3019211321721386,
      0.0,
      1.5707963267948966
    ],
    [
      0.0,
      0.0,
      0.0,
      -1.5707963267948966
    ],
    [
      0.0,
      0.3330406115916076,
      0.0,
      1.5707963267948966
    ],
    [
      0.0828974247089522,
      0.0,
      0.0,
      1.5707963267948966
    ],
    [
      -0.07871372734105424,
      0.36637662180563424,
      0.0,
      -1.5707963267948966
    ],
    [
      0.0,
      0.0,
      0.0,
      1.5707963267948966
    ],
    [
      0.09159545935361744,
      0.11137175171405758,
      0.0,
      0.0
    ]
  ],
  "morphology_type": "link_scaling"
}