{
  "num_nodes": 8,
  "node_features": [
    [
      0.0,
      0.0,
      0.0,
      0.0,
      0
    ],
    [
      -2.932884045425162,
      3.016577192834106,
      2.175,
      0.0,
      1
    ],
    [
      -3.036415670786842,
      2.995568496246691,
      2.175,
      0.0,
      1
    ],
    [
      -2.947981011005301,
      2.9456497350130166,
      2.175,
      0.0,
      1
    ],
    [
      -3.0330234840663923,
      3.057344328697006,
      2.175,
      0.0,
      1
    ],
    [
      -3.0518386998294584,
      2.9219207302203603,
      2.175,
      0.0,
      1
    ],
    [
      -3.037086317470826,
      2.9155595945441033,
      2.175,
      0.0,
      1
    ],
    [
      -2.9448339046954652,
      2.991712437432279,
      2.175,
      0.0,
      2
    ]
  ],
  "adjacency_matrix": [
    [
      0,
      1,
      0,
      0,
      0,
      0,
      0,
      0
    ],
    [
      1,
      0,
      1,
      0,
      0,
      0,
      0,
      0
    ],
    [
      0,
      1,
      0,
      1,
      0,
      0,
      0,
      0
    ],
    [
      0,
      0,
      1,
      0,
      1,
      0,
      0,
      0
    ],
    [
      0,
      0,
      0,
      1,
      0,
      1,
      0,
      0
    ],
    [
      0,
      0,
      0,
      0,
      1,
      0,
      1,
      0
    ],
    [
      0,
      0,
      0,
      0,
      0,
      1,
      0,
      1
    ],
    [
      0,
      0,
      0,
      0,
      0,
      0,
      1,
      0
    ]
  ],
  "dh_parameters": [
    [
      0.0,
      0.32989064355712694,
      0.0,
      1.5707963267948966
    ],
    [
      0.0,
      0.0,
      0.0,
      -1.5707963267948966
    ],
    [
      0.0,
      0.2856568686788194,
      0.0,
      1.5707963267948966
    ],
    [
      0.0802773021144963,
      0.0,
      0.0,
      1.5707963267948966
    ],
    [
      -0.08424177951561737,
      0.3921071919272372,
      0.0,
      -1.5707963267948966
    ],
    [
      0.0,
      0.0,
      0.0,
      1.5707963267948966
    ],
    [
      0.08272809734750407,
      0.10058984563844245,
      0.0,
      0.0
    ]
  ],
  "morphology_type": "link_scaling"
}