{
  "num_nodes": 8,
  "node_features": [
    [
      0.0,
      0.0,
      0.0,
      0.0,
      0
    ],
    [
      -2.908817716728145,
      2.926968730511808,
      2.175,
      0.0,
      1
    ],
    [
      -3.0199579124520564,
      2.9099799047000574,
      2.175,
      0.0,
      1
    ],
    [
      -3.0253681092352793,
      2.9583022174297025,
      2.175,
      0.0,
      1
    ],
    [
      -2.9636763974139497,
      2.9781444470001692,
      2.175,
      0.0,
      1
    ],
    [
      -2.9655204473009236,
      2.976341949182581,
      2.175,
      0.0,
      1
    ],
    [
      -2.90412284025574,
      3.0191859910649037,
      2.175,
      0.0,
      1
    ],
    [
      -2.978893388237674,
      2.9844550743407847,
      2.175,
      0.0,
      2
    ]
  ],
  "adjacency_matrix": [
    [
      0,
      1,
      0,
      0,
      0,
      0,
      0,
      0
    ],
    [
      1,
      0,
      1,
      0,
      0,
      0,
      0,
      0
    ],
    [
      0,
      1,
      0,
      1,
      0,
      0,
      0,
      0
    ],
    [
      0,
      0,
      1,
      0,
      1,
      0,
      0,
      0
    ],
    [
      0,
      0,
      0,
      1,
      0,
      1,
      0,
      0
    ],
    [
      0,
      0,
      0,
      0,
      1,
      0,
      1,
      0
    ],
    [
      0,
      0,
      0,
      0,
      0,
      1,
      0,
      1
    ],
    [
      0,
      0,
      0,
      0,
      0,
      0,
      1,
      0
    ]
  ],
  "dh_parameters": [
    [
      0.0,
      0.3448852487381641,
      0.0,
      1.5707963267948966
    ],
    [
      0.0,
      0.0,
      0.0,
      -1.5707963267948966
    ],
    [
      0.0,
      0.2870629482709344,
      0.0,
      1.5707963267948966
    ],
    [
      0.08196604807095852,
      0.0,
      0.0,
      1.5707963267948966
    ],
    [
      -0.08989349111220074,
      0.41841334044951617,
      0.0,
      -1.5707963267948966
    ],
    [
      0.0,
      0.0,
      0.0,
      1.5707963267948966
    ],
    [
      0.08205958243091713,
      0.09977699227395605,
      0.0,
      0.0
    ]
  ],
  "morphology_type": "link_scaling"
}