{
  "num_nodes": 8,
  "node_features": [
    [
      0.0,
      0.0,
      0.0,
      0.0,
      0
    ],
    [
      -2.9483940071824275,
      2.9573072128063536,
      2.175,
      0.0,
      1
    ],
    [
      -2.9775371023364783,
      3.0487681055565696,
      2.175,
      0.0,
      1
    ],
    [
      -2.9369937939740938,
      3.0478217256803726,
      2.175,
      0.0,
      1
    ],
    [
      -3.01365856179859,
      3.0697321596753135,
      2.175,
      0.0,
      1
    ],
    [
      -2.975091459848033,
      3.04063365860548,
      2.175,
      0.0,
      1
    ],
    [
      -3.0390134194696343,
      3.0546485617086883,
      2.175,
      0.0,
      1
    ],
    [
      -2.947875714069335,
      2.9139948418252093,
      2.175,
      0.0,
      2
    ]
  ],
  "adjacency_matrix": [
    [
      0,
      1,
      0,
      0,
      0,
      0,
      0,
      0
    ],
    [
      1,
      0,
      1,
      0,
      0,
      0,
      0,
      0
    ],
    [
      0,
      1,
      0,
      1,
      0,
      0,
      0,
      0
    ],
    [
      0,
      0,
      1,
      0,
      1,
      0,
      0,
      0
    ],
    [
      0,
      0,
      0,
      1,
      0,
      1,
      0,
      0
    ],
    [
      0,
      0,
      0,
      0,
      1,
      0,
      1,
      0
    ],
    [
      0,
      0,
      0,
      0,
      0,
      1,
      0,
      1
    ],
    [
      0,
      0,
      0,
      0,
      0,
      0,
      1,
      0
    ]
  ],
  "dh_parameters": [
    [
      0.0,
      0.35455550794883445,
      0.0,
      1.5707963267948966
    ],
    [
      0.0,
      0.0,
      0.0,
      -1.5707963267948966
    ],
    [
      0.0,
      0.3282481209387102,
      0.0,
      1.5707963267948966
    ],
    [
      0.08924123243118177,
      0.0,
      0.0,
      1.5707963267948966
    ],
    [
      -0.08212080282403103,
      0.3822350095082172,
      0.0,
      -1.5707963267948966
    ],
    [
      0.0,
      0.0,
      0.0,
      1.5707963267948966
    ],
    [
      0.08375385072402285,
      0.10183706849398233,
      0.0,
      0.0
    ]
  ],
  "morphology_type": "link_scaling"
}