{
  "num_nodes": 8,
  "node_features": [
    [
      0.0,
      0.0,
      0.0,
      0.0,
      0
    ],
    [
      -2.9448787381859227,
      2.9382159223658935,
      2.175,
      0.0,
      1
    ],
    [
      -3.027445056888843,
      3.003638145017351,
      2.175,
      0.0,
      1
    ],
    [
      -3.0239098444012718,
      2.961980953515572,
      2.175,
      0.0,
      1
    ],
    [
      -3.056388630559535,
      3.0281162256451197,
      2.175,
      0.0,
      1
    ],
    [
      -2.993013683452135,
      2.959136538052267,
      2.175,
      0.0,
      1
    ],
    [
      -2.953474171141424,
      3.0461656159392505,
      2.175,
      0.0,
      1
    ],
    [
      -3.0054764093888804,
      2.907963476218481,
      2.175,
      0.0,
      2
    ]
  ],
  "adjacency_matrix": [
    [
      0,
      1,
      0,
      0,
      0,
      0,
      0,
      0
    ],
    [
      1,
      0,
      1,
      0,
      0,
      0,
      0,
      0
    ],
    [
      0,
      1,
      0,
      1,
      0,
      0,
      0,
      0
    ],
    [
      0,
      0,
      1,
      0,
      1,
      0,
      0,
      0
    ],
    [
      0,
      0,
      0,
      1,
      0,
      1,
      0,
      0
    ],
    [
      0,
      0,
      0,
      0,
      1,
      0,
      1,
      0
    ],
    [
      0,
      0,
      0,
      0,
      0,
      1,
      0,
      1
    ],
    [
      0,
      0,
      0,
      0,
      0,
      0,
      1,
      0
    ]
  ],
  "dh_parameters": [
    [
      0.0,
      0.36168891072303905,
      0.0,
      1.5707963267948966
    ],
    [
      0.0,
      0.0,
      0.0,
      -1.5707963267948966
    ],
    [
      0.0,
      0.3068173169261411,
      0.0,
      1.5707963267948966
    ],
    [
      0.08425173442600106,
      0.0,
      0.0,
      1.5707963267948966
    ],
    [
      -0.07711848149881508,
      0.35895147752175743,
      0.0,
      -1.5707963267948966
    ],
    [
      0.0,
      0.0,
      0.0,
      1.5707963267948966
    ],
    [
      0.08107325825554289,
      0.09857771174253512,
      0.0,
      0.0
    ]
  ],
  "morphology_type": "link_scaling"
}