{
  "num_nodes": 8,
  "node_features": [
    [
      0.0,
      0.0,
      0.0,
      0.0,
      0
    ],
    [
      -2.9592221145013915,
      3.0478768478020606,
      2.175,
      0.0,
      1
    ],
    [
      -2.925368953034733,
      2.9400096418823223,
      2.175,
      0.0,
      1
    ],
    [
      -2.9149432486987217,
      3.0501942829832607,
      2.175,
      0.0,
      1
    ],
    [
      -3.0574894199760947,
      2.9501704774580277,
      2.175,
      0.0,
      1
    ],
    [
      -3.0232893969442363,
      2.9148302274608238,
      2.175,
      0.0,
      1
    ],
    [
      -3.0157590627603086,
      3.0360548633015463,
      2.175,
      0.0,
      1
    ],
    [
      -2.9896763093697585,
      3.0506163413899876,
      2.175,
      0.0,
      2
    ]
  ],
  "adjacency_matrix": [
    [
      0,
      1,
      0,
      0,
      0,
      0,
      0,
      0
    ],
    [
      1,
      0,
      1,
      0,
      0,
      0,
      0,
      0
    ],
    [
      0,
      1,
      0,
      1,
      0,
      0,
      0,
      0
    ],
    [
      0,
      0,
      1,
      0,
      1,
      0,
      0,
      0
    ],
    [
      0,
      0,
      0,
      1,
      0,
      1,
      0,
      0
    ],
    [
      0,
      0,
      0,
      0,
      1,
      0,
      1,
      0
    ],
    [
      0,
      0,
      0,
      0,
      0,
      1,
      0,
      1
    ],
    [
      0,
      0,
      0,
      0,
      0,
      0,
      1,
      0
    ]
  ],
  "dh_parameters": [
    [
      0.0,
      0.34115391942239437,
      0.0,
      1.5707963267948966
    ],
    [
      0.0,
      0.0,
      0.0,
      -1.5707963267948966
    ],
    [
      0.0,
      0.29054905996058156,
      0.0,
      1.5707963267948966
    ],
    [
      0.07959331060352857,
      0.0,
      0.0,
      1.5707963267948966
    ],
    [
      -0.08728114611198493,
      0.4062540619030571,
      0.0,
      -1.5707963267948966
    ],
    [
      0.0,
      0.0,
      0.0,
      1.5707963267948966
    ],
    [
      0.09127939832198295,
      0.11098745023241109,
      0.0,
      0.0
    ]
  ],
  "morphology_type": "link_scaling"
}