{
  "num_nodes": 8,
  "node_features": [
    [
      0.0,
      0.0,
      0.0,
      0.0,
      0
    ],
    [
      -3.059310281037641,
      2.991804585818033,
      2.175,
      0.0,
      1
    ],
    [
      -3.063298333739457,
      2.9897309388695716,
      2.175,
      0.0,
      1
    ],
    [
      -3.061176991063087,
      3.069644421568394,
      2.175,
      0.0,
      1
    ],
    [
      -2.984426852744936,
      3.0331084152880416,
      2.175,
      0.0,
      1
    ],
    [
      -3.0319925529408702,
      2.931692882839836,
      2.175,
      0.0,
      1
    ],
    [
      -2.9053498598518703,
      3.008658453718015,
      2.175,
      0.0,
      1
    ],
    [
      -3.0525486917422286,
      3.0510108595181147,
      2.175,
      0.0,
      2
    ]
  ],
  "adjacency_matrix": [
    [
      0,
      1,
      0,
      0,
      0,
      0,
      0,
      0
    ],
    [
      1,
      0,
      1,
      0,
      0,
      0,
      0,
      0
    ],
    [
      0,
      1,
      0,
      1,
      0,
      0,
      0,
      0
    ],
    [
      0,
      0,
      1,
      0,
      1,
      0,
      0,
      0
    ],
    [
      0,
      0,
      0,
      1,
      0,
      1,
      0,
      0
    ],
    [
      0,
      0,
      0,
      0,
      1,
      0,
      1,
      0
    ],
    [
      0,
      0,
      0,
      0,
      0,
      1,
      0,
      1
    ],
    [
      0,
      0,
      0,
      0,
      0,
      0,
      1,
      0
    ]
  ],
  "dh_parameters": [
    [
      0.0,
      0.3310888470266439,
      0.0,
      1.5707963267948966
    ],
    [
      0.0,
      0.0,
      0.0,
      -1.5707963267948966
    ],
    [
      0.0,
      0.3204052900841136,
      0.0,
      1.5707963267948966
    ],
    [
      0.07895348891616762,
      0.0,
      0.0,
      1.5707963267948966
    ],
    [
      -0.08862327507297431,
      0.41250106215784405,
      0.0,
      -1.5707963267948966
    ],
    [
      0.0,
      0.0,
      0.0,
      1.5707963267948966
    ],
    [
      0.08600408725180222,
      0.10457315154480498,
      0.0,
      0.0
    ]
  ],
  "morphology_type": "link_scaling"
}