{
  "num_nodes": 8,
  "node_features": [
    [
      0.0,
      0.0,
      0.0,
      0.0,
      0
    ],
    [
      -3.0507923658621663,
      2.9372813527803943,
      2.175,
      0.0,
      1
    ],
    [
      -2.9535853246139454,
      2.932779794512868,
      2.175,
      0.0,
      1
    ],
    [
      -2.915142975538715,
      2.9259775894830713,
      2.175,
      0.0,
      1
    ],
    [
      -2.9215337439763154,
      3.029605354426688,
      2.175,
      0.0,
      1
    ],
    [
      -2.9945885051908188,
      2.957707316630669,
      2.175,
      0.0,
      1
    ],
    [
      -2.9100762252991434,
      2.955092496119297,
      2.175,
      0.0,
      1
    ],
    [
      -2.9711340400990336,
      2.924731048491132,
      2.175,
      0.0,
      2
    ]
  ],
  "adjacency_matrix": [
    [
      0,
      1,
      0,
      0,
      0,
      0,
      0,
      0
    ],
    [
      1,
      0,
      1,
      0,
      0,
      0,
      0,
      0
    ],
    [
      0,
      1,
      0,
      1,
      0,
      0,
      0,
      0
    ],
    [
      0,
      0,
      1,
      0,
      1,
      0,
      0,
      0
    ],
    [
      0,
      0,
      0,
      1,
      0,
      1,
      0,
      0
    ],
    [
      0,
      0,
      0,
      0,
      1,
      0,
      1,
      0
    ],
    [
      0,
      0,
      0,
      0,
      0,
      1,
      0,
      1
    ],
    [
      0,
      0,
      0,
      0,
      0,
      0,
      1,
      0
    ]
  ],
  "dh_parameters": [
    [
      0.0,
      0.32132452624028823,
      0.0,
      1.5707963267948966
    ],
    [
      0.0,
      0.0,
      0.0,
      -1.5707963267948966
    ],
    [
      0.0,
      0.2999594737269332,
      0.0,
      1.5707963267948966
    ],
    [
      0.08514883408805976,
      0.0,
      0.0,
      1.5707963267948966
    ],
    [
      -0.07850081040333011,
      0.3653855902409547,
      0.0,
      -1.5707963267948966
    ],
    [
      0.0,
      0.0,
      0.0,
      1.5707963267948966
    ],
    [
      0.087453493007206,
      0.1063354971792164,
      0.0,
      0.0
    ]
  ],
  "morphology_type": "link_scaling"
}