{
  "num_nodes": 8,
  "node_features": [
    [
      0.0,
      0.0,
      0.0,
      0.0,
      0
    ],
    [
      -2.9546735834867808,
      3.0558966770746143,
      2.175,
      0.0,
      1
    ],
    [
      -3.010679919612098,
      2.958394416499905,
      2.175,
      0.0,
      1
    ],
    [
      -2.9431612772504803,
      2.9457626761554914,
      2.175,
      0.0,
      1
    ],
    [
      -3.0577318805625144,
      2.9042039066147525,
      2.175,
      0.0,
      1
    ],
    [
      -3.030410728924836,
      2.940182449935998,
      2.175,
      0.0,
      1
    ],
    [
      -2.991679472657716,
      3.062503881878757,
      2.175,
      0.0,
      1
    ],
    [
      -2.9506291773425746,
      3.045272570731913,
      2.175,
      0.0,
      2
    ]
  ],
  "adjacency_matrix": [
    [
      0,
      1,
      0,
      0,
      0,
      0,
      0,
      0
    ],
    [
      1,
      0,
      1,
      0,
      0,
      0,
      0,
      0
    ],
    [
      0,
      1,
      0,
      1,
      0,
      0,
      0,
      0
    ],
    [
      0,
      0,
      1,
      0,
      1,
      0,
      0,
      0
    ],
    [
      0,
      0,
      0,
      1,
      0,
      1,
      0,
      0
    ],
    [
      0,
      0,
      0,
      0,
      1,
      0,
      1,
      0
    ],
    [
      0,
      0,
      0,
      0,
      0,
      1,
      0,
      1
    ],
    [
      0,
      0,
      0,
      0,
      0,
      0,
      1,
      0
    ]
  ],
  "dh_parameters": [
    [
      0.0,
      0.3148107146323279,
      0.0,
      1.5707963267948966
    ],
    [
      0.0,
      0.0,
      0.0,
      -1.5707963267948966
    ],
    [
      0.0,
      0.310561947271064,
      0.0,
      1.5707963267948966
    ],
    [
      0.07531545067946276,
      0.0,
      0.0,
      1.5707963267948966
    ],
    [
      -0.08980043372430851,
      0.41798020060769053,
      0.0,
      -1.5707963267948966
    ],
    [
      0.0,
      0.0,
      0.0,
      1.5707963267948966
    ],
    [
      0.08201653453742914,
      0.09972464994891954,
      0.0,
      0.0
    ]
  ],
  "morphology_type": "link_scaling"
}