{
  "num_nodes": 8,
  "node_features": [
    [
      0.0,
      0.0,
      0.0,
      0.0,
      0
    ],
    [
      -3.0371727964911024,
      2.962472803250834,
      2.175,
      0.0,
      1
    ],
    [
      -2.986594973566808,
      3.0385950577229544,
      2.175,
      0.0,
      1
    ],
    [
      -2.9993566966200347,
      2.9317944668451115,
      2.175,
      0.0,
      1
    ],
    [
      -2.9319292949770417,
      2.9627706189384315,
      2.175,
      0.0,
      1
    ],
    [
      -2.97883848495186,
      3.0040147807208766,
      2.175,
      0.0,
      1
    ],
    [
      -3.0502489994197695,
      2.983600593842773,
      2.175,
      0.0,
      1
    ],
    [
      -2.9835774895559846,
      3.0599031270600032,
      2.175,
      0.0,
      2
    ]
  ],
  "adjacency_matrix": [
    [
      0,
      1,
      0,
      0,
      0,
      0,
      0,
      0
    ],
    [
      1,
      0,
      1,
      0,
      0,
      0,
      0,
      0
    ],
    [
      0,
      1,
      0,
      1,
      0,
      0,
      0,
      0
    ],
    [
      0,
      0,
      1,
      0,
      1,
      0,
      0,
      0
    ],
    [
      0,
      0,
      0,
      1,
      0,
      1,
      0,
      0
    ],
    [
      0,
      0,
      0,
      0,
      1,
      0,
      1,
      0
    ],
    [
      0,
      0,
      0,
      0,
      0,
      1,
      0,
      1
    ],
    [
      0,
      0,
      0,
      0,
      0,
      0,
      1,
      0
    ]
  ],
  "dh_parameters": [
    [
      0.0,
      0.33467971173977373,
      0.0,
      1.5707963267948966
    ],
    [
      0.0,
      0.0,
      0.0,
      -1.5707963267948966
    ],
    [
      0.0,
      0.32332549388706655,
      0.0,
      1.5707963267948966
    ],
    [
      0.08174622333888201,
      0.0,
      0.0,
      1.5707963267948966
    ],
    [
      -0.08913186189631173,
      0.4148683026446509,
      0.0,
      -1.5707963267948966
    ],
    [
      0.0,
      0.0,
      0.0,
      1.5707963267948966
    ],
    [
      0.08007264694231393,
      0.09736105935031354,
      0.0,
      0.0
    ]
  ],
  "morphology_type": "link_scaling"
}