{
  "num_nodes": 8,
  "node_features": [
    [
      0.0,
      0.0,
      0.0,
      0.0,
      0
    ],
    [
      -2.9470398857114426,
      3.031898809427978,
      2.175,
      0.0,
      1
    ],
    [
      -3.014695595546501,
      2.994534584858032,
      2.175,
      0.0,
      1
    ],
    [
      -3.0143369076504296,
      3.0165107810343135,
      2.175,
      0.0,
      1
    ],
    [
      -2.955486814413019,
      3.036196401366529,
      2.175,
      0.0,
      1
    ],
    [
      -3.056777511183626,
      2.9846343088384,
      2.175,
      0.0,
      1
    ],
    [
      -2.9921271839156813,
      3.0693093723783345,
      2.175,
      0.0,
      1
    ],
    [
      -2.9478379890762523,
      3.035008158129888,
      2.175,
      0.0,
      2
    ]
  ],
  "adjacency_matrix": [
    [
      0,
      1,
      0,
      0,
      0,
      0,
      0,
      0
    ],
    [
      1,
      0,
      1,
      0,
      0,
      0,
      0,
      0
    ],
    [
      0,
      1,
      0,
      1,
      0,
      0,
      0,
      0
    ],
    [
      0,
      0,
      1,
      0,
      1,
      0,
      0,
      0
    ],
    [
      0,
      0,
      0,
      1,
      0,
      1,
      0,
      0
    ],
    [
      0,
      0,
      0,
      0,
      1,
      0,
      1,
      0
    ],
    [
      0,
      0,
      0,
      0,
      0,
      1,
      0,
      1
    ],
    [
      0,
      0,
      0,
      0,
      0,
      0,
      1,
      0
    ]
  ],
  "dh_parameters": [
    [
      0.0,
      0.3625026733616166,
      0.0,
      1.5707963267948966
    ],
    [
      0.0,
      0.0,
      0.0,
      -1.5707963267948966
    ],
    [
      0.0,
      0.3360548583925579,
      0.0,
      1.5707963267948966
    ],
    [
      0.08741648207300631,
      0.0,
      0.0,
      1.5707963267948966
    ],
    [
      -0.0762644580710864,
      0.35497638665814757,
      0.0,
      -1.5707963267948966
    ],
    [
      0.0,
      0.0,
      0.0,
      1.5707963267948966
    ],
    [
      0.08665907778343009,
      0.10536956048667068,
      0.0,
      0.0
    ]
  ],
  "morphology_type": "link_scaling"
}