{
  "num_nodes": 8,
  "node_features": [
    [
      0.0,
      0.0,
      0.0,
      0.0,
      0
    ],
    [
      -2.9820175011158745,
      3.0111914160065814,
      2.175,
      0.0,
      1
    ],
    [
      -3.0228457334518386,
      2.9318407025283237,
      2.175,
      0.0,
      1
    ],
    [
      -2.9407259528962477,
      3.021788991404197,
      2.175,
      0.0,
      1
    ],
    [
      -2.925473607323502,
      2.9655331786613086,
      2.175,
      0.0,
      1
    ],
    [
      -2.9778258992153575,
      2.9473778472273255,
      2.175,
      0.0,
      1
    ],
    [
      -2.90584661962966,
      2.9137821090287956,
      2.175,
      0.0,
      1
    ],
    [
      -2.982653922113491,
      2.9798889432497377,
      2.175,
      0.0,
      2
    ]
  ],
  "adjacency_matrix": [
    [
      0,
      1,
      0,
      0,
      0,
      0,
      0,
      0
    ],
    [
      1,
      0,
      1,
      0,
      0,
      0,
      0,
      0
    ],
    [
      0,
      1,
      0,
      1,
      0,
      0,
      0,
      0
    ],
    [
      0,
      0,
      1,
      0,
      1,
      0,
      0,
      0
    ],
    [
      0,
      0,
      0,
      1,
      0,
      1,
      0,
      0
    ],
    [
      0,
      0,
      0,
      0,
      1,
      0,
      1,
      0
    ],
    [
      0,
      0,
      0,
      0,
      0,
      1,
      0,
      1
    ],
    [
      0,
      0,
      0,
      0,
      0,
      0,
      1,
      0
    ]
  ],
  "dh_parameters": [
    [
      0.0,
      0.31281365890825386,
      0.0,
      1.5707963267948966
    ],
    [
      0.0,
      0.0,
      0.0,
      -1.5707963267948966
    ],
    [
      0.0,
      0.3418267505385494,
      0.0,
      1.5707963267948966
    ],
    [
      0.08292696521325275,
      0.0,
      0.0,
      1.5707963267948966
    ],
    [
      -0.08356999820958617,
      0.38898035530280106,
      0.0,
      -1.5707963267948966
    ],
    [
      0.0,
      0.0,
      0.0,
      1.5707963267948966
    ],
    [
      0.08908421828016312,
      0.10831831086338017,
      0.0,
      0.0
    ]
  ],
  "morphology_type": "link_scaling"
}