{
  "num_nodes": 8,
  "node_features": [
    [
      0.0,
      0.0,
      0.0,
      0.0,
      0
    ],
    [
      -3.0081521723607314,
      2.9425011662455485,
      2.175,
      0.0,
      1
    ],
    [
      -2.90037727908659,
      2.9361435150313713,
      2.175,
      0.0,
      1
    ],
    [
      -2.904631335736808,
      2.982447330231277,
      2.175,
      0.0,
      1
    ],
    [
      -3.0052510486788813,
      3.0559648521706224,
      2.175,
      0.0,
      1
    ],
    [
      -3.057143714458051,
      3.061030216619302,
      2.175,
      0.0,
      1
    ],
    [
      -3.040819909619886,
      3.0162548122542225,
      2.175,
      0.0,
      1
    ],
    [
      -2.9640068610958688,
      2.9695176232716634,
      2.175,
      0.0,
      2
    ]
  ],
  "adjacency_matrix": [
    [
      0,
      1,
      0,
      0,
      0,
      0,
      0,
      0
    ],
    [
      1,
      0,
      1,
      0,
      0,
      0,
      0,
      0
    ],
    [
      0,
      1,
      0,
      1,
      0,
      0,
      0,
      0
    ],
    [
      0,
      0,
      1,
      0,
      1,
      0,
      0,
      0
    ],
    [
      0,
      0,
      0,
      1,
      0,
      1,
      0,
      0
    ],
    [
      0,
      0,
      0,
      0,
      1,
      0,
      1,
      0
    ],
    [
      0,
      0,
      0,
      0,
      0,
      1,
      0,
      1
    ],
    [
      0,
      0,
      0,
      0,
      0,
      0,
      1,
      0
    ]
  ],
  "dh_parameters": [
    [
      0.0,
      0.3295329062879808,
      0.0,
      1.5707963267948966
    ],
    [
      0.0,
      0.0,
      0.0,
      -1.5707963267948966
    ],
    [
      0.0,
      0.3100656326437343,
      0.0,
      1.5707963267948966
    ],
    [
      0.08030115449993437,
      0.0,
      0.0,
      1.5707963267948966
    ],
    [
      -0.08306052904464936,
      0.3866090079169134,
      0.0,
      -1.5707963267948966
    ],
    [
      0.0,
      0.0,
      0.0,
      1.5707963267948966
    ],
    [
      0.09476050857397614,
      0.11522016383426643,
      0.0,
      0.0
    ]
  ],
  "morphology_type": "link_scaling"
}