{
  "num_nodes": 8,
  "node_features": [
    [
      0.0,
      0.0,
      0.0,
      0.0,
      0
    ],
    [
      -2.903174810977145,
      3.0065407161375766,
      2.175,
      0.0,
      1
    ],
    [
      -2.9845580651983346,
      2.979766347784063,
      2.175,
      0.0,
      1
    ],
    [
      -2.9549407132159913,
      2.991669229883346,
      2.175,
      0.0,
      1
    ],
    [
      -3.0460714464079657,
      2.9650495125127776,
      2.175,
      0.0,
      1
    ],
    [
      -3.0079774636187078,
      3.0224024305185018,
      2.175,
      0.0,
      1
    ],
    [
      -2.925545526771755,
      3.0285071833705044,
      2.175,
      0.0,
      1
    ],
    [
      -3.0070352209489535,
      3.0406879890266367,
      2.175,
      0.0,
      2
    ]
  ],
  "adjacency_matrix": [
    [
      0,
      1,
      0,
      0,
      0,
      0,
      0,
      0
    ],
    [
      1,
      0,
      1,
      0,
      0,
      0,
      0,
      0
    ],
    [
      0,
      1,
      0,
      1,
      0,
      0,
      0,
      0
    ],
    [
      0,
      0,
      1,
      0,
      1,
      0,
      0,
      0
    ],
    [
      0,
      0,
      0,
      1,
      0,
      1,
      0,
      0
    ],
    [
      0,
      0,
      0,
      0,
      1,
      0,
      1,
      0
    ],
    [
      0,
      0,
      0,
      0,
      0,
      1,
      0,
      1
    ],
    [
      0,
      0,
      0,
      0,
      0,
      0,
      1,
      0
    ]
  ],
  "dh_parameters": [
    [
      0.0,
      0.32757997860363497,
      0.0,
      1.5707963267948966
    ],
    [
      0.0,
      0.0,
      0.0,
      -1.5707963267948966
    ],
    [
      0.0,
      0.32228674747361347,
      0.0,
      1.5707963267948966
    ],
    [
      0.08080101568691846,
      0.0,
      0.0,
      1.5707963267948966
    ],
    [
      -0.07600201725531312,
      0.3537548439520029,
      0.0,
      -1.5707963267948966
    ],
    [
      0.0,
      0.0,
      0.0,
      1.5707963267948966
    ],
    [
      0.08065993248441317,
      0.09807514517991148,
      0.0,
      0.0
    ]
  ],
  "morphology_type": "link_scaling"
}