{
  "num_nodes": 8,
  "node_features": [
    [
      0.0,
      0.0,
      0.0,
      0.0,
      0
    ],
    [
      -3.065923313208551,
      2.9851046959125105,
      2.175,
      0.0,
      1
    ],
    [
      -3.044316787006542,
      2.9560657075230123,
      2.175,
      0.0,
      1
    ],
    [
      -2.948824379164282,
      3.052331781804828,
      2.175,
      0.0,
      1
    ],
    [
      -2.936769506627627,
      3.034599630098195,
      2.175,
      0.0,
      1
    ],
    [
      -2.9960141500733157,
      2.9294236904113973,
      2.175,
      0.0,
      1
    ],
    [
      -2.9693558357097913,
      3.0330172650611447,
      2.175,
      0.0,
      1
    ],
    [
      -2.940665030999098,
      2.9504470485320087,
      2.175,
      0.0,
      2
    ]
  ],
  "adjacency_matrix": [
    [
      0,
      1,
      0,
      0,
      0,
      0,
      0,
      0
    ],
    [
      1,
      0,
      1,
      0,
      0,
      0,
      0,
      0
    ],
    [
      0,
      1,
      0,
      1,
      0,
      0,
      0,
      0
    ],
    [
      0,
      0,
      1,
      0,
      1,
      0,
      0,
      0
    ],
    [
      0,
      0,
      0,
      1,
      0,
      1,
      0,
      0
    ],
    [
      0,
      0,
      0,
      0,
      1,
      0,
      1,
      0
    ],
    [
      0,
      0,
      0,
      0,
      0,
      1,
      0,
      1
    ],
    [
      0,
      0,
      0,
      0,
      0,
      0,
      1,
      0
    ]
  ],
  "dh_parameters": [
    [
      0.0,
      0.3634871292148518,
      0.0,
      1.5707963267948966
    ],
    [
      0.0,
      0.0,
      0.0,
      -1.5707963267948966
    ],
    [
      0.0,
      0.34207546419705814,
      0.0,
      1.5707963267948966
    ],
    [
      0.08472566855872057,
      0.0,
      0.0,
      1.5707963267948966
    ],
    [
      -0.07663007576257873,
      0.3566781708221846,
      0.0,
      -1.5707963267948966
    ],
    [
      0.0,
      0.0,
      0.0,
      1.5707963267948966
    ],
    [
      0.08094522494734832,
      0.09842203487916217,
      0.0,
      0.0
    ]
  ],
  "morphology_type": "link_scaling"
}