{
  "num_nodes": 8,
  "node_features": [
    [
      0.0,
      0.0,
      0.0,
      0.0,
      0
    ],
    [
      -3.029326781522652,
      2.924168988531162,
      2.175,
      0.0,
      1
    ],
    [
      -2.9712603731035743,
      3.019485902694648,
      2.175,
      0.0,
      1
    ],
    [
      -2.928193465908413,
      3.036285048387788,
      2.175,
      0.0,
      1
    ],
    [
      -2.969534381876218,
      2.946321674872257,
      2.175,
      0.0,
      1
    ],
    [
      -2.906221270454433,
      3.0077348093718093,
      2.175,
      0.0,
      1
    ],
    [
      -3.0447470515088684,
      2.945975435496768,
      2.175,
      0.0,
      1
    ],
    [
      -3.0189613605194654,
      2.934911794243784,
      2.175,
      0.0,
      2
    ]
  ],
  "adjacency_matrix": [
    [
      0,
      1,
      0,
      0,
      0,
      0,
      0,
      0
    ],
    [
      1,
      0,
      1,
      0,
      0,
      0,
      0,
      0
    ],
    [
      0,
      1,
      0,
      1,
      0,
      0,
      0,
      0
    ],
    [
      0,
      0,
      1,
      0,
      1,
      0,
      0,
      0
    ],
    [
      0,
      0,
      0,
      1,
      0,
      1,
      0,
      0
    ],
    [
      0,
      0,
      0,
      0,
      1,
      0,
      1,
      0
    ],
    [
      0,
      0,
      0,
      0,
      0,
      1,
      0,
      1
    ],
    [
      0,
      0,
      0,
      0,
      0,
      0,
      1,
      0
    ]
  ],
  "dh_parameters": [
    [
      0.0,
      0.33741356114547133,
      0.0,
      1.5707963267948966
    ],
    [
      0.0,
      0.0,
      0.0,
      -1.5707963267948966
    ],
    [
      0.0,
      0.3283748197266132,
      0.0,
      1.5707963267948966
    ],
    [
      0.09019579246928307,
      0.0,
      0.0,
      1.5707963267948966
    ],
    [
      -0.08538476335009827,
      0.3974272621386392,
      0.0,
      -1.5707963267948966
    ],
    [
      0.0,
      0.0,
      0.0,
      1.5707963267948966
    ],
    [
      0.08669396261301653,
      0.10541197726809964,
      0.0,
      0.0
    ]
  ],
  "morphology_type": "link_scaling"
}