{
  "num_nodes": 8,
  "node_features": [
    [
      0.0,
      0.0,
      0.0,
      0.0,
      0
    ],
    [
      -3.0259454339833263,
      3.052982391271305,
      2.175,
      0.0,
      1
    ],
    [
      -2.9081946119411652,
      3.0225861332309627,
      2.175,
      0.0,
      1
    ],
    [
      -2.988763868554972,
      3.009548286233006,
      2.175,
      0.0,
      1
    ],
    [
      -2.981124677042527,
      3.0659666136382877,
      2.175,
      0.0,
      1
    ],
    [
      -3.0310029863431347,
      3.020046460376806,
      2.175,
      0.0,
      1
    ],
    [
      -2.985474019843633,
      2.9619943747024498,
      2.175,
      0.0,
      1
    ],
    [
      -2.9161132250737243,
      3.0239583590978882,
      2.175,
      0.0,
      2
    ]
  ],
  "adjacency_matrix": [
    [
      0,
      1,
      0,
      0,
      0,
      0,
      0,
      0
    ],
    [
      1,
      0,
      1,
      0,
      0,
      0,
      0,
      0
    ],
    [
      0,
      1,
      0,
      1,
      0,
      0,
      0,
      0
    ],
    [
      0,
      0,
      1,
      0,
      1,
      0,
      0,
      0
    ],
    [
      0,
      0,
      0,
      1,
      0,
      1,
      0,
      0
    ],
    [
      0,
      0,
      0,
      0,
      1,
      0,
      1,
      0
    ],
    [
      0,
      0,
      0,
      0,
      0,
      1,
      0,
      1
    ],
    [
      0,
      0,
      0,
      0,
      0,
      0,
      1,
      0
    ]
  ],
  "dh_parameters": [
    [
      0.0,
      0.33581451060400846,
      0.0,
      1.5707963267948966
    ],
    [
      0.0,
      0.0,
      0.0,
      -1.5707963267948966
    ],
    [
      0.0,
      0.29722797125901823,
      0.0,
      1.5707963267948966
    ],
    [
      0.07730352366351224,
      0.0,
      0.0,
      1.5707963267948966
    ],
    [
      -0.0840433846211392,
      0.3911837538729388,
      0.0,
      -1.5707963267948966
    ],
    [
      0.0,
      0.0,
      0.0,
      1.5707963267948966
    ],
    [
      0.09600239371621899,
      0.11673018326858446,
      0.0,
      0.0
    ]
  ],
  "morphology_type": "link_scaling"
}