{
  "num_nodes": 8,
  "node_features": [
    [
      0.0,
      0.0,
      0.0,
      0.0,
      0
    ],
    [
      -2.9574571582679354,
      3.0419617054289656,
      2.175,
      0.0,
      1
    ],
    [
      -2.9528192682162753,
      3.051109279029674,
      2.175,
      0.0,
      1
    ],
    [
      -3.006230622897025,
      2.958264897589521,
      2.175,
      0.0,
      1
    ],
    [
      -3.019421892184803,
      2.970080484529369,
      2.175,
      0.0,
      1
    ],
    [
      -3.0016286491539392,
      2.9858522707038198,
      2.175,
      0.0,
      1
    ],
    [
      -2.9700754572316894,
      3.0308772310907655,
      2.175,
      0.0,
      1
    ],
    [
      -2.957806691229825,
      2.939692367823611,
      2.175,
      0.0,
      2
    ]
  ],
  "adjacency_matrix": [
    [
      0,
      1,
      0,
      0,
      0,
      0,
      0,
      0
    ],
    [
      1,
      0,
      1,
      0,
      0,
      0,
      0,
      0
    ],
    [
      0,
      1,
      0,
      1,
      0,
      0,
      0,
      0
    ],
    [
      0,
      0,
      1,
      0,
      1,
      0,
      0,
      0
    ],
    [
      0,
      0,
      0,
      1,
      0,
      1,
      0,
      0
    ],
    [
      0,
      0,
      0,
      0,
      1,
      0,
      1,
      0
    ],
    [
      0,
      0,
      0,
      0,
      0,
      1,
      0,
      1
    ],
    [
      0,
      0,
      0,
      0,
      0,
      0,
      1,
      0
    ]
  ],
  "dh_parameters": [
    [
      0.0,
      0.3107176614126411,
      0.0,
      1.5707963267948966
    ],
    [
      0.0,
      0.0,
      0.0,
      -1.5707963267948966
    ],
    [
      0.0,
      0.28659505462086227,
      0.0,
      1.5707963267948966
    ],
    [
      0.08944884628756479,
      0.0,
      0.0,
      1.5707963267948966
    ],
    [
      -0.0893039543805408,
      0.41566931493488074,
      0.0,
      -1.5707963267948966
    ],
    [
      0.0,
      0.0,
      0.0,
      1.5707963267948966
    ],
    [
      0.08799395753384709,
      0.10699265291047318,
      0.0,
      0.0
    ]
  ],
  "morphology_type": "link_scaling"
}