{
  "num_nodes": 8,
  "node_features": [
    [
      0.0,
      0.0,
      0.0,
      0.0,
      0
    ],
    [
      -3.0266653180067653,
      3.035640338580911,
      2.175,
      0.0,
      1
    ],
    [
      -2.9763137146720218,
      3.0280957013564813,
      2.175,
      0.0,
      1
    ],
    [
      -2.9390928506124725,
      3.0246795248222265,
      2.175,
      0.0,
      1
    ],
    [
      -2.900647108222162,
      2.9264994532935735,
      2.175,
      0.0,
      1
    ],
    [
      -3.0269933499474337,
      2.929444971808024,
      2.175,
      0.0,
      1
    ],
    [
      -2.9434936618069174,
      3.0552462727713374,
      2.175,
      0.0,
      1
    ],
    [
      -2.9333082473136063,
      3.066161097986577,
      2.175,
      0.0,
      2
    ]
  ],
  "adjacency_matrix": [
    [
      0,
      1,
      0,
      0,
      0,
      0,
      0,
      0
    ],
    [
      1,
      0,
      1,
      0,
      0,
      0,
      0,
      0
    ],
    [
      0,
      1,
      0,
      1,
      0,
      0,
      0,
      0
    ],
    [
      0,
      0,
      1,
      0,
      1,
      0,
      0,
      0
    ],
    [
      0,
      0,
      0,
      1,
      0,
      1,
      0,
      0
    ],
    [
      0,
      0,
      0,
      0,
      1,
      0,
      1,
      0
    ],
    [
      0,
      0,
      0,
      0,
      0,
      1,
      0,
      1
    ],
    [
      0,
      0,
      0,
      0,
      0,
      0,
      1,
      0
    ]
  ],
  "dh_parameters": [
    [
      0.0,
      0.33299771285437074,
      0.0,
      1.5707963267948966
    ],
    [
      0.0,
      0.0,
      0.0,
      -1.5707963267948966
    ],
    [
      0.0,
      0.3034690139265364,
      0.0,
      1.5707963267948966
    ],
    [
      0.08317202813059167,
      0.0,
      0.0,
      1.5707963267948966
    ],
    [
      -0.08479002283977352,
      0.3946590153996731,
      0.0,
      -1.5707963267948966
    ],
    [
      0.0,
      0.0,
      0.0,
      1.5707963267948966
    ],
    [
      0.09364638161334099,
      0.11386548673440325,
      0.0,
      0.0
    ]
  ],
  "morphology_type": "link_scaling"
}