{
  "num_nodes": 8,
  "node_features": [
    [
      0.0,
      0.0,
      0.0,
      0.0,
      0
    ],
    [
      -2.9532074993921222,
      3.005606026219174,
      2.175,
      0.0,
      1
    ],
    [
      -2.909052388944223,
      2.973507915108051,
      2.175,
      0.0,
      1
    ],
    [
      -3.0697552087933238,
      2.970364383481779,
      2.175,
      0.0,
      1
    ],
    [
      -2.9309525034558317,
      2.9396223970241424,
      2.175,
      0.0,
      1
    ],
    [
      -3.0408251830810755,
      2.9190963792670277,
      2.175,
      0.0,
      1
    ],
    [
      -3.05285372231868,
      3.0629715653511753,
      2.175,
      0.0,
      1
    ],
    [
      -3.0615190373114802,
      3.0581958455068037,
      2.175,
      0.0,
      2
    ]
  ],
  "adjacency_matrix": [
    [
      0,
      1,
      0,
      0,
      0,
      0,
      0,
      0
    ],
    [
      1,
      0,
      1,
      0,
      0,
      0,
      0,
      0
    ],
    [
      0,
      1,
      0,
      1,
      0,
      0,
      0,
      0
    ],
    [
      0,
      0,
      1,
      0,
      1,
      0,
      0,
      0
    ],
    [
      0,
      0,
      0,
      1,
      0,
      1,
      0,
      0
    ],
    [
      0,
      0,
      0,
      0,
      1,
      0,
      1,
      0
    ],
    [
      0,
      0,
      0,
      0,
      0,
      1,
      0,
      1
    ],
    [
      0,
      0,
      0,
      0,
      0,
      0,
      1,
      0
    ]
  ],
  "dh_parameters": [
    [
      0.0,
      0.32117888051747695,
      0.0,
      1.5707963267948966
    ],
    [
      0.0,
      0.0,
      0.0,
      -1.5707963267948966
    ],
    [
      0.0,
      0.3419342839465794,
      0.0,
      1.5707963267948966
    ],
    [
      0.08222698964474107,
      0.0,
      0.0,
      1.5707963267948966
    ],
    [
      -0.07914304804970225,
      0.36837491455861415,
      0.0,
      -1.5707963267948966
    ],
    [
      0.0,
      0.0,
      0.0,
      1.5707963267948966
    ],
    [
      0.09162822080498682,
      0.11141158666060899,
      0.0,
      0.0
    ]
  ],
  "morphology_type": "link_scaling"
}