{
  "num_nodes": 8,
  "node_features": [
    [
      0.0,
      0.0,
      0.0,
      0.0,
      0
    ],
    [
      -2.9034295242052925,
      2.9771106453054945,
      2.175,
      0.0,
      1
    ],
    [
      -2.992527938485484,
      2.901073758361187,
      2.175,
      0.0,
      1
    ],
    [
      -3.017161603749639,
      2.970524171047077,
      2.175,
      0.0,
      1
    ],
    [
      -2.9495703540454525,
      2.9400742761481182,
      2.175,
      0.0,
      1
    ],
    [
      -2.9878083356027356,
      3.021244654505469,
      2.175,
      0.0,
      1
    ],
    [
      -2.991842328723471,
      2.953634194888515,
      2.175,
      0.0,
      1
    ],
    [
      -3.06217254685751,
      3.0183456500358488,
      2.175,
      0.0,
      2
    ]
  ],
  "adjacency_matrix": [
    [
      0,
      1,
      0,
      0,
      0,
      0,
      0,
      0
    ],
    [
      1,
      0,
      1,
      0,
      0,
      0,
      0,
      0
    ],
    [
      0,
      1,
      0,
      1,
      0,
      0,
      0,
      0
    ],
    [
      0,
      0,
      1,
      0,
      1,
      0,
      0,
      0
    ],
    [
      0,
      0,
      0,
      1,
      0,
      1,
      0,
      0
    ],
    [
      0,
      0,
      0,
      0,
      1,
      0,
      1,
      0
    ],
    [
      0,
      0,
      0,
      0,
      0,
      1,
      0,
      1
    ],
    [
      0,
      0,
      0,
      0,
      0,
      0,
      1,
      0
    ]
  ],
  "dh_parameters": [
    [
      0.0,
      0.344702585201413,
      0.0,
      1.5707963267948966
    ],
    [
      0.0,
      0.0,
      0.0,
      -1.5707963267948966
    ],
    [
      0.0,
      0.3434813775405541,
      0.0,
      1.5707963267948966
    ],
    [
      0.08734694060565923,
      0.0,
      0.0,
      1.5707963267948966
    ],
    [
      -0.07576809097821574,
      0.3526660234622406,
      0.0,
      -1.5707963267948966
    ],
    [
      0.0,
      0.0,
      0.0,
      1.5707963267948966
    ],
    [
      0.09204093993499468,
      0.11191341560277764,
      0.0,
      0.0
    ]
  ],
  "morphology_type": "link_scaling"
}