{
  "num_nodes": 8,
  "node_features": [
    [
      0.0,
      0.0,
      0.0,
      0.0,
      0
    ],
    [
      -2.9582370472384993,
      3.019147072857163,
      2.175,
      0.0,
      1
    ],
    [
      -3.0368349328908053,
      2.9640141414090766,
      2.175,
      0.0,
      1
    ],
    [
      -2.9586125054249637,
      2.9302778247344676,
      2.175,
      0.0,
      1
    ],
    [
      -3.0655937858395377,
      2.906152428176535,
      2.175,
      0.0,
      1
    ],
    [
      -2.9774382128329275,
      2.9192522325365604,
      2.175,
      0.0,
      1
    ],
    [
      -2.9623541446342507,
      3.029520406255442,
      2.175,
      0.0,
      1
    ],
    [
      -3.057030949907752,
      3.05908335325072,
      2.175,
      0.0,
      2
    ]
  ],
  "adjacency_matrix": [
    [
      0,
      1,
      0,
      0,
      0,
      0,
      0,
      0
    ],
    [
      1,
      0,
      1,
      0,
      0,
      0,
      0,
      0
    ],
    [
      0,
      1,
      0,
      1,
      0,
      0,
      0,
      0
    ],
    [
      0,
      0,
      1,
      0,
      1,
      0,
      0,
      0
    ],
    [
      0,
      0,
      0,
      1,
      0,
      1,
      0,
      0
    ],
    [
      0,
      0,
      0,
      0,
      1,
      0,
      1,
      0
    ],
    [
      0,
      0,
      0,
      0,
      0,
      1,
      0,
      1
    ],
    [
      0,
      0,
      0,
      0,
      0,
      0,
      1,
      0
    ]
  ],
  "dh_parameters": [
    [
      0.0,
      0.3208582970299682,
      0.0,
      1.5707963267948966
    ],
    [
      0.0,
      0.0,
      0.0,
      -1.5707963267948966
    ],
    [
      0.0,
      0.29863543130463016,
      0.0,
      1.5707963267948966
    ],
    [
      0.08868875209520356,
      0.0,
      0.0,
      1.5707963267948966
    ],
    [
      -0.08017824302445725,
      0.3731932766229283,
      0.0,
      -1.5707963267948966
    ],
    [
      0.0,
      0.0,
      0.0,
      1.5707963267948966
    ],
    [
      0.09516864650052091,
      0.11571642244949702,
      0.0,
      0.0
    ]
  ],
  "morphology_type": "link_scaling"
}