{
  "num_nodes": 8,
  "node_features": [
    [
      0.0,
      0.0,
      0.0,
      0.0,
      0
    ],
    [
      -2.955002741183033,
      3.0517473021079997,
      2.175,
      0.0,
      1
    ],
    [
      -3.0538738958118326,
      2.930917839646112,
      2.175,
      0.0,
      1
    ],
    [
      -2.918854140147724,
      2.94230441230565,
      2.175,
      0.0,
      1
    ],
    [
      -3.005666566167104,
      3.037791883759835,
      2.175,
      0.0,
      1
    ],
    [
      -3.0312596228942894,
      3.039883164057836,
      2.175,
      0.0,
      1
    ],
    [
      -2.9676053111738394,
      2.9640804866934443,
      2.175,
      0.0,
      1
    ],
    [
      -2.9377639123764956,
      2.938963114780082,
      2.175,
      0.0,
      2
    ]
  ],
  "adjacency_matrix": [
    [
      0,
      1,
      0,
      0,
      0,
      0,
      0,
      0
    ],
    [
      1,
      0,
      1,
      0,
      0,
      0,
      0,
      0
    ],
    [
      0,
      1,
      0,
      1,
      0,
      0,
      0,
      0
    ],
    [
      0,
      0,
      1,
      0,
      1,
      0,
      0,
      0
    ],
    [
      0,
      0,
      0,
      1,
      0,
      1,
      0,
      0
    ],
    [
      0,
      0,
      0,
      0,
      1,
      0,
      1,
      0
    ],
    [
      0,
      0,
      0,
      0,
      0,
      1,
      0,
      1
    ],
    [
      0,
      0,
      0,
      0,
      0,
      0,
      1,
      0
    ]
  ],
  "dh_parameters": [
    [
      0.0,
      0.35041402474515104,
      0.0,
      1.5707963267948966
    ],
    [
      0.0,
      0.0,
      0.0,
      -1.5707963267948966
    ],
    [
      0.0,
      0.3332323843076634,
      0.0,
      1.5707963267948966
    ],
    [
      0.07432516538954752,
      0.0,
      0.0,
      1.5707963267948966
    ],
    [
      -0.08414545696656339,
      0.39165885424436775,
      0.0,
      -1.5707963267948966
    ],
    [
      0.0,
      0.0,
      0.0,
      1.5707963267948966
    ],
    [
      0.09082452916046567,
      0.11043437068374803,
      0.0,
      0.0
    ]
  ],
  "morphology_type": "link_scaling"
}