{
  "num_nodes": 8,
  "node_features": [
    [
      0.0,
      0.0,
      0.0,
      0.0,
      0
    ],
    [
      -2.9891081051479302,
      3.00415961379065,
      2.175,
      0.0,
      1
    ],
    [
      -2.906017338254922,
      3.046468524006109,
      2.175,
      0.0,
      1
    ],
    [
      -2.9452811820860605,
      2.966096042466582,
      2.175,
      0.0,
      1
    ],
    [
      -2.9466621636743833,
      3.0321013360654883,
      2.175,
      0.0,
      1
    ],
    [
      -3.0328443704107086,
      3.034633112105568,
      2.175,
      0.0,
      1
    ],
    [
      -2.939794927116418,
      2.940411837666654,
      2.175,
      0.0,
      1
    ],
    [
      -3.0583348462677535,
      3.035109246917909,
      2.175,
      0.0,
      2
    ]
  ],
  "adjacency_matrix": [
    [
      0,
      1,
      0,
      0,
      0,
      0,
      0,
      0
    ],
    [
      1,
      0,
      1,
      0,
      0,
      0,
      0,
      0
    ],
    [
      0,
      1,
      0,
      1,
      0,
      0,
      0,
      0
    ],
    [
      0,
      0,
      1,
      0,
      1,
      0,
      0,
      0
    ],
    [
      0,
      0,
      0,
      1,
      0,
      1,
      0,
      0
    ],
    [
      0,
      0,
      0,
      0,
      1,
      0,
      1,
      0
    ],
    [
      0,
      0,
      0,
      0,
      0,
      1,
      0,
      1
    ],
    [
      0,
      0,
      0,
      0,
      0,
      0,
      1,
      0
    ]
  ],
  "dh_parameters": [
    [
      0.0,
      0.3535807308676303,
      0.0,
      1.5707963267948966
    ],
    [
      0.0,
      0.0,
      0.0,
      -1.5707963267948966
    ],
    [
      0.0,
      0.2857662753593497,
      0.0,
      1.5707963267948966
    ],
    [
      0.08633774864493289,
      0.0,
      0.0,
      1.5707963267948966
    ],
    [
      -0.07752369173270854,
      0.36083754697406156,
      0.0,
      -1.5707963267948966
    ],
    [
      0.0,
      0.0,
      0.0,
      1.5707963267948966
    ],
    [
      0.09399779418975285,
      0.11429277248072223,
      0.0,
      0.0
    ]
  ],
  "morphology_type": "link_scaling"
}