{
  "num_nodes": 8,
  "node_features": [
    [
      0.0,
      0.0,
      0.0,
      0.0,
      0
    ],
    [
      -3.015389107438589,
      3.0387995843282205,
      2.175,
      0.0,
      1
    ],
    [
      -2.9804515928279494,
      2.9234189970117717,
      2.175,
      0.0,
      1
    ],
    [
      -2.9673778833940956,
      2.951268948287485,
      2.175,
      0.0,
      1
    ],
    [
      -2.943902421895851,
      2.939897933833469,
      2.175,
      0.0,
      1
    ],
    [
      -2.9889609658231233,
      2.993240398455867,
      2.175,
      0.0,
      1
    ],
    [
      -2.9175396462828123,
      2.952304617063239,
      2.175,
      0.0,
      1
    ],
    [
      -2.975688194455003,
      3.013209112918107,
      2.175,
      0.0,
      2
    ]
  ],
  "adjacency_matrix": [
    [
      0,
      1,
      0,
      0,
      0,
      0,
      0,
      0
    ],
    [
      1,
      0,
      1,
      0,
      0,
      0,
      0,
      0
    ],
    [
      0,
      1,
      0,
      1,
      0,
      0,
      0,
      0
    ],
    [
      0,
      0,
      1,
      0,
      1,
      0,
      0,
      0
    ],
    [
      0,
      0,
      0,
      1,
      0,
      1,
      0,
      0
    ],
    [
      0,
      0,
      0,
      0,
      1,
      0,
      1,
      0
    ],
    [
      0,
      0,
      0,
      0,
      0,
      1,
      0,
      1
    ],
    [
      0,
      0,
      0,
      0,
      0,
      0,
      1,
      0
    ]
  ],
  "dh_parameters": [
    [
      0.0,
      0.3549211522104896,
      0.0,
      1.5707963267948966
    ],
    [
      0.0,
      0.0,
      0.0,
      -1.5707963267948966
    ],
    [
      0.0,
      0.30843233406141235,
      0.0,
      1.5707963267948966
    ],
    [
      0.0785934751852478,
      0.0,
      0.0,
      1.5707963267948966
    ],
    [
      -0.08316032385937815,
      0.3870735074181964,
      0.0,
      -1.5707963267948966
    ],
    [
      0.0,
      0.0,
      0.0,
      1.5707963267948966
    ],
    [
      0.08617151457798716,
      0.10477672795277986,
      0.0,
      0.0
    ]
  ],
  "morphology_type": "link_scaling"
}