{
  "num_nodes": 8,
  "node_features": [
    [
      0.0,
      0.0,
      0.0,
      0.0,
      0
    ],
    [
      -2.9934023368964224,
      2.9352344387477407,
      2.175,
      0.0,
      1
    ],
    [
      -2.951624649332271,
      2.9369598253283105,
      2.175,
      0.0,
      1
    ],
    [
      -2.9003902292387598,
      3.0367958156608283,
      2.175,
      0.0,
      1
    ],
    [
      -2.905375026318373,
      2.9946050103701936,
      2.175,
      0.0,
      1
    ],
    [
      -2.9569631421499074,
      2.9164285651296393,
      2.175,
      0.0,
      1
    ],
    [
      -3.019320675428263,
      2.9203453962344206,
      2.175,
      0.0,
      1
    ],
    [
      -3.0622752499825223,
      3.0353871189922867,
      2.175,
      0.0,
      2
    ]
  ],
  "adjacency_matrix": [
    [
      0,
      1,
      0,
      0,
      0,
      0,
      0,
      0
    ],
    [
      1,
      0,
      1,
      0,
      0,
      0,
      0,
      0
    ],
    [
      0,
      1,
      0,
      1,
      0,
      0,
      0,
      0
    ],
    [
      0,
      0,
      1,
      0,
      1,
      0,
      0,
      0
    ],
    [
      0,
      0,
      0,
      1,
      0,
      1,
      0,
      0
    ],
    [
      0,
      0,
      0,
      0,
      1,
      0,
      1,
      0
    ],
    [
      0,
      0,
      0,
      0,
      0,
      1,
      0,
      1
    ],
    [
      0,
      0,
      0,
      0,
      0,
      0,
      1,
      0
    ]
  ],
  "dh_parameters": [
    [
      0.0,
      0.33493310216147987,
      0.0,
      1.5707963267948966
    ],
    [
      0.0,
      0.0,
      0.0,
      -1.5707963267948966
    ],
    [
      0.0,
      0.30708434488858605,
      0.0,
      1.5707963267948966
    ],
    [
      0.07688919198125484,
      0.0,
      0.0,
      1.5707963267948966
    ],
    [
      -0.0834744556321775,
      0.38853564803340795,
      0.0,
      -1.5707963267948966
    ],
    [
      0.0,
      0.0,
      0.0,
      1.5707963267948966
    ],
    [
      0.08827176852850413,
      0.10733044582443116,
      0.0,
      0.0
    ]
  ],
  "morphology_type": "link_scaling"
}