{
  "num_nodes": 8,
  "node_features": [
    [
      0.0,
      0.0,
      0.0,
      0.0,
      0
    ],
    [
      -3.068844070492472,
      2.921097649285628,
      2.175,
      0.0,
      1
    ],
    [
      -3.0355445888932717,
      2.9132435109340027,
      2.175,
      0.0,
      1
    ],
    [
      -3.0030880189886666,
      3.028949031991501,
      2.175,
      0.0,
      1
    ],
    [
      -2.9258793976959643,
      3.0662374524290192,
      2.175,
      0.0,
      1
    ],
    [
      -3.0245365807282942,
      2.957344926214526,
      2.175,
      0.0,
      1
    ],
    [
      -2.932152751540624,
      2.9443226611398594,
      2.175,
      0.0,
      1
    ],
    [
      -2.9860616924035592,
      3.0389650505507477,
      2.175,
      0.0,
      2
    ]
  ],
  "adjacency_matrix": [
    [
      0,
      1,
      0,
      0,
      0,
      0,
      0,
      0
    ],
    [
      1,
      0,
      1,
      0,
      0,
      0,
      0,
      0
    ],
    [
      0,
      1,
      0,
      1,
      0,
      0,
      0,
      0
    ],
    [
      0,
      0,
      1,
      0,
      1,
      0,
      0,
      0
    ],
    [
      0,
      0,
      0,
      1,
      0,
      1,
      0,
      0
    ],
    [
      0,
      0,
      0,
      0,
      1,
      0,
      1,
      0
    ],
    [
      0,
      0,
      0,
      0,
      0,
      1,
      0,
      1
    ],
    [
      0,
      0,
      0,
      0,
      0,
      0,
      1,
      0
    ]
  ],
  "dh_parameters": [
    [
      0.0,
      0.31681613967789307,
      0.0,
      1.5707963267948966
    ],
    [
      0.0,
      0.0,
      0.0,
      -1.5707963267948966
    ],
    [
      0.0,
      0.3387325872719153,
      0.0,
      1.5707963267948966
    ],
    [
      0.07444656759100891,
      0.0,
      0.0,
      1.5707963267948966
    ],
    [
      -0.08434001400423773,
      0.3925644288197247,
      0.0,
      -1.5707963267948966
    ],
    [
      0.0,
      0.0,
      0.0,
      1.5707963267948966
    ],
    [
      0.09126507646426132,
      0.11097003615540865,
      0.0,
      0.0
    ]
  ],
  "morphology_type": "link_scaling"
}