{
  "num_nodes": 8,
  "node_features": [
    [
      0.0,
      0.0,
      0.0,
      0.0,
      0
    ],
    [
      -3.061518297542285,
      2.9207178456909295,
      2.175,
      0.0,
      1
    ],
    [
      -3.061025591037276,
      2.978896175248091,
      2.175,
      0.0,
      1
    ],
    [
      -2.96535428040051,
      2.920568236915417,
      2.175,
      0.0,
      1
    ],
    [
      -3.0004000231491217,
      2.9075978319965423,
      2.175,
      0.0,
      1
    ],
    [
      -3.0413647709314917,
      3.062762951997387,
      2.175,
      0.0,
      1
    ],
    [
      -2.993368717825532,
      2.903651355348915,
      2.175,
      0.0,
      1
    ],
    [
      -2.9437301820701434,
      2.912535729599552,
      2.175,
      0.0,
      2
    ]
  ],
  "adjacency_matrix": [
    [
      0,
      1,
      0,
      0,
      0,
      0,
      0,
      0
    ],
    [
      1,
      0,
      1,
      0,
      0,
      0,
      0,
      0
    ],
    [
      0,
      1,
      0,
      1,
      0,
      0,
      0,
      0
    ],
    [
      0,
      0,
      1,
      0,
      1,
      0,
      0,
      0
    ],
    [
      0,
      0,
      0,
      1,
      0,
      1,
      0,
      0
    ],
    [
      0,
      0,
      0,
      0,
      1,
      0,
      1,
      0
    ],
    [
      0,
      0,
      0,
      0,
      0,
      1,
      0,
      1
    ],
    [
      0,
      0,
      0,
      0,
      0,
      0,
      1,
      0
    ]
  ],
  "dh_parameters": [
    [
      0.0,
      0.3452455537491471,
      0.0,
      1.5707963267948966
    ],
    [
      0.0,
      0.0,
      0.0,
      -1.5707963267948966
    ],
    [
      0.0,
      0.32763434263155444,
      0.0,
      1.5707963267948966
    ],
    [
      0.09014655186703938,
      0.0,
      0.0,
      1.5707963267948966
    ],
    [
      -0.08813445552737888,
      0.41022582936379987,
      0.0,
      -1.5707963267948966
    ],
    [
      0.0,
      0.0,
      0.0,
      1.5707963267948966
    ],
    [
      0.08325804235488624,
      0.10123421059060031,
      0.0,
      0.0
    ]
  ],
  "morphology_type": "link_scaling"
}