{
  "num_nodes": 8,
  "node_features": [
    [
      0.0,
      0.0,
      0.0,
      0.0,
      0
    ],
    [
      -2.926471476405544,
      2.9261563443728233,
      2.175,
      0.0,
      1
    ],
    [
      -2.9680259268502427,
      2.9566506513551825,
      2.175,
      0.0,
      1
    ],
    [
      -3.0518759747054025,
      2.9523478063441813,
      2.175,
      0.0,
      1
    ],
    [
      -3.0471374045314197,
      3.048005899724722,
      2.175,
      0.0,
      1
    ],
    [
      -3.043002808354933,
      2.933840830498346,
      2.175,
      0.0,
      1
    ],
    [
      -3.0177856951501254,
      3.042132299062535,
      2.175,
      0.0,
      1
    ],
    [
      -3.038878541440432,
      3.0686173063811313,
      2.175,
      0.0,
      2
    ]
  ],
  "adjacency_matrix": [
    [
      0,
      1,
      0,
      0,
      0,
      0,
      0,
      0
    ],
    [
      1,
      0,
      1,
      0,
      0,
      0,
      0,
      0
    ],
    [
      0,
      1,
      0,
      1,
      0,
      0,
      0,
      0
    ],
    [
      0,
      0,
      1,
      0,
      1,
      0,
      0,
      0
    ],
    [
      0,
      0,
      0,
      1,
      0,
      1,
      0,
      0
    ],
    [
      0,
      0,
      0,
      0,
      1,
      0,
      1,
      0
    ],
    [
      0,
      0,
      0,
      0,
      0,
      1,
      0,
      1
    ],
    [
      0,
      0,
      0,
      0,
      0,
      0,
      1,
      0
    ]
  ],
  "dh_parameters": [
    [
      0.0,
      0.3589470674387618,
      0.0,
      1.5707963267948966
    ],
    [
      0.0,
      0.0,
      0.0,
      -1.5707963267948966
    ],
    [
      0.0,
      0.34350074992983315,
      0.0,
      1.5707963267948966
    ],
    [
      0.08914123458270716,
      0.0,
      0.0,
      1.5707963267948966
    ],
    [
      -0.08474411922820542,
      0.39444535495310157,
      0.0,
      -1.5707963267948966
    ],
    [
      0.0,
      0.0,
      0.0,
      1.5707963267948966
    ],
    [
      0.08787724743691014,
      0.10685074404260665,
      0.0,
      0.0
    ]
  ],
  "morphology_type": "link_scaling"
}