{
  "num_nodes": 8,
  "node_features": [
    [
      0.0,
      0.0,
      0.0,
      0.0,
      0
    ],
    [
      -2.9064430858633346,
      2.9513281307429793,
      2.175,
      0.0,
      1
    ],
    [
      -2.9713153385731217,
      2.9032897048606365,
      2.175,
      0.0,
      1
    ],
    [
      -3.0258433362920094,
      3.04239078379746,
      2.175,
      0.0,
      1
    ],
    [
      -2.9361810573147267,
      2.9827014961319036,
      2.175,
      0.0,
      1
    ],
    [
      -2.9895822231131457,
      2.921355692401251,
      2.175,
      0.0,
      1
    ],
    [
      -2.99476612203163,
      3.062101221749632,
      2.175,
      0.0,
      1
    ],
    [
      -3.003006473007551,
      2.9265197349256185,
      2.175,
      0.0,
      2
    ]
  ],
  "adjacency_matrix": [
    [
      0,
      1,
      0,
      0,
      0,
      0,
      0,
      0
    ],
    [
      1,
      0,
      1,
      0,
      0,
      0,
      0,
      0
    ],
    [
      0,
      1,
      0,
      1,
      0,
      0,
      0,
      0
    ],
    [
      0,
      0,
      1,
      0,
      1,
      0,
      0,
      0
    ],
    [
      0,
      0,
      0,
      1,
      0,
      1,
      0,
      0
    ],
    [
      0,
      0,
      0,
      0,
      1,
      0,
      1,
      0
    ],
    [
      0,
      0,
      0,
      0,
      0,
      1,
      0,
      1
    ],
    [
      0,
      0,
      0,
      0,
      0,
      0,
      1,
      0
    ]
  ],
  "dh_parameters": [
    [
      0.0,
      0.3016174740129198,
      0.0,
      1.5707963267948966
    ],
    [
      0.0,
      0.0,
      0.0,
      -1.5707963267948966
    ],
    [
      0.0,
      0.2907400223036051,
      0.0,
      1.5707963267948966
    ],
    [
      0.09000308581288229,
      0.0,
      0.0,
      1.5707963267948966
    ],
    [
      -0.078269330523955,
      0.3643081566205905,
      0.0,
      -1.5707963267948966
    ],
    [
      0.0,
      0.0,
      0.0,
      1.5707963267948966
    ],
    [
      0.07968630691066379,
      0.09689130499364802,
      0.0,
      0.0
    ]
  ],
  "morphology_type": "link_scaling"
}