{
  "num_nodes": 8,
  "node_features": [
    [
      0.0,
      0.0,
      0.0,
      0.0,
      0
    ],
    [
      -3.0061528918235227,
      3.002968433245326,
      2.175,
      0.0,
      1
    ],
    [
      -3.012336221891739,
      3.012393445767599,
      2.175,
      0.0,
      1
    ],
    [
      -3.0516727712741547,
      3.0178737115853673,
      2.175,
      0.0,
      1
    ],
    [
      -2.9113315822509565,
      2.9979070113179476,
      2.175,
      0.0,
      1
    ],
    [
      -2.9403504695852325,
      2.9253611015526513,
      2.175,
      0.0,
      1
    ],
    [
      -2.918417112438321,
      3.0001732744615213,
      2.175,
      0.0,
      1
    ],
    [
      -2.9833161953521183,
      2.977761483341406,
      2.175,
      0.0,
      2
    ]
  ],
  "adjacency_matrix": [
    [
      0,
      1,
      0,
      0,
      0,
      0,
      0,
      0
    ],
    [
      1,
      0,
      1,
      0,
      0,
      0,
      0,
      0
    ],
    [
      0,
      1,
      0,
      1,
      0,
      0,
      0,
      0
    ],
    [
      0,
      0,
      1,
      0,
      1,
      0,
      0,
      0
    ],
    [
      0,
      0,
      0,
      1,
      0,
      1,
      0,
      0
    ],
    [
      0,
      0,
      0,
      0,
      1,
      0,
      1,
      0
    ],
    [
      0,
      0,
      0,
      0,
      0,
      1,
      0,
      1
    ],
    [
      0,
      0,
      0,
      0,
      0,
      0,
      1,
      0
    ]
  ],
  "dh_parameters": [
    [
      0.0,
      0.36558876152677916,
      0.0,
      1.5707963267948966
    ],
    [
      0.0,
      0.0,
      0.0,
      -1.5707963267948966
    ],
    [
      0.0,
      0.3371329355898384,
      0.0,
      1.5707963267948966
    ],
    [
      0.08254616830187056,
      0.0,
      0.0,
      1.5707963267948966
    ],
    [
      -0.08566974058784581,
      0.39875370164524593,
      0.0,
      -1.5707963267948966
    ],
    [
      0.0,
      0.0,
      0.0,
      1.5707963267948966
    ],
    [
      0.09439624923173952,
      0.11477725758859238,
      0.0,
      0.0
    ]
  ],
  "morphology_type": "link_scaling"
}