{
  "num_nodes": 8,
  "node_features": [
    [
      0.0,
      0.0,
      0.0,
      0.0,
      0
    ],
    [
      -3.009573808566275,
      3.066836115121861,
      2.175,
      0.0,
      1
    ],
    [
      -3.0338923165036884,
      2.9043426541264226,
      2.175,
      0.0,
      1
    ],
    [
      -3.0490641452962137,
      2.9645675609370925,
      2.175,
      0.0,
      1
    ],
    [
      -3.0100440317835675,
      2.923849205940747,
      2.175,
      0.0,
      1
    ],
    [
      -3.0309220965612984,
      3.021605452127929,
      2.175,
      0.0,
      1
    ],
    [
      -3.0643716318466603,
      3.0020447664900067,
      2.175,
      0.0,
      1
    ],
    [
      -3.0218369291466636,
      2.907925887372125,
      2.175,
      0.0,
      2
    ]
  ],
  "adjacency_matrix": [
    [
      0,
      1,
      0,
      0,
      0,
      0,
      0,
      0
    ],
    [
      1,
      0,
      1,
      0,
      0,
      0,
      0,
      0
    ],
    [
      0,
      1,
      0,
      1,
      0,
      0,
      0,
      0
    ],
    [
      0,
      0,
      1,
      0,
      1,
      0,
      0,
      0
    ],
    [
      0,
      0,
      0,
      1,
      0,
      1,
      0,
      0
    ],
    [
      0,
      0,
      0,
      0,
      1,
      0,
      1,
      0
    ],
    [
      0,
      0,
      0,
      0,
      0,
      1,
      0,
      1
    ],
    [
      0,
      0,
      0,
      0,
      0,
      0,
      1,
      0
    ]
  ],
  "dh_parameters": [
    [
      0.0,
      0.3386193433171534,
      0.0,
      1.5707963267948966
    ],
    [
      0.0,
      0.0,
      0.0,
      -1.5707963267948966
    ],
    [
      0.0,
      0.3261126020191969,
      0.0,
      1.5707963267948966
    ],
    [
      0.0855044764486117,
      0.0,
      0.0,
      1.5707963267948966
    ],
    [
      -0.09022341499725715,
      0.41994898616905146,
      0.0,
      -1.5707963267948966
    ],
    [
      0.0,
      0.0,
      0.0,
      1.5707963267948966
    ],
    [
      0.08241293434580042,
      0.1002066360795528,
      0.0,
      0.0
    ]
  ],
  "morphology_type": "link_scaling"
}