{
  "num_nodes": 8,
  "node_features": [
    [
      0.0,
      0.0,
      0.0,
      0.0,
      0
    ],
    [
      -3.021697834819755,
      2.9416180927146365,
      2.175,
      0.0,
      1
    ],
    [
      -2.9896436566839606,
      3.023653240035898,
      2.175,
      0.0,
      1
    ],
    [
      -3.0636550471122805,
      2.9386632728707798,
      2.175,
      0.0,
      1
    ],
    [
      -3.000911111588281,
      3.054758680104665,
      2.175,
      0.0,
      1
    ],
    [
      -2.907595400100275,
      3.037903149243077,
      2.175,
      0.0,
      1
    ],
    [
      -2.9844815070199604,
      2.947390416901554,
      2.175,
      0.0,
      1
    ],
    [
      -3.0424788793694297,
      2.909193170008453,
      2.175,
      0.0,
      2
    ]
  ],
  "adjacency_matrix": [
    [
      0,
      1,
      0,
      0,
      0,
      0,
      0,
      0
    ],
    [
      1,
      0,
      1,
      0,
      0,
      0,
      0,
      0
    ],
    [
      0,
      1,
      0,
      1,
      0,
      0,
      0,
      0
    ],
    [
      0,
      0,
      1,
      0,
      1,
      0,
      0,
      0
    ],
    [
      0,
      0,
      0,
      1,
      0,
      1,
      0,
      0
    ],
    [
      0,
      0,
      0,
      0,
      1,
      0,
      1,
      0
    ],
    [
      0,
      0,
      0,
      0,
      0,
      1,
      0,
      1
    ],
    [
      0,
      0,
      0,
      0,
      0,
      0,
      1,
      0
    ]
  ],
  "dh_parameters": [
    [
      0.0,
      0.3655549955252169,
      0.0,
      1.5707963267948966
    ],
    [
      0.0,
      0.0,
      0.0,
      -1.5707963267948966
    ],
    [
      0.0,
      0.28955796273852674,
      0.0,
      1.5707963267948966
    ],
    [
      0.08662611591215823,
      0.0,
      0.0,
      1.5707963267948966
    ],
    [
      -0.08363990971507089,
      0.3893057615828754,
      0.0,
      -1.5707963267948966
    ],
    [
      0.0,
      0.0,
      0.0,
      1.5707963267948966
    ],
    [
      0.08927246651540151,
      0.1085472036039541,
      0.0,
      0.0
    ]
  ],
  "morphology_type": "link_scaling"
}