{
  "num_nodes": 8,
  "node_features": [
    [
      0.0,
      0.0,
      0.0,
      0.0,
      0
    ],
    [
      -2.934430212722871,
      2.9636678040257274,
      2.175,
      0.0,
      1
    ],
    [
      -2.9289898253319255,
      2.997516084815404,
      2.175,
      0.0,
      1
    ],
    [
      -2.984171314198812,
      3.0181226206736462,
      2.175,
      0.0,
      1
    ],
    [
      -2.9532324153445955,
      3.0642551749265654,
      2.175,
      0.0,
      1
    ],
    [
      -3.0344465147824145,
      2.923156484957441,
      2.175,
      0.0,
      1
    ],
    [
      -3.05300882610253,
      3.056284930561478,
      2.175,
      0.0,
      1
    ],
    [
      -2.914890287036658,
      2.9057114368029247,
      2.175,
      0.0,
      2
    ]
  ],
  "adjacency_matrix": [
    [
      0,
      1,
      0,
      0,
      0,
      0,
      0,
      0
    ],
    [
      1,
      0,
      1,
      0,
      0,
      0,
      0,
      0
    ],
    [
      0,
      1,
      0,
      1,
      0,
      0,
      0,
      0
    ],
    [
      0,
      0,
      1,
      0,
      1,
      0,
      0,
      0
    ],
    [
      0,
      0,
      0,
      1,
      0,
      1,
      0,
      0
    ],
    [
      0,
      0,
      0,
      0,
      1,
      0,
      1,
      0
    ],
    [
      0,
      0,
      0,
      0,
      0,
      1,
      0,
      1
    ],
    [
      0,
      0,
      0,
      0,
      0,
      0,
      1,
      0
    ]
  ],
  "dh_parameters": [
    [
      0.0,
      0.3040215008886447,
      0.0,
      1.5707963267948966
    ],
    [
      0.0,
      0.0,
      0.0,
      -1.5707963267948966
    ],
    [
      0.0,
      0.29619392774035314,
      0.0,
      1.5707963267948966
    ],
    [
      0.08928141469167765,
      0.0,
      0.0,
      1.5707963267948966
    ],
    [
      -0.08832212121713583,
      0.41109932784703224,
      0.0,
      -1.5707963267948966
    ],
    [
      0.0,
      0.0,
      0.0,
      1.5707963267948966
    ],
    [
      0.08044462921309077,
      0.09781335597500809,
      0.0,
      0.0
    ]
  ],
  "morphology_type": "link_scaling"
}