{
  "num_nodes": 8,
  "node_features": [
    [
      0.0,
      0.0,
      0.0,
      0.0,
      0
    ],
    [
      -2.9710323931761216,
      2.9378221073518045,
      2.175,
      0.0,
      1
    ],
    [
      -3.024387103999997,
      2.940982456626462,
      2.175,
      0.0,
      1
    ],
    [
      -2.9026246196691408,
      2.9937977422129403,
      2.175,
      0.0,
      1
    ],
    [
      -2.919092206602419,
      3.0290808990391116,
      2.175,
      0.0,
      1
    ],
    [
      -2.9362956083646905,
      3.031443607881559,
      2.175,
      0.0,
      1
    ],
    [
      -3.0617534448433634,
      2.9950736065105743,
      2.175,
      0.0,
      1
    ],
    [
      -3.006849536505732,
      3.009145038711131,
      2.175,
      0.0,
      2
    ]
  ],
  "adjacency_matrix": [
    [
      0,
      1,
      0,
      0,
      0,
      0,
      0,
      0
    ],
    [
      1,
      0,
      1,
      0,
      0,
      0,
      0,
      0
    ],
    [
      0,
      1,
      0,
      1,
      0,
      0,
      0,
      0
    ],
    [
      0,
      0,
      1,
      0,
      1,
      0,
      0,
      0
    ],
    [
      0,
      0,
      0,
      1,
      0,
      1,
      0,
      0
    ],
    [
      0,
      0,
      0,
      0,
      1,
      0,
      1,
      0
    ],
    [
      0,
      0,
      0,
      0,
      0,
      1,
      0,
      1
    ],
    [
      0,
      0,
      0,
      0,
      0,
      0,
      1,
      0
    ]
  ],
  "dh_parameters": [
    [
      0.0,
      0.32987093022486835,
      0.0,
      1.5707963267948966
    ],
    [
      0.0,
      0.0,
      0.0,
      -1.5707963267948966
    ],
    [
      0.0,
      0.3085058312524659,
      0.0,
      1.5707963267948966
    ],
    [
      0.0905461762468167,
      0.0,
      0.0,
      1.5707963267948966
    ],
    [
      -0.08630692822229695,
      0.40171952045287307,
      0.0,
      -1.5707963267948966
    ],
    [
      0.0,
      0.0,
      0.0,
      1.5707963267948966
    ],
    [
      0.08863266489552458,
      0.10776926299796741,
      0.0,
      0.0
    ]
  ],
  "morphology_type": "link_scaling"
}