{
  "num_nodes": 8,
  "node_features": [
    [
      0.0,
      0.0,
      0.0,
      0.0,
      0
    ],
    [
      -2.9014809503409285,
      2.9903736101798915,
      2.175,
      0.0,
      1
    ],
    [
      -3.0561612960747317,
      3.043096710358643,
      2.175,
      0.0,
      1
    ],
    [
      -2.9813554315097743,
      2.9584569066580757,
      2.175,
      0.0,
      1
    ],
    [
      -2.9625421498562474,
      2.9563396265192967,
      2.175,
      0.0,
      1
    ],
    [
      -3.0429895002706773,
      3.055370096173553,
      2.175,
      0.0,
      1
    ],
    [
      -3.021961239514904,
      3.0045731501665336,
      2.175,
      0.0,
      1
    ],
    [
      -2.9110353087643115,
      2.9731356454023827,
      2.175,
      0.0,
      2
    ]
  ],
  "adjacency_matrix": [
    [
      0,
      1,
      0,
      0,
      0,
      0,
      0,
      0
    ],
    [
      1,
      0,
      1,
      0,
      0,
      0,
      0,
      0
    ],
    [
      0,
      1,
      0,
      1,
      0,
      0,
      0,
      0
    ],
    [
      0,
      0,
      1,
      0,
      1,
      0,
      0,
      0
    ],
    [
      0,
      0,
      0,
      1,
      0,
      1,
      0,
      0
    ],
    [
      0,
      0,
      0,
      0,
      1,
      0,
      1,
      0
    ],
    [
      0,
      0,
      0,
      0,
      0,
      1,
      0,
      1
    ],
    [
      0,
      0,
      0,
      0,
      0,
      0,
      1,
      0
    ]
  ],
  "dh_parameters": [
    [
      0.0,
      0.3518873143465158,
      0.0,
      1.5707963267948966
    ],
    [
      0.0,
      0.0,
      0.0,
      -1.5707963267948966
    ],
    [
      0.0,
      0.3158016800448064,
      0.0,
      1.5707963267948966
    ],
    [
      0.0865534382555465,
      0.0,
      0.0,
      1.5707963267948966
    ],
    [
      -0.08362036241723567,
      0.38921477779658786,
      0.0,
      -1.5707963267948966
    ],
    [
      0.0,
      0.0,
      0.0,
      1.5707963267948966
    ],
    [
      0.09035426750576951,
      0.10986257526269703,
      0.0,
      0.0
    ]
  ],
  "morphology_type": "link_scaling"
}