{
  "num_nodes": 8,
  "node_features": [
    [
      0.0,
      0.0,
      0.0,
      0.0,
      0
    ],
    [
      -2.9372010753493187,
      3.0157152095914266,
      2.175,
      0.0,
      1
    ],
    [
      -2.9485462236209807,
      2.902119320826767,
      2.175,
      0.0,
      1
    ],
    [
      -2.9369317839338613,
      3.0391592147724613,
      2.175,
      0.0,
      1
    ],
    [
      -2.944596393956408,
      3.035079785631186,
      2.175,
      0.0,
      1
    ],
    [
      -3.053579951822569,
      2.938943119617661,
      2.175,
      0.0,
      1
    ],
    [
      -2.910172643856986,
      2.9121307241491317,
      2.175,
      0.0,
      1
    ],
    [
      -2.9914575145324553,
      3.051353249145127,
      2.175,
      0.0,
      2
    ]
  ],
  "adjacency_matrix": [
    [
      0,
      1,
      0,
      0,
      0,
      0,
      0,
      0
    ],
    [
      1,
      0,
      1,
      0,
      0,
      0,
      0,
      0
    ],
    [
      0,
      1,
      0,
      1,
      0,
      0,
      0,
      0
    ],
    [
      0,
      0,
      1,
      0,
      1,
      0,
      0,
      0
    ],
    [
      0,
      0,
      0,
      1,
      0,
      1,
      0,
      0
    ],
    [
      0,
      0,
      0,
      0,
      1,
      0,
      1,
      0
    ],
    [
      0,
      0,
      0,
      0,
      0,
      1,
      0,
      1
    ],
    [
      0,
      0,
      0,
      0,
      0,
      0,
      1,
      0
    ]
  ],
  "dh_parameters": [
    [
      0.0,
      0.3564517572577537,
      0.0,
      1.5707963267948966
    ],
    [
      0.0,
      0.0,
      0.0,
      -1.5707963267948966
    ],
    [
      0.0,
      0.312510993260697,
      0.0,
      1.5707963267948966
    ],
    [
      0.08707233381995802,
      0.0,
      0.0,
      1.5707963267948966
    ],
    [
      -0.07427957035256737,
      0.34573763655013173,
      0.0,
      -1.5707963267948966
    ],
    [
      0.0,
      0.0,
      0.0,
      1.5707963267948966
    ],
    [
      0.09247864823171943,
      0.11244562909993158,
      0.0,
      0.0
    ]
  ],
  "morphology_type": "link_scaling"
}