{
  "num_nodes": 8,
  "node_features": [
    [
      0.0,
      0.0,
      0.0,
      0.0,
      0
    ],
    [
      -3.0302263045824516,
      3.014825427513012,
      2.175,
      0.0,
      1
    ],
    [
      -2.964309572786016,
      3.006093600799969,
      2.175,
      0.0,
      1
    ],
    [
      -2.9507636006631413,
      3.0655027673056736,
      2.175,
      0.0,
      1
    ],
    [
      -2.9131730347513263,
      2.920266988208435,
      2.175,
      0.0,
      1
    ],
    [
      -2.9878247095776618,
      3.04780687020707,
      2.175,
      0.0,
      1
    ],
    [
      -3.05069779319787,
      2.9567793279621375,
      2.175,
      0.0,
      1
    ],
    [
      -2.9226376261311975,
      2.9613205983854227,
      2.175,
      0.0,
      2
    ]
  ],
  "adjacency_matrix": [
    [
      0,
      1,
      0,
      0,
      0,
      0,
      0,
      0
    ],
    [
      1,
      0,
      1,
      0,
      0,
      0,
      0,
      0
    ],
    [
      0,
      1,
      0,
      1,
      0,
      0,
      0,
      0
    ],
    [
      0,
      0,
      1,
      0,
      1,
      0,
      0,
      0
    ],
    [
      0,
      0,
      0,
      1,
      0,
      1,
      0,
      0
    ],
    [
      0,
      0,
      0,
      0,
      1,
      0,
      1,
      0
    ],
    [
      0,
      0,
      0,
      0,
      0,
      1,
      0,
      1
    ],
    [
      0,
      0,
      0,
      0,
      0,
      0,
      1,
      0
    ]
  ],
  "dh_parameters": [
    [
      0.0,
      0.32671077421434425,
      0.0,
      1.5707963267948966
    ],
    [
      0.0,
      0.0,
      0.0,
      -1.5707963267948966
    ],
    [
      0.0,
      0.30020218153680134,
      0.0,
      1.5707963267948966
    ],
    [
      0.07479925523418765,
      0.0,
      0.0,
      1.5707963267948966
    ],
    [
      -0.0860091977382905,
      0.4003337203818612,
      0.0,
      -1.5707963267948966
    ],
    [
      0.0,
      0.0,
      0.0,
      1.5707963267948966
    ],
    [
      0.08069427532753813,
      0.09811690295507478,
      0.0,
      0.0
    ]
  ],
  "morphology_type": "link_scaling"
}