{
  "num_nodes": 8,
  "node_features": [
    [
      0.0,
      0.0,
      0.0,
      0.0,
      0
    ],
    [
      -2.907068511325073,
      3.0656418706949307,
      2.175,
      0.0,
      1
    ],
    [
      -3.0556907575380223,
      2.9745092904202846,
      2.175,
      0.0,
      1
    ],
    [
      -2.965645463239481,
      3.051407355006268,
      2.175,
      0.0,
      1
    ],
    [
      -2.968203550269154,
      3.031311498118215,
      2.175,
      0.0,
      1
    ],
    [
      -2.978961215670964,
      3.001980870721774,
      2.175,
      0.0,
      1
    ],
    [
      -3.0013409243571436,
      2.9147350675151955,
      2.175,
      0.0,
      1
    ],
    [
      -3.018866715454343,
      2.9086329056058156,
      2.175,
      0.0,
      2
    ]
  ],
  "adjacency_matrix": [
    [
      0,
      1,
      0,
      0,
      0,
      0,
      0,
      0
    ],
    [
      1,
      0,
      1,
      0,
      0,
      0,
      0,
      0
    ],
    [
      0,
      1,
      0,
      1,
      0,
      0,
      0,
      0
    ],
    [
      0,
      0,
      1,
      0,
      1,
      0,
      0,
      0
    ],
    [
      0,
      0,
      0,
      1,
      0,
      1,
      0,
      0
    ],
    [
      0,
      0,
      0,
      0,
      1,
      0,
      1,
      0
    ],
    [
      0,
      0,
      0,
      0,
      0,
      1,
      0,
      1
    ],
    [
      0,
      0,
      0,
      0,
      0,
      0,
      1,
      0
    ]
  ],
  "dh_parameters": [
    [
      0.0,
      0.3171299403372823,
      0.0,
      1.5707963267948966
    ],
    [
      0.0,
      0.0,
      0.0,
      -1.5707963267948966
    ],
    [
      0.0,
      0.299276294116213,
      0.0,
      1.5707963267948966
    ],
    [
      0.07875974371450634,
      0.0,
      0.0,
      1.5707963267948966
    ],
    [
      -0.08760350683703001,
      0.40775450455053963,
      0.0,
      -1.5707963267948966
    ],
    [
      0.0,
      0.0,
      0.0,
      1.5707963267948966
    ],
    [
      0.08389424086342416,
      0.10200777014075438,
      0.0,
      0.0
    ]
  ],
  "morphology_type": "link_scaling"
}