{
  "num_nodes": 8,
  "node_features": [
    [
      0.0,
      0.0,
      0.0,
      0.0,
      0
    ],
    [
      -2.99630609214335,
      2.986653178075288,
      2.175,
      0.0,
      1
    ],
    [
      -2.9271292749486304,
      2.962726101806595,
      2.175,
      0.0,
      1
    ],
    [
      -2.9200665435080624,
      2.9426920996255626,
      2.175,
      0.0,
      1
    ],
    [
      -2.9184959300647444,
      2.9767014037437765,
      2.175,
      0.0,
      1
    ],
    [
      -2.972441037419265,
      3.045699622138647,
      2.175,
      0.0,
      1
    ],
    [
      -3.0244877462618946,
      3.020207825914524,
      2.175,
      0.0,
      1
    ],
    [
      -3.0505770139381654,
      3.0619909538574706,
      2.175,
      0.0,
      2
    ]
  ],
  "adjacency_matrix": [
    [
      0,
      1,
      0,
      0,
      0,
      0,
      0,
      0
    ],
    [
      1,
      0,
      1,
      0,
      0,
      0,
      0,
      0
    ],
    [
      0,
      1,
      0,
      1,
      0,
      0,
      0,
      0
    ],
    [
      0,
      0,
      1,
      0,
      1,
      0,
      0,
      0
    ],
    [
      0,
      0,
      0,
      1,
      0,
      1,
      0,
      0
    ],
    [
      0,
      0,
      0,
      0,
      1,
      0,
      1,
      0
    ],
    [
      0,
      0,
      0,
      0,
      0,
      1,
      0,
      1
    ],
    [
      0,
      0,
      0,
      0,
      0,
      0,
      1,
      0
    ]
  ],
  "dh_parameters": [
    [
      0.0,
      0.31917169811954094,
      0.0,
      1.5707963267948966
    ],
    [
      0.0,
      0.0,
      0.0,
      -1.5707963267948966
    ],
    [
      0.0,
      0.2856569176987941,
      0.0,
      1.5707963267948966
    ],
    [
      0.08009821662695833,
      0.0,
      0.0,
      1.5707963267948966
    ],
    [
      -0.08020824026753272,
      0.3733329001543341,
      0.0,
      -1.5707963267948966
    ],
    [
      0.0,
      0.0,
      0.0,
      1.5707963267948966
    ],
    [
      0.091856826148992,
      0.11168954997661527,
      0.0,
      0.0
    ]
  ],
  "morphology_type": "link_scaling"
}