{
  "num_nodes": 8,
  "node_features": [
    [
      0.0,
      0.0,
      0.0,
      0.0,
      0
    ],
    [
      -2.931147537294848,
      2.9512221769071907,
      2.175,
      0.0,
      1
    ],
    [
      -3.0466341261658303,
      3.052965368083573,
      2.175,
      0.0,
      1
    ],
    [
      -3.042434522243996,
      2.960824377989041,
      2.175,
      0.0,
      1
    ],
    [
      -2.9350517523202235,
      3.027309627172355,
      2.175,
      0.0,
      1
    ],
    [
      -3.019161299281167,
      3.0514384765792886,
      2.175,
      0.0,
      1
    ],
    [
      -3.045107841561533,
      3.017271754825206,
      2.175,
      0.0,
      1
    ],
    [
      -2.9116327764497854,
      2.9218587661704802,
      2.175,
      0.0,
      2
    ]
  ],
  "adjacency_matrix": [
    [
      0,
      1,
      0,
      0,
      0,
      0,
      0,
      0
    ],
    [
      1,
      0,
      1,
      0,
      0,
      0,
      0,
      0
    ],
    [
      0,
      1,
      0,
      1,
      0,
      0,
      0,
      0
    ],
    [
      0,
      0,
      1,
      0,
      1,
      0,
      0,
      0
    ],
    [
      0,
      0,
      0,
      1,
      0,
      1,
      0,
      0
    ],
    [
      0,
      0,
      0,
      0,
      1,
      0,
      1,
      0
    ],
    [
      0,
      0,
      0,
      0,
      0,
      1,
      0,
      1
    ],
    [
      0,
      0,
      0,
      0,
      0,
      0,
      1,
      0
    ]
  ],
  "dh_parameters": [
    [
      0.0,
      0.36174601443283855,
      0.0,
      1.5707963267948966
    ],
    [
      0.0,
      0.0,
      0.0,
      -1.5707963267948966
    ],
    [
      0.0,
      0.3324793585889752,
      0.0,
      1.5707963267948966
    ],
    [
      0.08410170063128639,
      0.0,
      0.0,
      1.5707963267948966
    ],
    [
      -0.08754974516594297,
      0.4075042684087527,
      0.0,
      -1.5707963267948966
    ],
    [
      0.0,
      0.0,
      0.0,
      1.5707963267948966
    ],
    [
      0.08440108692656219,
      0.1026240488766154,
      0.0,
      0.0
    ]
  ],
  "morphology_type": "link_scaling"
}