{
  "num_nodes": 8,
  "node_features": [
    [
      0.0,
      0.0,
      0.0,
      0.0,
      0
    ],
    [
      -2.908001917818458,
      2.9362356493880597,
      2.175,
      0.0,
      1
    ],
    [
      -2.933129202045593,
      2.911024739697569,
      2.175,
      0.0,
      1
    ],
    [
      -2.9454444168292278,
      2.9532720796440977,
      2.175,
      0.0,
      1
    ],
    [
      -3.0480959883141936,
      3.0660917945544632,
      2.175,
      0.0,
      1
    ],
    [
      -3.0189202418933854,
      2.951145076478269,
      2.175,
      0.0,
      1
    ],
    [
      -2.993358361976704,
      2.9522773744540514,
      2.175,
      0.0,
      1
    ],
    [
      -2.933461647495349,
      3.0474997396362724,
      2.175,
      0.0,
      2
    ]
  ],
  "adjacency_matrix": [
    [
      0,
      1,
      0,
      0,
      0,
      0,
      0,
      0
    ],
    [
      1,
      0,
      1,
      0,
      0,
      0,
      0,
      0
    ],
    [
      0,
      1,
      0,
      1,
      0,
      0,
      0,
      0
    ],
    [
      0,
      0,
      1,
      0,
      1,
      0,
      0,
      0
    ],
    [
      0,
      0,
      0,
      1,
      0,
      1,
      0,
      0
    ],
    [
      0,
      0,
      0,
      0,
      1,
      0,
      1,
      0
    ],
    [
      0,
      0,
      0,
      0,
      0,
      1,
      0,
      1
    ],
    [
      0,
      0,
      0,
      0,
      0,
      0,
      1,
      0
    ]
  ],
  "dh_parameters": [
    [
      0.0,
      0.3024468281362428,
      0.0,
      1.5707963267948966
    ],
    [
      0.0,
      0.0,
      0.0,
      -1.5707963267948966
    ],
    [
      0.0,
      0.2849081029070012,
      0.0,
      1.5707963267948966
    ],
    [
      0.08192564350423095,
      0.0,
      0.0,
      1.5707963267948966
    ],
    [
      -0.07653171549039403,
      0.3562203484643795,
      0.0,
      -1.5707963267948966
    ],
    [
      0.0,
      0.0,
      0.0,
      1.5707963267948966
    ],
    [
      0.08651773963210184,
      0.10519770614357837,
      0.0,
      0.0
    ]
  ],
  "morphology_type": "link_scaling"
}