{
  "num_nodes": 8,
  "node_features": [
    [
      0.0,
      0.0,
      0.0,
      0.0,
      0
    ],
    [
      -2.9612423279288835,
      2.9352293773368254,
      2.175,
      0.0,
      1
    ],
    [
      -3.01578196557791,
      2.9297234307457556,
      2.175,
      0.0,
      1
    ],
    [
      -2.951089099592343,
      2.9046954891157295,
      2.175,
      0.0,
      1
    ],
    [
      -2.910909556810699,
      2.912314572776303,
      2.175,
      0.0,
      1
    ],
    [
      -2.958989256630348,
      2.9902583829392273,
      2.175,
      0.0,
      1
    ],
    [
      -2.944334415395235,
      3.034382871176583,
      2.175,
      0.0,
      1
    ],
    [
      -2.932006565646162,
      3.0046368477701373,
      2.175,
      0.0,
      2
    ]
  ],
  "adjacency_matrix": [
    [
      0,
      1,
      0,
      0,
      0,
      0,
      0,
      0
    ],
    [
      1,
      0,
      1,
      0,
      0,
      0,
      0,
      0
    ],
    [
      0,
      1,
      0,
      1,
      0,
      0,
      0,
      0
    ],
    [
      0,
      0,
      1,
      0,
      1,
      0,
      0,
      0
    ],
    [
      0,
      0,
      0,
      1,
      0,
      1,
      0,
      0
    ],
    [
      0,
      0,
      0,
      0,
      1,
      0,
      1,
      0
    ],
    [
      0,
      0,
      0,
      0,
      0,
      1,
      0,
      1
    ],
    [
      0,
      0,
      0,
      0,
      0,
      0,
      1,
      0
    ]
  ],
  "dh_parameters": [
    [
      0.0,
      0.32310062774835396,
      0.0,
      1.5707963267948966
    ],
    [
      0.0,
      0.0,
      0.0,
      -1.5707963267948966
    ],
    [
      0.0,
      0.30212888692590617,
      0.0,
      1.5707963267948966
    ],
    [
      0.09041321361167004,
      0.0,
      0.0,
      1.5707963267948966
    ],
    [
      -0.07804361857479536,
      0.3632575700935929,
      0.0,
      -1.5707963267948966
    ],
    [
      0.0,
      0.0,
      0.0,
      1.5707963267948966
    ],
    [
      0.0855064564357726,
      0.10396807771167804,
      0.0,
      0.0
    ]
  ],
  "morphology_type": "link_scaling"
}