{
  "num_nodes": 8,
  "node_features": [
    [
      0.0,
      0.0,
      0.0,
      0.0,
      0
    ],
    [
      -2.9191309481062353,
      3.0364228963800293,
      2.175,
      0.0,
      1
    ],
    [
      -3.069829419735942,
      2.9100207978331962,
      2.175,
      0.0,
      1
    ],
    [
      -2.9345283348238933,
      2.950040037622202,
      2.175,
      0.0,
      1
    ],
    [
      -2.91864771808986,
      3.0377446062767657,
      2.175,
      0.0,
      1
    ],
    [
      -2.9609786282673416,
      2.930810426978131,
      2.175,
      0.0,
      1
    ],
    [
      -2.953462715300928,
      2.9391300121925243,
      2.175,
      0.0,
      1
    ],
    [
      -3.034407979931472,
      2.942275041877238,
      2.175,
      0.0,
      2
    ]
  ],
  "adjacency_matrix": [
    [
      0,
      1,
      0,
      0,
      0,
      0,
      0,
      0
    ],
    [
      1,
      0,
      1,
      0,
      0,
      0,
      0,
      0
    ],
    [
      0,
      1,
      0,
      1,
      0,
      0,
      0,
      0
    ],
    [
      0,
      0,
      1,
      0,
      1,
      0,
      0,
      0
    ],
    [
      0,
      0,
      0,
      1,
      0,
      1,
      0,
      0
    ],
    [
      0,
      0,
      0,
      0,
      1,
      0,
      1,
      0
    ],
    [
      0,
      0,
      0,
      0,
      0,
      1,
      0,
      1
    ],
    [
      0,
      0,
      0,
      0,
      0,
      0,
      1,
      0
    ]
  ],
  "dh_parameters": [
    [
      0.0,
      0.3095255895423656,
      0.0,
      1.5707963267948966
    ],
    [
      0.0,
      0.0,
      0.0,
      -1.5707963267948966
    ],
    [
      0.0,
      0.33436487111317564,
      0.0,
      1.5707963267948966
    ],
    [
      0.07597723353816037,
      0.0,
      0.0,
      1.5707963267948966
    ],
    [
      -0.0891157679256309,
      0.4147933925265729,
      0.0,
      -1.5707963267948966
    ],
    [
      0.0,
      0.0,
      0.0,
      1.5707963267948966
    ],
    [
      0.08087938442645774,
      0.09834197879126112,
      0.0,
      0.0
    ]
  ],
  "morphology_type": "link_scaling"
}