{
  "num_nodes": 8,
  "node_features": [
    [
      0.0,
      0.0,
      0.0,
      0.0,
      0
    ],
    [
      -3.0141048963041586,
      2.923315538140691,
      2.175,
      0.0,
      1
    ],
    [
      -3.0483297477752886,
      3.049633265143731,
      2.175,
      0.0,
      1
    ],
    [
      -2.9942242492091515,
      2.9316607303638214,
      2.175,
      0.0,
      1
    ],
    [
      -2.9618643022515685,
      3.0195751125669945,
      2.175,
      0.0,
      1
    ],
    [
      -2.904063684726334,
      2.9173792956483116,
      2.175,
      0.0,
      1
    ],
    [
      -2.936557156228475,
      3.0132739482053195,
      2.175,
      0.0,
      1
    ],
    [
      -2.952484541971671,
      3.0105071136763066,
      2.175,
      0.0,
      2
    ]
  ],
  "adjacency_matrix": [
    [
      0,
      1,
      0,
      0,
      0,
      0,
      0,
      0
    ],
    [
      1,
      0,
      1,
      0,
      0,
      0,
      0,
      0
    ],
    [
      0,
      1,
      0,
      1,
      0,
      0,
      0,
      0
    ],
    [
      0,
      0,
      1,
      0,
      1,
      0,
      0,
      0
    ],
    [
      0,
      0,
      0,
      1,
      0,
      1,
      0,
      0
    ],
    [
      0,
      0,
      0,
      0,
      1,
      0,
      1,
      0
    ],
    [
      0,
      0,
      0,
      0,
      0,
      1,
      0,
      1
    ],
    [
      0,
      0,
      0,
      0,
      0,
      0,
      1,
      0
    ]
  ],
  "dh_parameters": [
    [
      0.0,
      0.31431700684484887,
      0.0,
      1.5707963267948966
    ],
    [
      0.0,
      0.0,
      0.0,
      -1.5707963267948966
    ],
    [
      0.0,
      0.31112459523374464,
      0.0,
      1.5707963267948966
    ],
    [
      0.07530250387144491,
      0.0,
      0.0,
      1.5707963267948966
    ],
    [
      -0.07734623664486899,
      0.36001157420157204,
      0.0,
      -1.5707963267948966
    ],
    [
      0.0,
      0.0,
      0.0,
      1.5707963267948966
    ],
    [
      0.0819581357186274,
      0.09965364229424013,
      0.0,
      0.0
    ]
  ],
  "morphology_type": "link_scaling"
}