{
  "num_nodes": 8,
  "node_features": [
    [
      0.0,
      0.0,
      0.0,
      0.0,
      0
    ],
    [
      -2.930838045928466,
      3.0275112536076194,
      2.175,
      0.0,
      1
    ],
    [
      -2.994926851568418,
      2.9990871924475475,
      2.175,
      0.0,
      1
    ],
    [
      -2.9343154194744163,
      2.923033109657563,
      2.175,
      0.0,
      1
    ],
    [
      -3.0533138402876356,
      2.9921155218512157,
      2.175,
      0.0,
      1
    ],
    [
      -2.9329580593941658,
      3.017501594467853,
      2.175,
      0.0,
      1
    ],
    [
      -3.028541097204744,
      2.9269913252469557,
      2.175,
      0.0,
      1
    ],
    [
      -3.007383583677237,
      2.967971670254687,
      2.175,
      0.0,
      2
    ]
  ],
  "adjacency_matrix": [
    [
      0,
      1,
      0,
      0,
      0,
      0,
      0,
      0
    ],
    [
      1,
      0,
      1,
      0,
      0,
      0,
      0,
      0
    ],
    [
      0,
      1,
      0,
      1,
      0,
      0,
      0,
      0
    ],
    [
      0,
      0,
      1,
      0,
      1,
      0,
      0,
      0
    ],
    [
      0,
      0,
      0,
      1,
      0,
      1,
      0,
      0
    ],
    [
      0,
      0,
      0,
      0,
      1,
      0,
      1,
      0
    ],
    [
      0,
      0,
      0,
      0,
      0,
      1,
      0,
      1
    ],
    [
      0,
      0,
      0,
      0,
      0,
      0,
      1,
      0
    ]
  ],
  "dh_parameters": [
    [
      0.0,
      0.3201730068812825,
      0.0,
      1.5707963267948966
    ],
    [
      0.0,
      0.0,
      0.0,
      -1.5707963267948966
    ],
    [
      0.0,
      0.3407927527416127,
      0.0,
      1.5707963267948966
    ],
    [
      0.07935949255202777,
      0.0,
      0.0,
      1.5707963267948966
    ],
    [
      -0.08945006800592026,
      0.4163494074457379,
      0.0,
      -1.5707963267948966
    ],
    [
      0.0,
      0.0,
      0.0,
      1.5707963267948966
    ],
    [
      0.0896319850282964,
      0.10898434543213313,
      0.0,
      0.0
    ]
  ],
  "morphology_type": "link_scaling"
}