{
  "num_nodes": 8,
  "node_features": [
    [
      0.0,
      0.0,
      0.0,
      0.0,
      0
    ],
    [
      -3.0389145542980263,
      2.980151757215916,
      2.175,
      0.0,
      1
    ],
    [
      -2.9667434106377546,
      3.021024418044196,
      2.175,
      0.0,
      1
    ],
    [
      -3.0405125871087626,
      2.96846832333245,
      2.175,
      0.0,
      1
    ],
    [
      -2.9467402129457225,
      2.9941818787025145,
      2.175,
      0.0,
      1
    ],
    [
      -2.9108701982425336,
      2.9827789633789275,
      2.175,
      0.0,
      1
    ],
    [
      -2.936804444701507,
      2.9509033848843123,
      2.175,
      0.0,
      1
    ],
    [
      -3.0445856035335717,
      3.001441507770833,
      2.175,
      0.0,
      2
    ]
  ],
  "adjacency_matrix": [
    [
      0,
      1,
      0,
      0,
      0,
      0,
      0,
      0
    ],
    [
      1,
      0,
      1,
      0,
      0,
      0,
      0,
      0
    ],
    [
      0,
      1,
      0,
      1,
      0,
      0,
      0,
      0
    ],
    [
      0,
      0,
      1,
      0,
      1,
      0,
      0,
      0
    ],
    [
      0,
      0,
      0,
      1,
      0,
      1,
      0,
      0
    ],
    [
      0,
      0,
      0,
      0,
      1,
      0,
      1,
      0
    ],
    [
      0,
      0,
      0,
      0,
      0,
      1,
      0,
      1
    ],
    [
      0,
      0,
      0,
      0,
      0,
      0,
      1,
      0
    ]
  ],
  "dh_parameters": [
    [
      0.0,
      0.3352420088084816,
      0.0,
      1.5707963267948966
    ],
    [
      0.0,
      0.0,
      0.0,
      -1.5707963267948966
    ],
    [
      0.0,
      0.34510850058344855,
      0.0,
      1.5707963267948966
    ],
    [
      0.07773708739074348,
      0.0,
      0.0,
      1.5707963267948966
    ],
    [
      -0.07728961727452181,
      0.35974803676868333,
      0.0,
      -1.5707963267948966
    ],
    [
      0.0,
      0.0,
      0.0,
      1.5707963267948966
    ],
    [
      0.0906495887394683,
      0.11022165903548986,
      0.0,
      0.0
    ]
  ],
  "morphology_type": "link_scaling"
}