{
  "num_nodes": 8,
  "node_features": [
    [
      0.0,
      0.0,
      0.0,
      0.0,
      0
    ],
    [
      -3.0369422545159668,
      2.9226401976042977,
      2.175,
      0.0,
      1
    ],
    [
      -2.9151291846169807,
      2.9903312908869526,
      2.175,
      0.0,
      1
    ],
    [
      -2.9055534244272443,
      3.0519448963377704,
      2.175,
      0.0,
      1
    ],
    [
      -3.049534861001336,
      2.9787735822327486,
      2.175,
      0.0,
      1
    ],
    [
      -3.0031420364036556,
      2.972426988794218,
      2.175,
      0.0,
      1
    ],
    [
      -3.024669271344201,
      3.0586354036660186,
      2.175,
      0.0,
      1
    ],
    [
      -3.067467466564891,
      3.0487921976422547,
      2.175,
      0.0,
      2
    ]
  ],
  "adjacency_matrix": [
    [
      0,
      1,
      0,
      0,
      0,
      0,
      0,
      0
    ],
    [
      1,
      0,
      1,
      0,
      0,
      0,
      0,
      0
    ],
    [
      0,
      1,
      0,
      1,
      0,
      0,
      0,
      0
    ],
    [
      0,
      0,
      1,
      0,
      1,
      0,
      0,
      0
    ],
    [
      0,
      0,
      0,
      1,
      0,
      1,
      0,
      0
    ],
    [
      0,
      0,
      0,
      0,
      1,
      0,
      1,
      0
    ],
    [
      0,
      0,
      0,
      0,
      0,
      1,
      0,
      1
    ],
    [
      0,
      0,
      0,
      0,
      0,
      0,
      1,
      0
    ]
  ],
  "dh_parameters": [
    [
      0.0,
      0.3157321952960881,
      0.0,
      1.5707963267948966
    ],
    [
      0.0,
      0.0,
      0.0,
      -1.5707963267948966
    ],
    [
      0.0,
      0.32877735972555117,
      0.0,
      1.5707963267948966
    ],
    [
      0.0781082049525267,
      0.0,
      0.0,
      1.5707963267948966
    ],
    [
      -0.08685572587736205,
      0.40427392408372154,
      0.0,
      -1.5707963267948966
    ],
    [
      0.0,
      0.0,
      0.0,
      1.5707963267948966
    ],
    [
      0.09336750856590348,
      0.11352640246081445,
      0.0,
      0.0
    ]
  ],
  "morphology_type": "link_scaling"
}