{
  "num_nodes": 8,
  "node_features": [
    [
      0.0,
      0.0,
      0.0,
      0.0,
      0
    ],
    [
      -3.040380629907289,
      3.0547022783025555,
      2.175,
      0.0,
      1
    ],
    [
      -2.945137245671785,
      3.0541561025660253,
      2.175,
      0.0,
      1
    ],
    [
      -3.0239659166376214,
      3.051561641318322,
      2.175,
      0.0,
      1
    ],
    [
      -2.9741420512297654,
      2.9794934995804234,
      2.175,
      0.0,
      1
    ],
    [
      -3.0673467991931975,
      2.917536748490348,
      2.175,
      0.0,
      1
    ],
    [
      -2.9408734165569292,
      2.9219963152411967,
      2.175,
      0.0,
      1
    ],
    [
      -2.9152509283012837,
      2.980260367109555,
      2.175,
      0.0,
      2
    ]
  ],
  "adjacency_matrix": [
    [
      0,
      1,
      0,
      0,
      0,
      0,
      0,
      0
    ],
    [
      1,
      0,
      1,
      0,
      0,
      0,
      0,
      0
    ],
    [
      0,
      1,
      0,
      1,
      0,
      0,
      0,
      0
    ],
    [
      0,
      0,
      1,
      0,
      1,
      0,
      0,
      0
    ],
    [
      0,
      0,
      0,
      1,
      0,
      1,
      0,
      0
    ],
    [
      0,
      0,
      0,
      0,
      1,
      0,
      1,
      0
    ],
    [
      0,
      0,
      0,
      0,
      0,
      1,
      0,
      1
    ],
    [
      0,
      0,
      0,
      0,
      0,
      0,
      1,
      0
    ]
  ],
  "dh_parameters": [
    [
      0.0,
      0.31582324101622306,
      0.0,
      1.5707963267948966
    ],
    [
      0.0,
      0.0,
      0.0,
      -1.5707963267948966
    ],
    [
      0.0,
      0.3151144854092677,
      0.0,
      1.5707963267948966
    ],
    [
      0.08017460225314992,
      0.0,
      0.0,
      1.5707963267948966
    ],
    [
      -0.0746564231320562,
      0.3474917149419343,
      0.0,
      -1.5707963267948966
    ],
    [
      0.0,
      0.0,
      0.0,
      1.5707963267948966
    ],
    [
      0.09499002867370676,
      0.11549923941007527,
      0.0,
      0.0
    ]
  ],
  "morphology_type": "link_scaling"
}