{
  "num_nodes": 8,
  "node_features": [
    [
      0.0,
      0.0,
      0.0,
      0.0,
      0
    ],
    [
      -2.9990816281234687,
      2.925712182370215,
      2.175,
      0.0,
      1
    ],
    [
      -3.002302386451711,
      3.0358055862409183,
      2.175,
      0.0,
      1
    ],
    [
      -2.967931125930726,
      2.9927918696622546,
      2.175,
      0.0,
      1
    ],
    [
      -2.963560505861257,
      2.92746267407178,
      2.175,
      0.0,
      1
    ],
    [
      -2.9891313040254,
      2.946573283517202,
      2.175,
      0.0,
      1
    ],
    [
      -3.0127910567465053,
      2.914513577736451,
      2.175,
      0.0,
      1
    ],
    [
      -2.916096675798916,
      3.0293861964329163,
      2.175,
      0.0,
      2
    ]
  ],
  "adjacency_matrix": [
    [
      0,
      1,
      0,
      0,
      0,
      0,
      0,
      0
    ],
    [
      1,
      0,
      1,
      0,
      0,
      0,
      0,
      0
    ],
    [
      0,
      1,
      0,
      1,
      0,
      0,
      0,
      0
    ],
    [
      0,
      0,
      1,
      0,
      1,
      0,
      0,
      0
    ],
    [
      0,
      0,
      0,
      1,
      0,
      1,
      0,
      0
    ],
    [
      0,
      0,
      0,
      0,
      1,
      0,
      1,
      0
    ],
    [
      0,
      0,
      0,
      0,
      0,
      1,
      0,
      1
    ],
    [
      0,
      0,
      0,
      0,
      0,
      0,
      1,
      0
    ]
  ],
  "dh_parameters": [
    [
      0.0,
      0.34201889602401475,
      0.0,
      1.5707963267948966
    ],
    [
      0.0,
      0.0,
      0.0,
      -1.5707963267948966
    ],
    [
      0.0,
      0.32437434097497103,
      0.0,
      1.5707963267948966
    ],
    [
      0.08003221152691463,
      0.0,
      0.0,
      1.5707963267948966
    ],
    [
      -0.0823026570290598,
      0.38308145817162376,
      0.0,
      -1.5707963267948966
    ],
    [
      0.0,
      0.0,
      0.0,
      1.5707963267948966
    ],
    [
      0.08272613352767016,
      0.1005874578120535,
      0.0,
      0.0
    ]
  ],
  "morphology_type": "link_scaling"
}