{
  "num_nodes": 8,
  "node_features": [
    [
      0.0,
      0.0,
      0.0,
      0.0,
      0
    ],
    [
      -3.0072835765410693,
      2.9742954749946184,
      2.175,
      0.0,
      1
    ],
    [
      -2.9692722736496773,
      2.941946293298192,
      2.175,
      0.0,
      1
    ],
    [
      -2.9649330754058734,
      3.0070712608279906,
      2.175,
      0.0,
      1
    ],
    [
      -3.0554118996752275,
      3.0409917934544763,
      2.175,
      0.0,
      1
    ],
    [
      -2.91186842939433,
      2.971161568383278,
      2.175,
      0.0,
      1
    ],
    [
      -2.9001537774504325,
      2.973116265239886,
      2.175,
      0.0,
      1
    ],
    [
      -3.0645733473620553,
      2.923369106049824,
      2.175,
      0.0,
      2
    ]
  ],
  "adjacency_matrix": [
    [
      0,
      1,
      0,
      0,
      0,
      0,
      0,
      0
    ],
    [
      1,
      0,
      1,
      0,
      0,
      0,
      0,
      0
    ],
    [
      0,
      1,
      0,
      1,
      0,
      0,
      0,
      0
    ],
    [
      0,
      0,
      1,
      0,
      1,
      0,
      0,
      0
    ],
    [
      0,
      0,
      0,
      1,
      0,
      1,
      0,
      0
    ],
    [
      0,
      0,
      0,
      0,
      1,
      0,
      1,
      0
    ],
    [
      0,
      0,
      0,
      0,
      0,
      1,
      0,
      1
    ],
    [
      0,
      0,
      0,
      0,
      0,
      0,
      1,
      0
    ]
  ],
  "dh_parameters": [
    [
      0.0,
      0.3381599674141134,
      0.0,
      1.5707963267948966
    ],
    [
      0.0,
      0.0,
      0.0,
      -1.5707963267948966
    ],
    [
      0.0,
      0.3267853790350474,
      0.0,
      1.5707963267948966
    ],
    [
      0.07779397887476018,
      0.0,
      0.0,
      1.5707963267948966
    ],
    [
      -0.08101180635952215,
      0.3770731350552304,
      0.0,
      -1.5707963267948966
    ],
    [
      0.0,
      0.0,
      0.0,
      1.5707963267948966
    ],
    [
      0.08842962290650273,
      0.10752238239767947,
      0.0,
      0.0
    ]
  ],
  "morphology_type": "link_scaling"
}