{
  "num_nodes": 8,
  "node_features": [
    [
      0.0,
      0.0,
      0.0,
      0.0,
      0
    ],
    [
      -3.0134668843700747,
      2.9463437545887983,
      2.175,
      0.0,
      1
    ],
    [
      -3.067163005580313,
      2.9263719525093608,
      2.175,
      0.0,
      1
    ],
    [
      -3.049103334397864,
      2.9509721125965687,
      2.175,
      0.0,
      1
    ],
    [
      -2.9999442276020645,
      2.905062834944465,
      2.175,
      0.0,
      1
    ],
    [
      -2.949598383997745,
      3.0657444336179442,
      2.175,
      0.0,
      1
    ],
    [
      -2.942236765343934,
      3.060093659298108,
      2.175,
      0.0,
      1
    ],
    [
      -2.956978750350077,
      3.0366368464929745,
      2.175,
      0.0,
      2
    ]
  ],
  "adjacency_matrix": [
    [
      0,
      1,
      0,
      0,
      0,
      0,
      0,
      0
    ],
    [
      1,
      0,
      1,
      0,
      0,
      0,
      0,
      0
    ],
    [
      0,
      1,
      0,
      1,
      0,
      0,
      0,
      0
    ],
    [
      0,
      0,
      1,
      0,
      1,
      0,
      0,
      0
    ],
    [
      0,
      0,
      0,
      1,
      0,
      1,
      0,
      0
    ],
    [
      0,
      0,
      0,
      0,
      1,
      0,
      1,
      0
    ],
    [
      0,
      0,
      0,
      0,
      0,
      1,
      0,
      1
    ],
    [
      0,
      0,
      0,
      0,
      0,
      0,
      1,
      0
    ]
  ],
  "dh_parameters": [
    [
      0.0,
      0.3463687242064412,
      0.0,
      1.5707963267948966
    ],
    [
      0.0,
      0.0,
      0.0,
      -1.5707963267948966
    ],
    [
      0.0,
      0.34372085269800823,
      0.0,
      1.5707963267948966
    ],
    [
      0.07949279355768661,
      0.0,
      0.0,
      1.5707963267948966
    ],
    [
      -0.0767376769638568,
      0.35717900550449716,
      0.0,
      -1.5707963267948966
    ],
    [
      0.0,
      0.0,
      0.0,
      1.5707963267948966
    ],
    [
      0.08953423719717395,
      0.1088654929556547,
      0.0,
      0.0
    ]
  ],
  "morphology_type": "link_scaling"
}