{
  "num_nodes": 8,
  "node_features": [
    [
      0.0,
      0.0,
      0.0,
      0.0,
      0
    ],
    [
      -2.9114897133167306,
      2.9236097308791185,
      2.175,
      0.0,
      1
    ],
    [
      -2.921307798177155,
      3.018722544183881,
      2.175,
      0.0,
      1
    ],
    [
      -3.032017976813327,
      2.9395106540249984,
      2.175,
      0.0,
      1
    ],
    [
      -2.9782527506467042,
      2.98019017642904,
      2.175,
      0.0,
      1
    ],
    [
      -3.035447830468598,
      2.9177739148454607,
      2.175,
      0.0,
      1
    ],
    [
      -3.0501277262447406,
      2.916605269423385,
      2.175,
      0.0,
      1
    ],
    [
      -2.90890819858008,
      2.9069155965070363,
      2.175,
      0.0,
      2
    ]
  ],
  "adjacency_matrix": [
    [
      0,
      1,
      0,
      0,
      0,
      0,
      0,
      0
    ],
    [
      1,
      0,
      1,
      0,
      0,
      0,
      0,
      0
    ],
    [
      0,
      1,
      0,
      1,
      0,
      0,
      0,
      0
    ],
    [
      0,
      0,
      1,
      0,
      1,
      0,
      0,
      0
    ],
    [
      0,
      0,
      0,
      1,
      0,
      1,
      0,
      0
    ],
    [
      0,
      0,
      0,
      0,
      1,
      0,
      1,
      0
    ],
    [
      0,
      0,
      0,
      0,
      0,
      1,
      0,
      1
    ],
    [
      0,
      0,
      0,
      0,
      0,
      0,
      1,
      0
    ]
  ],
  "dh_parameters": [
    [
      0.0,
      0.35067781896292155,
      0.0,
      1.5707963267948966
    ],
    [
      0.0,
      0.0,
      0.0,
      -1.5707963267948966
    ],
    [
      0.0,
      0.30071906169643886,
      0.0,
      1.5707963267948966
    ],
    [
      0.07473742791946962,
      0.0,
      0.0,
      1.5707963267948966
    ],
    [
      -0.07799443485184741,
      0.3630286422195079,
      0.0,
      -1.5707963267948966
    ],
    [
      0.0,
      0.0,
      0.0,
      1.5707963267948966
    ],
    [
      0.08799241409612006,
      0.10699077623050963,
      0.0,
      0.0
    ]
  ],
  "morphology_type": "link_scaling"
}