{
  "num_nodes": 8,
  "node_features": [
    [
      0.0,
      0.0,
      0.0,
      0.0,
      0
    ],
    [
      -2.984271715632052,
      2.963949916683584,
      2.175,
      0.0,
      1
    ],
    [
      -2.9714629799876313,
      3.0617923267443623,
      2.175,
      0.0,
      1
    ],
    [
      -2.9492690228517215,
      2.9689574644303907,
      2.175,
      0.0,
      1
    ],
    [
      -2.946371208412007,
      2.950035412868571,
      2.175,
      0.0,
      1
    ],
    [
      -3.00213237538373,
      2.9549444600615233,
      2.175,
      0.0,
      1
    ],
    [
      -2.959122615663288,
      3.0586846658861058,
      2.175,
      0.0,
      1
    ],
    [
      -3.0350791534959365,
      3.0193825466374316,
      2.175,
      0.0,
      2
    ]
  ],
  "adjacency_matrix": [
    [
      0,
      1,
      0,
      0,
      0,
      0,
      0,
      0
    ],
    [
      1,
      0,
      1,
      0,
      0,
      0,
      0,
      0
    ],
    [
      0,
      1,
      0,
      1,
      0,
      0,
      0,
      0
    ],
    [
      0,
      0,
      1,
      0,
      1,
      0,
      0,
      0
    ],
    [
      0,
      0,
      0,
      1,
      0,
      1,
      0,
      0
    ],
    [
      0,
      0,
      0,
      0,
      1,
      0,
      1,
      0
    ],
    [
      0,
      0,
      0,
      0,
      0,
      1,
      0,
      1
    ],
    [
      0,
      0,
      0,
      0,
      0,
      0,
      1,
      0
    ]
  ],
  "dh_parameters": [
    [
      0.0,
      0.3599702283196474,
      0.0,
      1.5707963267948966
    ],
    [
      0.0,
      0.0,
      0.0,
      -1.5707963267948966
    ],
    [
      0.0,
      0.3043192896525599,
      0.0,
      1.5707963267948966
    ],
    [
      0.08955709711873358,
      0.0,
      0.0,
      1.5707963267948966
    ],
    [
      -0.07657319010276203,
      0.356413393932856,
      0.0,
      -1.5707963267948966
    ],
    [
      0.0,
      0.0,
      0.0,
      1.5707963267948966
    ],
    [
      0.0798339061759634,
      0.09707077228213733,
      0.0,
      0.0
    ]
  ],
  "morphology_type": "link_scaling"
}