{
  "num_nodes": 8,
  "node_features": [
    [
      0.0,
      0.0,
      0.0,
      0.0,
      0
    ],
    [
      -2.907535969116361,
      3.0222561735937883,
      2.175,
      0.0,
      1
    ],
    [
      -2.9985089920403567,
      2.99754869809109,
      2.175,
      0.0,
      1
    ],
    [
      -2.93905224279084,
      3.0504370967053536,
      2.175,
      0.0,
      1
    ],
    [
      -3.0695165127987987,
      3.022371091408122,
      2.175,
      0.0,
      1
    ],
    [
      -2.965152336082718,
      2.9302550880194853,
      2.175,
      0.0,
      1
    ],
    [
      -3.054066965184493,
      2.99435688867161,
      2.175,
      0.0,
      1
    ],
    [
      -2.917158271026884,
      2.9357678827782623,
      2.175,
      0.0,
      2
    ]
  ],
  "adjacency_matrix": [
    [
      0,
      1,
      0,
      0,
      0,
      0,
      0,
      0
    ],
    [
      1,
      0,
      1,
      0,
      0,
      0,
      0,
      0
    ],
    [
      0,
      1,
      0,
      1,
      0,
      0,
      0,
      0
    ],
    [
      0,
      0,
      1,
      0,
      1,
      0,
      0,
      0
    ],
    [
      0,
      0,
      0,
      1,
      0,
      1,
      0,
      0
    ],
    [
      0,
      0,
      0,
      0,
      1,
      0,
      1,
      0
    ],
    [
      0,
      0,
      0,
      0,
      0,
      1,
      0,
      1
    ],
    [
      0,
      0,
      0,
      0,
      0,
      0,
      1,
      0
    ]
  ],
  "dh_parameters": [
    [
      0.0,
      0.35855245088661725,
      0.0,
      1.5707963267948966
    ],
    [
      0.0,
      0.0,
      0.0,
      -1.5707963267948966
    ],
    [
      0.0,
      0.3421247943928877,
      0.0,
      1.5707963267948966
    ],
    [
      0.08035482987639717,
      0.0,
      0.0,
      1.5707963267948966
    ],
    [
      -0.08195549882646459,
      0.38146559453772605,
      0.0,
      -1.5707963267948966
    ],
    [
      0.0,
      0.0,
      0.0,
      1.5707963267948966
    ],
    [
      0.08155060063821397,
      0.09915811668510108,
      0.0,
      0.0
    ]
  ],
  "morphology_type": "link_scaling"
}