{
  "num_nodes": 8,
  "node_features": [
    [
      0.0,
      0.0,
      0.0,
      0.0,
      0
    ],
    [
      -3.04800241731835,
      2.9262472482903843,
      2.175,
      0.0,
      1
    ],
    [
      -3.0645355338031557,
      3.01524323471519,
      2.175,
      0.0,
      1
    ],
    [
      -3.0518716071453555,
      3.0177076764003314,
      2.175,
      0.0,
      1
    ],
    [
      -3.0420166692110233,
      3.038046583095394,
      2.175,
      0.0,
      1
    ],
    [
      -3.0269134963988122,
      3.042294686953259,
      2.175,
      0.0,
      1
    ],
    [
      -2.983228617090252,
      2.9006382552561973,
      2.175,
      0.0,
      1
    ],
    [
      -2.918650314191823,
      3.0574236419422958,
      2.175,
      0.0,
      2
    ]
  ],
  "adjacency_matrix": [
    [
      0,
      1,
      0,
      0,
      0,
      0,
      0,
      0
    ],
    [
      1,
      0,
      1,
      0,
      0,
      0,
      0,
      0
    ],
    [
      0,
      1,
      0,
      1,
      0,
      0,
      0,
      0
    ],
    [
      0,
      0,
      1,
      0,
      1,
      0,
      0,
      0
    ],
    [
      0,
      0,
      0,
      1,
      0,
      1,
      0,
      0
    ],
    [
      0,
      0,
      0,
      0,
      1,
      0,
      1,
      0
    ],
    [
      0,
      0,
      0,
      0,
      0,
      1,
      0,
      1
    ],
    [
      0,
      0,
      0,
      0,
      0,
      0,
      1,
      0
    ]
  ],
  "dh_parameters": [
    [
      0.0,
      0.3620653508537446,
      0.0,
      1.5707963267948966
    ],
    [
      0.0,
      0.0,
      0.0,
      -1.5707963267948966
    ],
    [
      0.0,
      0.3115664874050606,
      0.0,
      1.5707963267948966
    ],
    [
      0.07771392429204133,
      0.0,
      0.0,
      1.5707963267948966
    ],
    [
      -0.07856844457847187,
      0.3657003965834327,
      0.0,
      -1.5707963267948966
    ],
    [
      0.0,
      0.0,
      0.0,
      1.5707963267948966
    ],
    [
      0.08550717967283848,
      0.10396895710220133,
      0.0,
      0.0
    ]
  ],
  "morphology_type": "link_scaling"
}