{
  "num_nodes": 8,
  "node_features": [
    [
      0.0,
      0.0,
      0.0,
      0.0,
      0
    ],
    [
      -3.0204555784303753,
      3.0136189121984573,
      2.175,
      0.0,
      1
    ],
    [
      -3.0150195820144847,
      2.970609643326246,
      2.175,
      0.0,
      1
    ],
    [
      -3.0307667125110025,
      3.0114332110839905,
      2.175,
      0.0,
      1
    ],
    [
      -2.9489262193420607,
      2.900180258917775,
      2.175,
      0.0,
      1
    ],
    [
      -3.0207591439264374,
      2.9604315368326617,
      2.175,
      0.0,
      1
    ],
    [
      -2.9031023678417993,
      3.053981856131413,
      2.175,
      0.0,
      1
    ],
    [
      -3.031032106618078,
      3.057529187060776,
      2.175,
      0.0,
      2
    ]
  ],
  "adjacency_matrix": [
    [
      0,
      1,
      0,
      0,
      0,
      0,
      0,
      0
    ],
    [
      1,
      0,
      1,
      0,
      0,
      0,
      0,
      0
    ],
    [
      0,
      1,
      0,
      1,
      0,
      0,
      0,
      0
    ],
    [
      0,
      0,
      1,
      0,
      1,
      0,
      0,
      0
    ],
    [
      0,
      0,
      0,
      1,
      0,
      1,
      0,
      0
    ],
    [
      0,
      0,
      0,
      0,
      1,
      0,
      1,
      0
    ],
    [
      0,
      0,
      0,
      0,
      0,
      1,
      0,
      1
    ],
    [
      0,
      0,
      0,
      0,
      0,
      0,
      1,
      0
    ]
  ],
  "dh_parameters": [
    [
      0.0,
      0.3331321662776063,
      0.0,
      1.5707963267948966
    ],
    [
      0.0,
      0.0,
      0.0,
      -1.5707963267948966
    ],
    [
      0.0,
      0.3301674544730239,
      0.0,
      1.5707963267948966
    ],
    [
      0.08417230650982414,
      0.0,
      0.0,
      1.5707963267948966
    ],
    [
      -0.0802745847030388,
      0.3736417033450533,
      0.0,
      -1.5707963267948966
    ],
    [
      0.0,
      0.0,
      0.0,
      1.5707963267948966
    ],
    [
      0.09021605768173564,
      0.10969452468120129,
      0.0,
      0.0
    ]
  ],
  "morphology_type": "link_scaling"
}