{
  "num_nodes": 8,
  "node_features": [
    [
      0.0,
      0.0,
      0.0,
      0.0,
      0
    ],
    [
      -2.986178792157548,
      2.9777023922878865,
      2.175,
      0.0,
      1
    ],
    [
      -3.0484884198898756,
      2.979762964342548,
      2.175,
      0.0,
      1
    ],
    [
      -3.0325989357567575,
      3.0683410062071768,
      2.175,
      0.0,
      1
    ],
    [
      -2.967996335626306,
      2.9141316607050074,
      2.175,
      0.0,
      1
    ],
    [
      -2.9398390571739847,
      3.059231065932488,
      2.175,
      0.0,
      1
    ],
    [
      -2.945118169028797,
      3.0055027500929343,
      2.175,
      0.0,
      1
    ],
    [
      -2.954867176238899,
      3.056299420536157,
      2.175,
      0.0,
      2
    ]
  ],
  "adjacency_matrix": [
    [
      0,
      1,
      0,
      0,
      0,
      0,
      0,
      0
    ],
    [
      1,
      0,
      1,
      0,
      0,
      0,
      0,
      0
    ],
    [
      0,
      1,
      0,
      1,
      0,
      0,
      0,
      0
    ],
    [
      0,
      0,
      1,
      0,
      1,
      0,
      0,
      0
    ],
    [
      0,
      0,
      0,
      1,
      0,
      1,
      0,
      0
    ],
    [
      0,
      0,
      0,
      0,
      1,
      0,
      1,
      0
    ],
    [
      0,
      0,
      0,
      0,
      0,
      1,
      0,
      1
    ],
    [
      0,
      0,
      0,
      0,
      0,
      0,
      1,
      0
    ]
  ],
  "dh_parameters": [
    [
      0.0,
      0.3406808468487384,
      0.0,
      1.5707963267948966
    ],
    [
      0.0,
      0.0,
      0.0,
      -1.5707963267948966
    ],
    [
      0.0,
      0.30144766332727235,
      0.0,
      1.5707963267948966
    ],
    [
      0.08156810076597704,
      0.0,
      0.0,
      1.5707963267948966
    ],
    [
      -0.07566512421910344,
      0.3521867600016451,
      0.0,
      -1.5707963267948966
    ],
    [
      0.0,
      0.0,
      0.0,
      1.5707963267948966
    ],
    [
      0.08820766509615986,
      0.10725250187828528,
      0.0,
      0.0
    ]
  ],
  "morphology_type": "link_scaling"
}