{
  "num_nodes": 8,
  "node_features": [
    [
      0.0,
      0.0,
      0.0,
      0.0,
      0
    ],
    [
      -3.0338711859352023,
      2.9689452521589432,
      2.175,
      0.0,
      1
    ],
    [
      -2.9906044447890654,
      2.9094422413254772,
      2.175,
      0.0,
      1
    ],
    [
      -3.027565562275763,
      2.9691302044282426,
      2.175,
      0.0,
      1
    ],
    [
      -2.973571129191293,
      2.9564102149202705,
      2.175,
      0.0,
      1
    ],
    [
      -2.9960232709688075,
      2.945768869586694,
      2.175,
      0.0,
      1
    ],
    [
      -3.0506547853665484,
      3.0192815354885982,
      2.175,
      0.0,
      1
    ],
    [
      -2.9603860207728014,
      2.9552301866092936,
      2.175,
      0.0,
      2
    ]
  ],
  "adjacency_matrix": [
    [
      0,
      1,
      0,
      0,
      0,
      0,
      0,
      0
    ],
    [
      1,
      0,
      1,
      0,
      0,
      0,
      0,
      0
    ],
    [
      0,
      1,
      0,
      1,
      0,
      0,
      0,
      0
    ],
    [
      0,
      0,
      1,
      0,
      1,
      0,
      0,
      0
    ],
    [
      0,
      0,
      0,
      1,
      0,
      1,
      0,
      0
    ],
    [
      0,
      0,
      0,
      0,
      1,
      0,
      1,
      0
    ],
    [
      0,
      0,
      0,
      0,
      0,
      1,
      0,
      1
    ],
    [
      0,
      0,
      0,
      0,
      0,
      0,
      1,
      0
    ]
  ],
  "dh_parameters": [
    [
      0.0,
      0.3352343338291479,
      0.0,
      1.5707963267948966
    ],
    [
      0.0,
      0.0,
      0.0,
      -1.5707963267948966
    ],
    [
      0.0,
      0.30532757645747144,
      0.0,
      1.5707963267948966
    ],
    [
      0.08309296766877751,
      0.0,
      0.0,
      1.5707963267948966
    ],
    [
      -0.08120376318350164,
      0.37796660681775307,
      0.0,
      -1.5707963267948966
    ],
    [
      0.0,
      0.0,
      0.0,
      1.5707963267948966
    ],
    [
      0.09329683823113534,
      0.11344047375831229,
      0.0,
      0.0
    ]
  ],
  "morphology_type": "link_scaling"
}