{
  "num_nodes": 8,
  "node_features": [
    [
      0.0,
      0.0,
      0.0,
      0.0,
      0
    ],
    [
      -2.9673377434463872,
      2.9967009354063934,
      2.175,
      0.0,
      1
    ],
    [
      -3.0307480955423793,
      2.97008866793341,
      2.175,
      0.0,
      1
    ],
    [
      -2.937567938799998,
      3.0575978895204874,
      2.175,
      0.0,
      1
    ],
    [
      -2.945144719120588,
      2.900421456372111,
      2.175,
      0.0,
      1
    ],
    [
      -3.0117848667295664,
      3.0665240647541454,
      2.175,
      0.0,
      1
    ],
    [
      -2.966056725765886,
      2.911999945079863,
      2.175,
      0.0,
      1
    ],
    [
      -2.9216997466679993,
      3.0661643400859147,
      2.175,
      0.0,
      2
    ]
  ],
  "adjacency_matrix": [
    [
      0,
      1,
      0,
      0,
      0,
      0,
      0,
      0
    ],
    [
      1,
      0,
      1,
      0,
      0,
      0,
      0,
      0
    ],
    [
      0,
      1,
      0,
      1,
      0,
      0,
      0,
      0
    ],
    [
      0,
      0,
      1,
      0,
      1,
      0,
      0,
      0
    ],
    [
      0,
      0,
      0,
      1,
      0,
      1,
      0,
      0
    ],
    [
      0,
      0,
      0,
      0,
      1,
      0,
      1,
      0
    ],
    [
      0,
      0,
      0,
      0,
      0,
      1,
      0,
      1
    ],
    [
      0,
      0,
      0,
      0,
      0,
      0,
      1,
      0
    ]
  ],
  "dh_parameters": [
    [
      0.0,
      0.3125875678087448,
      0.0,
      1.5707963267948966
    ],
    [
      0.0,
      0.0,
      0.0,
      -1.5707963267948966
    ],
    [
      0.0,
      0.29207086861797193,
      0.0,
      1.5707963267948966
    ],
    [
      0.09065314466093112,
      0.0,
      0.0,
      1.5707963267948966
    ],
    [
      -0.0859402685395858,
      0.40001288629334486,
      0.0,
      -1.5707963267948966
    ],
    [
      0.0,
      0.0,
      0.0,
      1.5707963267948966
    ],
    [
      0.096120777696771,
      0.11687412742675565,
      0.0,
      0.0
    ]
  ],
  "morphology_type": "link_scaling"
}