{
  "num_nodes": 8,
  "node_features": [
    [
      0.0,
      0.0,
      0.0,
      0.0,
      0
    ],
    [
      -2.915005764076708,
      2.9049619107544786,
      2.175,
      0.0,
      1
    ],
    [
      -3.0326119326856924,
      2.95064627991388,
      2.175,
      0.0,
      1
    ],
    [
      -2.977789296379784,
      2.98330506913055,
      2.175,
      0.0,
      1
    ],
    [
      -2.925157144030413,
      2.940133117499897,
      2.175,
      0.0,
      1
    ],
    [
      -2.909007833532831,
      3.034842732671334,
      2.175,
      0.0,
      1
    ],
    [
      -3.014548804260474,
      2.9875551002328757,
      2.175,
      0.0,
      1
    ],
    [
      -2.941406642463642,
      3.0164165002497434,
      2.175,
      0.0,
      2
    ]
  ],
  "adjacency_matrix": [
    [
      0,
      1,
      0,
      0,
      0,
      0,
      0,
      0
    ],
    [
      1,
      0,
      1,
      0,
      0,
      0,
      0,
      0
    ],
    [
      0,
      1,
      0,
      1,
      0,
      0,
      0,
      0
    ],
    [
      0,
      0,
      1,
      0,
      1,
      0,
      0,
      0
    ],
    [
      0,
      0,
      0,
      1,
      0,
      1,
      0,
      0
    ],
    [
      0,
      0,
      0,
      0,
      1,
      0,
      1,
      0
    ],
    [
      0,
      0,
      0,
      0,
      0,
      1,
      0,
      1
    ],
    [
      0,
      0,
      0,
      0,
      0,
      0,
      1,
      0
    ]
  ],
  "dh_parameters": [
    [
      0.0,
      0.30900679100965117,
      0.0,
      1.5707963267948966
    ],
    [
      0.0,
      0.0,
      0.0,
      -1.5707963267948966
    ],
    [
      0.0,
      0.31817482285630816,
      0.0,
      1.5707963267948966
    ],
    [
      0.08809669735478372,
      0.0,
      0.0,
      1.5707963267948966
    ],
    [
      -0.07485718699161727,
      0.34842617945189125,
      0.0,
      -1.5707963267948966
    ],
    [
      0.0,
      0.0,
      0.0,
      1.5707963267948966
    ],
    [
      0.08995053267648627,
      0.10937167041345491,
      0.0,
      0.0
    ]
  ],
  "morphology_type": "link_scaling"
}