{
  "num_nodes": 8,
  "node_features": [
    [
      0.0,
      0.0,
      0.0,
      0.0,
      0
    ],
    [
      -3.0003051755195145,
      2.9787418526369396,
      2.175,
      0.0,
      1
    ],
    [
      -3.0296659119827316,
      2.9949463646180163,
      2.175,
      0.0,
      1
    ],
    [
      -2.9712964779962645,
      2.9343893776670513,
      2.175,
      0.0,
      1
    ],
    [
      -3.0210217303826843,
      2.9195312047569426,
      2.175,
      0.0,
      1
    ],
    [
      -2.975213121552599,
      3.0209305810604614,
      2.175,
      0.0,
      1
    ],
    [
      -2.9614126426004463,
      2.995988897784061,
      2.175,
      0.0,
      1
    ],
    [
      -3.054784814617913,
      2.9367007745200695,
      2.175,
      0.0,
      2
    ]
  ],
  "adjacency_matrix": [
    [
      0,
      1,
      0,
      0,
      0,
      0,
      0,
      0
    ],
    [
      1,
      0,
      1,
      0,
      0,
      0,
      0,
      0
    ],
    [
      0,
      1,
      0,
      1,
      0,
      0,
      0,
      0
    ],
    [
      0,
      0,
      1,
      0,
      1,
      0,
      0,
      0
    ],
    [
      0,
      0,
      0,
      1,
      0,
      1,
      0,
      0
    ],
    [
      0,
      0,
      0,
      0,
      1,
      0,
      1,
      0
    ],
    [
      0,
      0,
      0,
      0,
      0,
      1,
      0,
      1
    ],
    [
      0,
      0,
      0,
      0,
      0,
      0,
      1,
      0
    ]
  ],
  "dh_parameters": [
    [
      0.0,
      0.3648138536330399,
      0.0,
      1.5707963267948966
    ],
    [
      0.0,
      0.0,
      0.0,
      -1.5707963267948966
    ],
    [
      0.0,
      0.29983940721633473,
      0.0,
      1.5707963267948966
    ],
    [
      0.08239977583929663,
      0.0,
      0.0,
      1.5707963267948966
    ],
    [
      -0.09040656547009793,
      0.42080146836991034,
      0.0,
      -1.5707963267948966
    ],
    [
      0.0,
      0.0,
      0.0,
      1.5707963267948966
    ],
    [
      0.09030458328302488,
      0.10980216376458707,
      0.0,
      0.0
    ]
  ],
  "morphology_type": "link_scaling"
}