{
  "num_nodes": 8,
  "node_features": [
    [
      0.0,
      0.0,
      0.0,
      0.0,
      0
    ],
    [
      -3.0287545314951583,
      3.019175016747812,
      2.175,
      0.0,
      1
    ],
    [
      -3.060111899547817,
      2.971405080461322,
      2.175,
      0.0,
      1
    ],
    [
      -2.9565909987469388,
      2.9839917711145523,
      2.175,
      0.0,
      1
    ],
    [
      -3.0532726158042633,
      2.9969304787043485,
      2.175,
      0.0,
      1
    ],
    [
      -2.9425790517407617,
      3.00331192752789,
      2.175,
      0.0,
      1
    ],
    [
      -3.0653085306193164,
      2.9302915739025237,
      2.175,
      0.0,
      1
    ],
    [
      -2.969896030659094,
      2.9460528704726023,
      2.175,
      0.0,
      2
    ]
  ],
  "adjacency_matrix": [
    [
      0,
      1,
      0,
      0,
      0,
      0,
      0,
      0
    ],
    [
      1,
      0,
      1,
      0,
      0,
      0,
      0,
      0
    ],
    [
      0,
      1,
      0,
      1,
      0,
      0,
      0,
      0
    ],
    [
      0,
      0,
      1,
      0,
      1,
      0,
      0,
      0
    ],
    [
      0,
      0,
      0,
      1,
      0,
      1,
      0,
      0
    ],
    [
      0,
      0,
      0,
      0,
      1,
      0,
      1,
      0
    ],
    [
      0,
      0,
      0,
      0,
      0,
      1,
      0,
      1
    ],
    [
      0,
      0,
      0,
      0,
      0,
      0,
      1,
      0
    ]
  ],
  "dh_parameters": [
    [
      0.0,
      0.30595464943663575,
      0.0,
      1.5707963267948966
    ],
    [
      0.0,
      0.0,
      0.0,
      -1.5707963267948966
    ],
    [
      0.0,
      0.32637453011170786,
      0.0,
      1.5707963267948966
    ],
    [
      0.08380470141784127,
      0.0,
      0.0,
      1.5707963267948966
    ],
    [
      -0.08874886420192915,
      0.41308562246716113,
      0.0,
      -1.5707963267948966
    ],
    [
      0.0,
      0.0,
      0.0,
      1.5707963267948966
    ],
    [
      0.0906111014512355,
      0.11017486199184318,
      0.0,
      0.0
    ]
  ],
  "morphology_type": "link_scaling"
}