{
  "num_nodes": 8,
  "node_features": [
    [
      0.0,
      0.0,
      0.0,
      0.0,
      0
    ],
    [
      -3.01691517397555,
      2.9030899411763205,
      2.175,
      0.0,
      1
    ],
    [
      -3.0645511736284754,
      3.056007379142325,
      2.175,
      0.0,
      1
    ],
    [
      -3.033633440235707,
      2.935567909140993,
      2.175,
      0.0,
      1
    ],
    [
      -2.9479275750616347,
      2.922250862149372,
      2.175,
      0.0,
      1
    ],
    [
      -2.909444574031454,
      3.0544102486754765,
      2.175,
      0.0,
      1
    ],
    [
      -3.022313862127297,
      2.9422224394918697,
      2.175,
      0.0,
      1
    ],
    [
      -2.9867633688355664,
      3.0454728623995426,
      2.175,
      0.0,
      2
    ]
  ],
  "adjacency_matrix": [
    [
      0,
      1,
      0,
      0,
      0,
      0,
      0,
      0
    ],
    [
      1,
      0,
      1,
      0,
      0,
      0,
      0,
      0
    ],
    [
      0,
      1,
      0,
      1,
      0,
      0,
      0,
      0
    ],
    [
      0,
      0,
      1,
      0,
      1,
      0,
      0,
      0
    ],
    [
      0,
      0,
      0,
      1,
      0,
      1,
      0,
      0
    ],
    [
      0,
      0,
      0,
      0,
      1,
      0,
      1,
      0
    ],
    [
      0,
      0,
      0,
      0,
      0,
      1,
      0,
      1
    ],
    [
      0,
      0,
      0,
      0,
      0,
      0,
      1,
      0
    ]
  ],
  "dh_parameters": [
    [
      0.0,
      0.35387717527907586,
      0.0,
      1.5707963267948966
    ],
    [
      0.0,
      0.0,
      0.0,
      -1.5707963267948966
    ],
    [
      0.0,
      0.33895586419730367,
      0.0,
      1.5707963267948966
    ],
    [
      0.08390801136056421,
      0.0,
      0.0,
      1.5707963267948966
    ],
    [
      -0.07702891747899723,
      0.35853459772042345,
      0.0,
      -1.5707963267948966
    ],
    [
      0.0,
      0.0,
      0.0,
      1.5707963267948966
    ],
    [
      0.08545438871430061,
      0.10390476809579734,
      0.0,
      0.0
    ]
  ],
  "morphology_type": "link_scaling"
}