{
  "num_nodes": 8,
  "node_features": [
    [
      0.0,
      0.0,
      0.0,
      0.0,
      0
    ],
    [
      -2.924172827876184,
      2.935796059740402,
      2.175,
      0.0,
      1
    ],
    [
      -2.9315091798168114,
      2.985957158109774,
      2.175,
      0.0,
      1
    ],
    [
      -3.034786376830247,
      2.950344825675095,
      2.175,
      0.0,
      1
    ],
    [
      -2.986435330736591,
      2.93645966986455,
      2.175,
      0.0,
      1
    ],
    [
      -2.95367014476647,
      2.9146905132443033,
      2.175,
      0.0,
      1
    ],
    [
      -2.935986345970274,
      3.0129655385392615,
      2.175,
      0.0,
      1
    ],
    [
      -2.9403973252918996,
      3.0081922000503525,
      2.175,
      0.0,
      2
    ]
  ],
  "adjacency_matrix": [
    [
      0,
      1,
      0,
      0,
      0,
      0,
      0,
      0
    ],
    [
      1,
      0,
      1,
      0,
      0,
      0,
      0,
      0
    ],
    [
      0,
      1,
      0,
      1,
      0,
      0,
      0,
      0
    ],
    [
      0,
      0,
      1,
      0,
      1,
      0,
      0,
      0
    ],
    [
      0,
      0,
      0,
      1,
      0,
      1,
      0,
      0
    ],
    [
      0,
      0,
      0,
      0,
      1,
      0,
      1,
      0
    ],
    [
      0,
      0,
      0,
      0,
      0,
      1,
      0,
      1
    ],
    [
      0,
      0,
      0,
      0,
      0,
      0,
      1,
      0
    ]
  ],
  "dh_parameters": [
    [
      0.0,
      0.35186382521799037,
      0.0,
      1.5707963267948966
    ],
    [
      0.0,
      0.0,
      0.0,
      -1.5707963267948966
    ],
    [
      0.0,
      0.28489797467251937,
      0.0,
      1.5707963267948966
    ],
    [
      0.08593749546236885,
      0.0,
      0.0,
      1.5707963267948966
    ],
    [
      -0.08345639848584445,
      0.38845160022502145,
      0.0,
      -1.5707963267948966
    ],
    [
      0.0,
      0.0,
      0.0,
      1.5707963267948966
    ],
    [
      0.09638168941869682,
      0.11719137236136999,
      0.0,
      0.0
    ]
  ],
  "morphology_type": "link_scaling"
}