{
  "num_nodes": 8,
  "node_features": [
    [
      0.0,
      0.0,
      0.0,
      0.0,
      0
    ],
    [
      -3.05863486265075,
      2.9629105906788507,
      2.175,
      0.0,
      1
    ],
    [
      -3.0448720906219613,
      2.979016445496301,
      2.175,
      0.0,
      1
    ],
    [
      -2.9205876981823597,
      3.0517519396043173,
      2.175,
      0.0,
      1
    ],
    [
      -2.972277175063516,
      3.033561813904306,
      2.175,
      0.0,
      1
    ],
    [
      -2.9538351955045004,
      2.9917252727495502,
      2.175,
      0.0,
      1
    ],
    [
      -2.997485549146007,
      3.0358337085442058,
      2.175,
      0.0,
      1
    ],
    [
      -2.9245576487556533,
      2.9817784807099703,
      2.175,
      0.0,
      2
    ]
  ],
  "adjacency_matrix": [
    [
      0,
      1,
      0,
      0,
      0,
      0,
      0,
      0
    ],
    [
      1,
      0,
      1,
      0,
      0,
      0,
      0,
      0
    ],
    [
      0,
      1,
      0,
      1,
      0,
      0,
      0,
      0
    ],
    [
      0,
      0,
      1,
      0,
      1,
      0,
      0,
      0
    ],
    [
      0,
      0,
      0,
      1,
      0,
      1,
      0,
      0
    ],
    [
      0,
      0,
      0,
      0,
      1,
      0,
      1,
      0
    ],
    [
      0,
      0,
      0,
      0,
      0,
      1,
      0,
      1
    ],
    [
      0,
      0,
      0,
      0,
      0,
      0,
      1,
      0
    ]
  ],
  "dh_parameters": [
    [
      0.0,
      0.30433264190813886,
      0.0,
      1.5707963267948966
    ],
    [
      0.0,
      0.0,
      0.0,
      -1.5707963267948966
    ],
    [
      0.0,
      0.3024408851382763,
      0.0,
      1.5707963267948966
    ],
    [
      0.07700663820912486,
      0.0,
      0.0,
      1.5707963267948966
    ],
    [
      -0.08360298551046617,
      0.3891338961941698,
      0.0,
      -1.5707963267948966
    ],
    [
      0.0,
      0.0,
      0.0,
      1.5707963267948966
    ],
    [
      0.08736226484143395,
      0.10622457202310719,
      0.0,
      0.0
    ]
  ],
  "morphology_type": "link_scaling"
}