{
  "num_nodes": 8,
  "node_features": [
    [
      0.0,
      0.0,
      0.0,
      0.0,
      0
    ],
    [
      -3.0638837325980677,
      3.034400483082801,
      2.175,
      0.0,
      1
    ],
    [
      -2.943141907328736,
      2.9785345064155817,
      2.175,
      0.0,
      1
    ],
    [
      -2.907769176910547,
      2.9794357576113115,
      2.175,
      0.0,
      1
    ],
    [
      -2.928895835758886,
      2.992878313040265,
      2.175,
      0.0,
      1
    ],
    [
      -3.029334715631908,
      3.0591149453897506,
      2.175,
      0.0,
      1
    ],
    [
      -2.921224472837366,
      3.0127759509887433,
      2.175,
      0.0,
      1
    ],
    [
      -2.93275551546278,
      2.9695291851085694,
      2.175,
      0.0,
      2
    ]
  ],
  "adjacency_matrix": [
    [
      0,
      1,
      0,
      0,
      0,
      0,
      0,
      0
    ],
    [
      1,
      0,
      1,
      0,
      0,
      0,
      0,
      0
    ],
    [
      0,
      1,
      0,
      1,
      0,
      0,
      0,
      0
    ],
    [
      0,
      0,
      1,
      0,
      1,
      0,
      0,
      0
    ],
    [
      0,
      0,
      0,
      1,
      0,
      1,
      0,
      0
    ],
    [
      0,
      0,
      0,
      0,
      1,
      0,
      1,
      0
    ],
    [
      0,
      0,
      0,
      0,
      0,
      1,
      0,
      1
    ],
    [
      0,
      0,
      0,
      0,
      0,
      0,
      1,
      0
    ]
  ],
  "dh_parameters": [
    [
      0.0,
      0.3032670037440996,
      0.0,
      1.5707963267948966
    ],
    [
      0.0,
      0.0,
      0.0,
      -1.5707963267948966
    ],
    [
      0.0,
      0.3119946488256099,
      0.0,
      1.5707963267948966
    ],
    [
      0.07864453751931395,
      0.0,
      0.0,
      1.5707963267948966
    ],
    [
      -0.07492573426212265,
      0.34874523583824363,
      0.0,
      -1.5707963267948966
    ],
    [
      0.0,
      0.0,
      0.0,
      1.5707963267948966
    ],
    [
      0.07926248690482746,
      0.09637597839564248,
      0.0,
      0.0
    ]
  ],
  "morphology_type": "link_scaling"
}