{
  "num_nodes": 8,
  "node_features": [
    [
      0.0,
      0.0,
      0.0,
      0.0,
      0
    ],
    [
      -3.0031027353431474,
      3.0235725019038475,
      2.175,
      0.0,
      1
    ],
    [
      -3.0007134878775696,
      3.0609895774627236,
      2.175,
      0.0,
      1
    ],
    [
      -2.9192291964505244,
      3.002628507410595,
      2.175,
      0.0,
      1
    ],
    [
      -2.97092299449581,
      2.9851717089195824,
      2.175,
      0.0,
      1
    ],
    [
      -2.9463618283592408,
      3.0491983512092196,
      2.175,
      0.0,
      1
    ],
    [
      -2.906024652043316,
      3.017452445127126,
      2.175,
      0.0,
      1
    ],
    [
      -3.027184762418978,
      3.0441090509137116,
      2.175,
      0.0,
      2
    ]
  ],
  "adjacency_matrix": [
    [
      0,
      1,
      0,
      0,
      0,
      0,
      0,
      0
    ],
    [
      1,
      0,
      1,
      0,
      0,
      0,
      0,
      0
    ],
    [
      0,
      1,
      0,
      1,
      0,
      0,
      0,
      0
    ],
    [
      0,
      0,
      1,
      0,
      1,
      0,
      0,
      0
    ],
    [
      0,
      0,
      0,
      1,
      0,
      1,
      0,
      0
    ],
    [
      0,
      0,
      0,
      0,
      1,
      0,
      1,
      0
    ],
    [
      0,
      0,
      0,
      0,
      0,
      1,
      0,
      1
    ],
    [
      0,
      0,
      0,
      0,
      0,
      0,
      1,
      0
    ]
  ],
  "dh_parameters": [
    [
      0.0,
      0.3354447701169274,
      0.0,
      1.5707963267948966
    ],
    [
      0.0,
      0.0,
      0.0,
      -1.5707963267948966
    ],
    [
      0.0,
      0.30389769427751634,
      0.0,
      1.5707963267948966
    ],
    [
      0.07580029165980454,
      0.0,
      0.0,
      1.5707963267948966
    ],
    [
      -0.08797437075600993,
      0.4094807075188826,
      0.0,
      -1.5707963267948966
    ],
    [
      0.0,
      0.0,
      0.0,
      1.5707963267948966
    ],
    [
      0.08557104988308718,
      0.10404661747148101,
      0.0,
      0.0
    ]
  ],
  "morphology_type": "link_scaling"
}