{
  "num_nodes": 8,
  "node_features": [
    [
      0.0,
      0.0,
      0.0,
      0.0,
      0
    ],
    [
      -3.053235687113947,
      2.9566220282483595,
      2.175,
      0.0,
      1
    ],
    [
      -3.045198769650729,
      3.038418229828502,
      2.175,
      0.0,
      1
    ],
    [
      -2.9706684636053784,
      2.9812910574451683,
      2.175,
      0.0,
      1
    ],
    [
      -3.0635923124677844,
      3.0189862068457947,
      2.175,
      0.0,
      1
    ],
    [
      -2.9311474196670173,
      3.027544681558654,
      2.175,
      0.0,
      1
    ],
    [
      -3.0222417956789087,
      2.9973439832764415,
      2.175,
      0.0,
      1
    ],
    [
      -3.007163641532349,
      2.9046546763514116,
      2.175,
      0.0,
      2
    ]
  ],
  "adjacency_matrix": [
    [
      0,
      1,
      0,
      0,
      0,
      0,
      0,
      0
    ],
    [
      1,
      0,
      1,
      0,
      0,
      0,
      0,
      0
    ],
    [
      0,
      1,
      0,
      1,
      0,
      0,
      0,
      0
    ],
    [
      0,
      0,
      1,
      0,
      1,
      0,
      0,
      0
    ],
    [
      0,
      0,
      0,
      1,
      0,
      1,
      0,
      0
    ],
    [
      0,
      0,
      0,
      0,
      1,
      0,
      1,
      0
    ],
    [
      0,
      0,
      0,
      0,
      0,
      1,
      0,
      1
    ],
    [
      0,
      0,
      0,
      0,
      0,
      0,
      1,
      0
    ]
  ],
  "dh_parameters": [
    [
      0.0,
      0.35673452878140355,
      0.0,
      1.5707963267948966
    ],
    [
      0.0,
      0.0,
      0.0,
      -1.5707963267948966
    ],
    [
      0.0,
      0.32925917174252517,
      0.0,
      1.5707963267948966
    ],
    [
      0.07527267125971457,
      0.0,
      0.0,
      1.5707963267948966
    ],
    [
      -0.08615728826254472,
      0.40102301445838995,
      0.0,
      -1.5707963267948966
    ],
    [
      0.0,
      0.0,
      0.0,
      1.5707963267948966
    ],
    [
      0.09304392751464055,
      0.11313295731893795,
      0.0,
      0.0
    ]
  ],
  "morphology_type": "link_scaling"
}