{
  "num_nodes": 8,
  "node_features": [
    [
      0.0,
      0.0,
      0.0,
      0.0,
      0
    ],
    [
      -2.9256880434191683,
      2.958478595669037,
      2.175,
      0.0,
      1
    ],
    [
      -2.997455866126428,
      2.956109205450027,
      2.175,
      0.0,
      1
    ],
    [
      -2.964831077128794,
      2.9006075594435203,
      2.175,
      0.0,
      1
    ],
    [
      -3.033245267478752,
      3.0274564294822572,
      2.175,
      0.0,
      1
    ],
    [
      -3.0542709680365543,
      3.0344280070520933,
      2.175,
      0.0,
      1
    ],
    [
      -3.0525766650928814,
      2.9371524208777435,
      2.175,
      0.0,
      1
    ],
    [
      -2.9963639476206865,
      2.9205266299087684,
      2.175,
      0.0,
      2
    ]
  ],
  "adjacency_matrix": [
    [
      0,
      1,
      0,
      0,
      0,
      0,
      0,
      0
    ],
    [
      1,
      0,
      1,
      0,
      0,
      0,
      0,
      0
    ],
    [
      0,
      1,
      0,
      1,
      0,
      0,
      0,
      0
    ],
    [
      0,
      0,
      1,
      0,
      1,
      0,
      0,
      0
    ],
    [
      0,
      0,
      0,
      1,
      0,
      1,
      0,
      0
    ],
    [
      0,
      0,
      0,
      0,
      1,
      0,
      1,
      0
    ],
    [
      0,
      0,
      0,
      0,
      0,
      1,
      0,
      1
    ],
    [
      0,
      0,
      0,
      0,
      0,
      0,
      1,
      0
    ]
  ],
  "dh_parameters": [
    [
      0.0,
      0.3351246034957605,
      0.0,
      1.5707963267948966
    ],
    [
      0.0,
      0.0,
      0.0,
      -1.5707963267948966
    ],
    [
      0.0,
      0.30836732163546204,
      0.0,
      1.5707963267948966
    ],
    [
      0.08044332276045218,
      0.0,
      0.0,
      1.5707963267948966
    ],
    [
      -0.07804321340523467,
      0.3632556842134559,
      0.0,
      -1.5707963267948966
    ],
    [
      0.0,
      0.0,
      0.0,
      1.5707963267948966
    ],
    [
      0.08235682732730769,
      0.10013841504570367,
      0.0,
      0.0
    ]
  ],
  "morphology_type": "link_scaling"
}