{
  "num_nodes": 8,
  "node_features": [
    [
      0.0,
      0.0,
      0.0,
      0.0,
      0
    ],
    [
      -2.921827427098568,
      2.993401745110223,
      2.175,
      0.0,
      1
    ],
    [
      -2.981333257785875,
      2.9874163239361398,
      2.175,
      0.0,
      1
    ],
    [
      -2.9763525603526912,
      3.0478258278331767,
      2.175,
      0.0,
      1
    ],
    [
      -3.0177395206940645,
      2.981384482052861,
      2.175,
      0.0,
      1
    ],
    [
      -2.903280541711958,
      2.923874987782489,
      2.175,
      0.0,
      1
    ],
    [
      -3.0318257366684174,
      3.0379455277289575,
      2.175,
      0.0,
      1
    ],
    [
      -3.051548753089187,
      3.0614974852640864,
      2.175,
      0.0,
      2
    ]
  ],
  "adjacency_matrix": [
    [
      0,
      1,
      0,
      0,
      0,
      0,
      0,
      0
    ],
    [
      1,
      0,
      1,
      0,
      0,
      0,
      0,
      0
    ],
    [
      0,
      1,
      0,
      1,
      0,
      0,
      0,
      0
    ],
    [
      0,
      0,
      1,
      0,
      1,
      0,
      0,
      0
    ],
    [
      0,
      0,
      0,
      1,
      0,
      1,
      0,
      0
    ],
    [
      0,
      0,
      0,
      0,
      1,
      0,
      1,
      0
    ],
    [
      0,
      0,
      0,
      0,
      0,
      1,
      0,
      1
    ],
    [
      0,
      0,
      0,
      0,
      0,
      0,
      1,
      0
    ]
  ],
  "dh_parameters": [
    [
      0.0,
      0.32875482675398393,
      0.0,
      1.5707963267948966
    ],
    [
      0.0,
      0.0,
      0.0,
      -1.5707963267948966
    ],
    [
      0.0,
      0.3177652244330928,
      0.0,
      1.5707963267948966
    ],
    [
      0.08923697920677265,
      0.0,
      0.0,
      1.5707963267948966
    ],
    [
      -0.08101716959716636,
      0.37709809848862885,
      0.0,
      -1.5707963267948966
    ],
    [
      0.0,
      0.0,
      0.0,
      1.5707963267948966
    ],
    [
      0.09032423863113215,
      0.10982606288103568,
      0.0,
      0.0
    ]
  ],
  "morphology_type": "link_scaling"
}