{
  "num_nodes": 8,
  "node_features": [
    [
      0.0,
      0.0,
      0.0,
      0.0,
      0
    ],
    [
      -2.931950874471299,
      2.9173129590216473,
      2.175,
      0.0,
      1
    ],
    [
      -2.9716488987422642,
      2.94990198247518,
      2.175,
      0.0,
      1
    ],
    [
      -3.0563628294203697,
      2.9071566093768952,
      2.175,
      0.0,
      1
    ],
    [
      -2.9138242222661694,
      2.9754546683404923,
      2.175,
      0.0,
      1
    ],
    [
      -2.916001246816626,
      2.904724756022702,
      2.175,
      0.0,
      1
    ],
    [
      -2.9418956032245123,
      3.0495932049742165,
      2.175,
      0.0,
      1
    ],
    [
      -3.038009454723626,
      3.02368926008125,
      2.175,
      0.0,
      2
    ]
  ],
  "adjacency_matrix": [
    [
      0,
      1,
      0,
      0,
      0,
      0,
      0,
      0
    ],
    [
      1,
      0,
      1,
      0,
      0,
      0,
      0,
      0
    ],
    [
      0,
      1,
      0,
      1,
      0,
      0,
      0,
      0
    ],
    [
      0,
      0,
      1,
      0,
      1,
      0,
      0,
      0
    ],
    [
      0,
      0,
      0,
      1,
      0,
      1,
      0,
      0
    ],
    [
      0,
      0,
      0,
      0,
      1,
      0,
      1,
      0
    ],
    [
      0,
      0,
      0,
      0,
      0,
      1,
      0,
      1
    ],
    [
      0,
      0,
      0,
      0,
      0,
      0,
      1,
      0
    ]
  ],
  "dh_parameters": [
    [
      0.0,
      0.3524310888974102,
      0.0,
      1.5707963267948966
    ],
    [
      0.0,
      0.0,
      0.0,
      -1.5707963267948966
    ],
    [
      0.0,
      0.3153827363179666,
      0.0,
      1.5707963267948966
    ],
    [
      0.08664648681360491,
      0.0,
      0.0,
      1.5707963267948966
    ],
    [
      -0.08512854402838459,
      0.39623467765939,
      0.0,
      -1.5707963267948966
    ],
    [
      0.0,
      0.0,
      0.0,
      1.5707963267948966
    ],
    [
      0.08556753980839094,
      0.10404234953974807,
      0.0,
      0.0
    ]
  ],
  "morphology_type": "link_scaling"
}