{
  "num_nodes": 8,
  "node_features": [
    [
      0.0,
      0.0,
      0.0,
      0.0,
      0
    ],
    [
      -2.9780895419914963,
      2.9626856945822415,
      2.175,
      0.0,
      1
    ],
    [
      -2.9494480682718627,
      2.9678493001387727,
      2.175,
      0.0,
      1
    ],
    [
      -2.98573670159146,
      3.040392343389475,
      2.175,
      0.0,
      1
    ],
    [
      -2.9414504637133736,
      2.903999206595905,
      2.175,
      0.0,
      1
    ],
    [
      -2.9214367732141766,
      2.9008324996219583,
      2.175,
      0.0,
      1
    ],
    [
      -2.928815058419442,
      3.06724112777533,
      2.175,
      0.0,
      1
    ],
    [
      -3.0077192421191197,
      2.9643674527508295,
      2.175,
      0.0,
      2
    ]
  ],
  "adjacency_matrix": [
    [
      0,
      1,
      0,
      0,
      0,
      0,
      0,
      0
    ],
    [
      1,
      0,
      1,
      0,
      0,
      0,
      0,
      0
    ],
    [
      0,
      1,
      0,
      1,
      0,
      0,
      0,
      0
    ],
    [
      0,
      0,
      1,
      0,
      1,
      0,
      0,
      0
    ],
    [
      0,
      0,
      0,
      1,
      0,
      1,
      0,
      0
    ],
    [
      0,
      0,
      0,
      0,
      1,
      0,
      1,
      0
    ],
    [
      0,
      0,
      0,
      0,
      0,
      1,
      0,
      1
    ],
    [
      0,
      0,
      0,
      0,
      0,
      0,
      1,
      0
    ]
  ],
  "dh_parameters": [
    [
      0.0,
      0.35099268838894954,
      0.0,
      1.5707963267948966
    ],
    [
      0.0,
      0.0,
      0.0,
      -1.5707963267948966
    ],
    [
      0.0,
      0.29193552297196895,
      0.0,
      1.5707963267948966
    ],
    [
      0.0837799438086068,
      0.0,
      0.0,
      1.5707963267948966
    ],
    [
      -0.07867207432034658,
      0.36618274592743133,
      0.0,
      -1.5707963267948966
    ],
    [
      0.0,
      0.0,
      0.0,
      1.5707963267948966
    ],
    [
      0.09227044540664721,
      0.11219247339217332,
      0.0,
      0.0
    ]
  ],
  "morphology_type": "link_scaling"
}