{
  "num_nodes": 8,
  "node_features": [
    [
      0.0,
      0.0,
      0.0,
      0.0,
      0
    ],
    [
      -2.9396962354729834,
      3.022859991653876,
      2.175,
      0.0,
      1
    ],
    [
      -2.9628808927868486,
      2.9775157084194626,
      2.175,
      0.0,
      1
    ],
    [
      -2.9194938884454626,
      2.9899946411860707,
      2.175,
      0.0,
      1
    ],
    [
      -2.97196391552614,
      3.0325853738855604,
      2.175,
      0.0,
      1
    ],
    [
      -2.920327112251808,
      2.9074654364168326,
      2.175,
      0.0,
      1
    ],
    [
      -3.0542611964591866,
      3.05509750902232,
      2.175,
      0.0,
      1
    ],
    [
      -3.040078108831796,
      2.9229290595746424,
      2.175,
      0.0,
      2
    ]
  ],
  "adjacency_matrix": [
    [
      0,
      1,
      0,
      0,
      0,
      0,
      0,
      0
    ],
    [
      1,
      0,
      1,
      0,
      0,
      0,
      0,
      0
    ],
    [
      0,
      1,
      0,
      1,
      0,
      0,
      0,
      0
    ],
    [
      0,
      0,
      1,
      0,
      1,
      0,
      0,
      0
    ],
    [
      0,
      0,
      0,
      1,
      0,
      1,
      0,
      0
    ],
    [
      0,
      0,
      0,
      0,
      1,
      0,
      1,
      0
    ],
    [
      0,
      0,
      0,
      0,
      0,
      1,
      0,
      1
    ],
    [
      0,
      0,
      0,
      0,
      0,
      0,
      1,
      0
    ]
  ],
  "dh_parameters": [
    [
      0.0,
      0.32115354039839267,
      0.0,
      1.5707963267948966
    ],
    [
      0.0,
      0.0,
      0.0,
      -1.5707963267948966
    ],
    [
      0.0,
      0.2963849496200337,
      0.0,
      1.5707963267948966
    ],
    [
      0.08095659555681518,
      0.0,
      0.0,
      1.5707963267948966
    ],
    [
      -0.08680700862533958,
      0.4040471674197624,
      0.0,
      -1.5707963267948966
    ],
    [
      0.0,
      0.0,
      0.0,
      1.5707963267948966
    ],
    [
      0.08383538620444053,
      0.10193620822585384,
      0.0,
      0.0
    ]
  ],
  "morphology_type": "link_scaling"
}