{
  "num_nodes": 8,
  "node_features": [
    [
      0.0,
      0.0,
      0.0,
      0.0,
      0
    ],
    [
      -2.9100577754649954,
      2.9379093827030136,
      2.175,
      0.0,
      1
    ],
    [
      -3.0608524246575857,
      2.9169666520635134,
      2.175,
      0.0,
      1
    ],
    [
      -3.015828031189445,
      2.9254765673386935,
      2.175,
      0.0,
      1
    ],
    [
      -2.9577111665427047,
      3.0177649991674906,
      2.175,
      0.0,
      1
    ],
    [
      -2.9291219391568397,
      2.9421805906141927,
      2.175,
      0.0,
      1
    ],
    [
      -2.94198974535244,
      2.992816823611076,
      2.175,
      0.0,
      1
    ],
    [
      -3.0640658109980894,
      2.954222299195023,
      2.175,
      0.0,
      2
    ]
  ],
  "adjacency_matrix": [
    [
      0,
      1,
      0,
      0,
      0,
      0,
      0,
      0
    ],
    [
      1,
      0,
      1,
      0,
      0,
      0,
      0,
      0
    ],
    [
      0,
      1,
      0,
      1,
      0,
      0,
      0,
      0
    ],
    [
      0,
      0,
      1,
      0,
      1,
      0,
      0,
      0
    ],
    [
      0,
      0,
      0,
      1,
      0,
      1,
      0,
      0
    ],
    [
      0,
      0,
      0,
      0,
      1,
      0,
      1,
      0
    ],
    [
      0,
      0,
      0,
      0,
      0,
      1,
      0,
      1
    ],
    [
      0,
      0,
      0,
      0,
      0,
      0,
      1,
      0
    ]
  ],
  "dh_parameters": [
    [
      0.0,
      0.30478851227952053,
      0.0,
      1.5707963267948966
    ],
    [
      0.0,
      0.0,
      0.0,
      -1.5707963267948966
    ],
    [
      0.0,
      0.30533552273903775,
      0.0,
      1.5707963267948966
    ],
    [
      0.07917221983117709,
      0.0,
      0.0,
      1.5707963267948966
    ],
    [
      -0.08397485426192831,
      0.39086477620097543,
      0.0,
      -1.5707963267948966
    ],
    [
      0.0,
      0.0,
      0.0,
      1.5707963267948966
    ],
    [
      0.08930581336996668,
      0.10858775034757313,
      0.0,
      0.0
    ]
  ],
  "morphology_type": "link_scaling"
}