{
  "num_nodes": 8,
  "node_features": [
    [
      0.0,
      0.0,
      0.0,
      0.0,
      0
    ],
    [
      -2.991306544470844,
      2.9847843656296376,
      2.175,
      0.0,
      1
    ],
    [
      -3.037895928225926,
      2.900398700758643,
      2.175,
      0.0,
      1
    ],
    [
      -2.985220142764149,
      3.0678764518991155,
      2.175,
      0.0,
      1
    ],
    [
      -3.0030875597044515,
      2.9169867694439726,
      2.175,
      0.0,
      1
    ],
    [
      -2.940941819416939,
      2.9899690806774486,
      2.175,
      0.0,
      1
    ],
    [
      -2.9552980521646752,
      2.963023631050633,
      2.175,
      0.0,
      1
    ],
    [
      -2.954744884551594,
      3.0069021583195243,
      2.175,
      0.0,
      2
    ]
  ],
  "adjacency_matrix": [
    [
      0,
      1,
      0,
      0,
      0,
      0,
      0,
      0
    ],
    [
      1,
      0,
      1,
      0,
      0,
      0,
      0,
      0
    ],
    [
      0,
      1,
      0,
      1,
      0,
      0,
      0,
      0
    ],
    [
      0,
      0,
      1,
      0,
      1,
      0,
      0,
      0
    ],
    [
      0,
      0,
      0,
      1,
      0,
      1,
      0,
      0
    ],
    [
      0,
      0,
      0,
      0,
      1,
      0,
      1,
      0
    ],
    [
      0,
      0,
      0,
      0,
      0,
      1,
      0,
      1
    ],
    [
      0,
      0,
      0,
      0,
      0,
      0,
      1,
      0
    ]
  ],
  "dh_parameters": [
    [
      0.0,
      0.3494682658072939,
      0.0,
      1.5707963267948966
    ],
    [
      0.0,
      0.0,
      0.0,
      -1.5707963267948966
    ],
    [
      0.0,
      0.30606310311838963,
      0.0,
      1.5707963267948966
    ],
    [
      0.08110872743821668,
      0.0,
      0.0,
      1.5707963267948966
    ],
    [
      -0.08979043519853748,
      0.4179336620150108,
      0.0,
      -1.5707963267948966
    ],
    [
      0.0,
      0.0,
      0.0,
      1.5707963267948966
    ],
    [
      0.08093081382270742,
      0.09840451226170108,
      0.0,
      0.0
    ]
  ],
  "morphology_type": "link_scaling"
}