{
  "num_nodes": 8,
  "node_features": [
    [
      0.0,
      0.0,
      0.0,
      0.0,
      0
    ],
    [
      -2.9956992892358807,
      2.9122070945651704,
      2.175,
      0.0,
      1
    ],
    [
      -2.9706958420178,
      2.9947168778993762,
      2.175,
      0.0,
      1
    ],
    [
      -3.033495356051121,
      2.9670106743598557,
      2.175,
      0.0,
      1
    ],
    [
      -2.9772268901226004,
      2.9036120459671597,
      2.175,
      0.0,
      1
    ],
    [
      -2.9295317752999654,
      2.9922541526844353,
      2.175,
      0.0,
      1
    ],
    [
      -2.9347792069042264,
      3.039174679990942,
      2.175,
      0.0,
      1
    ],
    [
      -3.0142128502456504,
      3.0010366563770488,
      2.175,
      0.0,
      2
    ]
  ],
  "adjacency_matrix": [
    [
      0,
      1,
      0,
      0,
      0,
      0,
      0,
      0
    ],
    [
      1,
      0,
      1,
      0,
      0,
      0,
      0,
      0
    ],
    [
      0,
      1,
      0,
      1,
      0,
      0,
      0,
      0
    ],
    [
      0,
      0,
      1,
      0,
      1,
      0,
      0,
      0
    ],
    [
      0,
      0,
      0,
      1,
      0,
      1,
      0,
      0
    ],
    [
      0,
      0,
      0,
      0,
      1,
      0,
      1,
      0
    ],
    [
      0,
      0,
      0,
      0,
      0,
      1,
      0,
      1
    ],
    [
      0,
      0,
      0,
      0,
      0,
      0,
      1,
      0
    ]
  ],
  "dh_parameters": [
    [
      0.0,
      0.33448346982286065,
      0.0,
      1.5707963267948966
    ],
    [
      0.0,
      0.0,
      0.0,
      -1.5707963267948966
    ],
    [
      0.0,
      0.33212261569648316,
      0.0,
      1.5707963267948966
    ],
    [
      0.08345400995982245,
      0.0,
      0.0,
      1.5707963267948966
    ],
    [
      -0.07718287609853182,
      0.3592512051131663,
      0.0,
      -1.5707963267948966
    ],
    [
      0.0,
      0.0,
      0.0,
      1.5707963267948966
    ],
    [
      0.08134584378295603,
      0.098909150963367,
      0.0,
      0.0
    ]
  ],
  "morphology_type": "link_scaling"
}