{
  "num_nodes": 8,
  "node_features": [
    [
      0.0,
      0.0,
      0.0,
      0.0,
      0
    ],
    [
      -2.9666052847132853,
      2.919906988749381,
      2.175,
      0.0,
      1
    ],
    [
      -3.0160874652473133,
      2.9054376554738415,
      2.175,
      0.0,
      1
    ],
    [
      -2.919236023255364,
      2.9312447945352678,
      2.175,
      0.0,
      1
    ],
    [
      -3.0504976005154703,
      2.9121915345155567,
      2.175,
      0.0,
      1
    ],
    [
      -3.0403233876860885,
      2.94315916932261,
      2.175,
      0.0,
      1
    ],
    [
      -2.948979217917457,
      2.9958836680565453,
      2.175,
      0.0,
      1
    ],
    [
      -3.0413851049564373,
      3.042450002468943,
      2.175,
      0.0,
      2
    ]
  ],
  "adjacency_matrix": [
    [
      0,
      1,
      0,
      0,
      0,
      0,
      0,
      0
    ],
    [
      1,
      0,
      1,
      0,
      0,
      0,
      0,
      0
    ],
    [
      0,
      1,
      0,
      1,
      0,
      0,
      0,
      0
    ],
    [
      0,
      0,
      1,
      0,
      1,
      0,
      0,
      0
    ],
    [
      0,
      0,
      0,
      1,
      0,
      1,
      0,
      0
    ],
    [
      0,
      0,
      0,
      0,
      1,
      0,
      1,
      0
    ],
    [
      0,
      0,
      0,
      0,
      0,
      1,
      0,
      1
    ],
    [
      0,
      0,
      0,
      0,
      0,
      0,
      1,
      0
    ]
  ],
  "dh_parameters": [
    [
      0.0,
      0.31373364146010935,
      0.0,
      1.5707963267948966
    ],
    [
      0.0,
      0.0,
      0.0,
      -1.5707963267948966
    ],
    [
      0.0,
      0.2907568949128593,
      0.0,
      1.5707963267948966
    ],
    [
      0.08139507486896912,
      0.0,
      0.0,
      1.5707963267948966
    ],
    [
      -0.07701686193882322,
      0.3584784846607044,
      0.0,
      -1.5707963267948966
    ],
    [
      0.0,
      0.0,
      0.0,
      1.5707963267948966
    ],
    [
      0.08653326924291818,
      0.10521658873854825,
      0.0,
      0.0
    ]
  ],
  "morphology_type": "link_scaling"
}