{
  "num_nodes": 8,
  "node_features": [
    [
      0.0,
      0.0,
      0.0,
      0.0,
      0
    ],
    [
      -2.980197110563822,
      2.961380525984068,
      2.175,
      0.0,
      1
    ],
    [
      -2.9484206132321624,
      2.969373620458196,
      2.175,
      0.0,
      1
    ],
    [
      -2.936258422616844,
      2.934930509358026,
      2.175,
      0.0,
      1
    ],
    [
      -2.997859953371266,
      2.9765592926606597,
      2.175,
      0.0,
      1
    ],
    [
      -3.0289030429787185,
      2.9136107018619612,
      2.175,
      0.0,
      1
    ],
    [
      -2.972928520946089,
      2.9059233309503534,
      2.175,
      0.0,
      1
    ],
    [
      -3.0422176938153447,
      2.9577999865054934,
      2.175,
      0.0,
      2
    ]
  ],
  "adjacency_matrix": [
    [
      0,
      1,
      0,
      0,
      0,
      0,
      0,
      0
    ],
    [
      1,
      0,
      1,
      0,
      0,
      0,
      0,
      0
    ],
    [
      0,
      1,
      0,
      1,
      0,
      0,
      0,
      0
    ],
    [
      0,
      0,
      1,
      0,
      1,
      0,
      0,
      0
    ],
    [
      0,
      0,
      0,
      1,
      0,
      1,
      0,
      0
    ],
    [
      0,
      0,
      0,
      0,
      1,
      0,
      1,
      0
    ],
    [
      0,
      0,
      0,
      0,
      0,
      1,
      0,
      1
    ],
    [
      0,
      0,
      0,
      0,
      0,
      0,
      1,
      0
    ]
  ],
  "dh_parameters": [
    [
      0.0,
      0.3117582849934769,
      0.0,
      1.5707963267948966
    ],
    [
      0.0,
      0.0,
      0.0,
      -1.5707963267948966
    ],
    [
      0.0,
      0.3384664957519349,
      0.0,
      1.5707963267948966
    ],
    [
      0.07932729734710493,
      0.0,
      0.0,
      1.5707963267948966
    ],
    [
      -0.0802154231125957,
      0.37336633303317274,
      0.0,
      -1.5707963267948966
    ],
    [
      0.0,
      0.0,
      0.0,
      1.5707963267948966
    ],
    [
      0.09167099492424197,
      0.11146359610106693,
      0.0,
      0.0
    ]
  ],
  "morphology_type": "link_scaling"
}