{
  "num_nodes": 8,
  "node_features": [
    [
      0.0,
      0.0,
      0.0,
      0.0,
      0
    ],
    [
      -2.991410090121483,
      3.0051993231304808,
      2.175,
      0.0,
      1
    ],
    [
      -2.9820886032916456,
      2.9436465691042577,
      2.175,
      0.0,
      1
    ],
    [
      -3.011489922256929,
      3.0572265062203776,
      2.175,
      0.0,
      1
    ],
    [
      -3.0322616516315075,
      3.0035332570784012,
      2.175,
      0.0,
      1
    ],
    [
      -3.030855547022895,
      2.9923961042775584,
      2.175,
      0.0,
      1
    ],
    [
      -2.908516150322808,
      3.025818229110601,
      2.175,
      0.0,
      1
    ],
    [
      -3.0420793298800333,
      3.0396044181790196,
      2.175,
      0.0,
      2
    ]
  ],
  "adjacency_matrix": [
    [
      0,
      1,
      0,
      0,
      0,
      0,
      0,
      0
    ],
    [
      1,
      0,
      1,
      0,
      0,
      0,
      0,
      0
    ],
    [
      0,
      1,
      0,
      1,
      0,
      0,
      0,
      0
    ],
    [
      0,
      0,
      1,
      0,
      1,
      0,
      0,
      0
    ],
    [
      0,
      0,
      0,
      1,
      0,
      1,
      0,
      0
    ],
    [
      0,
      0,
      0,
      0,
      1,
      0,
      1,
      0
    ],
    [
      0,
      0,
      0,
      0,
      0,
      1,
      0,
      1
    ],
    [
      0,
      0,
      0,
      0,
      0,
      0,
      1,
      0
    ]
  ],
  "dh_parameters": [
    [
      0.0,
      0.3265366635288145,
      0.0,
      1.5707963267948966
    ],
    [
      0.0,
      0.0,
      0.0,
      -1.5707963267948966
    ],
    [
      0.0,
      0.32462719784204425,
      0.0,
      1.5707963267948966
    ],
    [
      0.08303783335225108,
      0.0,
      0.0,
      1.5707963267948966
    ],
    [
      -0.08700700802731358,
      0.40497807372713224,
      0.0,
      -1.5707963267948966
    ],
    [
      0.0,
      0.0,
      0.0,
      1.5707963267948966
    ],
    [
      0.08579467718982146,
      0.10431852794671474,
      0.0,
      0.0
    ]
  ],
  "morphology_type": "link_scaling"
}