{
  "num_nodes": 8,
  "node_features": [
    [
      0.0,
      0.0,
      0.0,
      0.0,
      0
    ],
    [
      -3.0558339346616035,
      2.9130855849520834,
      2.175,
      0.0,
      1
    ],
    [
      -3.0433975931121884,
      2.951394138883266,
      2.175,
      0.0,
      1
    ],
    [
      -2.958142630610824,
      3.03019173296977,
      2.175,
      0.0,
      1
    ],
    [
      -2.9487547914398218,
      3.02157478389737,
      2.175,
      0.0,
      1
    ],
    [
      -2.9786001152657633,
      2.9561121621063675,
      2.175,
      0.0,
      1
    ],
    [
      -2.915809826565695,
      2.9012423401411587,
      2.175,
      0.0,
      1
    ],
    [
      -3.0383084561768547,
      3.0362485053352795,
      2.175,
      0.0,
      2
    ]
  ],
  "adjacency_matrix": [
    [
      0,
      1,
      0,
      0,
      0,
      0,
      0,
      0
    ],
    [
      1,
      0,
      1,
      0,
      0,
      0,
      0,
      0
    ],
    [
      0,
      1,
      0,
      1,
      0,
      0,
      0,
      0
    ],
    [
      0,
      0,
      1,
      0,
      1,
      0,
      0,
      0
    ],
    [
      0,
      0,
      0,
      1,
      0,
      1,
      0,
      0
    ],
    [
      0,
      0,
      0,
      0,
      1,
      0,
      1,
      0
    ],
    [
      0,
      0,
      0,
      0,
      0,
      1,
      0,
      1
    ],
    [
      0,
      0,
      0,
      0,
      0,
      0,
      1,
      0
    ]
  ],
  "dh_parameters": [
    [
      0.0,
      0.3163265425738765,
      0.0,
      1.5707963267948966
    ],
    [
      0.0,
      0.0,
      0.0,
      -1.5707963267948966
    ],
    [
      0.0,
      0.2918706317396418,
      0.0,
      1.5707963267948966
    ],
    [
      0.0774159681034668,
      0.0,
      0.0,
      1.5707963267948966
    ],
    [
      -0.07712178047301892,
      0.3589668327471426,
      0.0,
      -1.5707963267948966
    ],
    [
      0.0,
      0.0,
      0.0,
      1.5707963267948966
    ],
    [
      0.09208398295792608,
      0.11196575200566013,
      0.0,
      0.0
    ]
  ],
  "morphology_type": "link_scaling"
}