{
  "num_nodes": 8,
  "node_features": [
    [
      0.0,
      0.0,
      0.0,
      0.0,
      0
    ],
    [
      -2.9451087602427997,
      3.026937130051926,
      2.175,
      0.0,
      1
    ],
    [
      -3.041369153353872,
      2.9105115132573767,
      2.175,
      0.0,
      1
    ],
    [
      -3.0519015272594663,
      2.9428288205217346,
      2.175,
      0.0,
      1
    ],
    [
      -2.904172345453688,
      2.958135914220364,
      2.175,
      0.0,
      1
    ],
    [
      -2.9547374874370647,
      2.9522357176038727,
      2.175,
      0.0,
      1
    ],
    [
      -3.0501801560909563,
      3.055499978291145,
      2.175,
      0.0,
      1
    ],
    [
      -3.015419187956415,
      3.0151146761562075,
      2.175,
      0.0,
      2
    ]
  ],
  "adjacency_matrix": [
    [
      0,
      1,
      0,
      0,
      0,
      0,
      0,
      0
    ],
    [
      1,
      0,
      1,
      0,
      0,
      0,
      0,
      0
    ],
    [
      0,
      1,
      0,
      1,
      0,
      0,
      0,
      0
    ],
    [
      0,
      0,
      1,
      0,
      1,
      0,
      0,
      0
    ],
    [
      0,
      0,
      0,
      1,
      0,
      1,
      0,
      0
    ],
    [
      0,
      0,
      0,
      0,
      1,
      0,
      1,
      0
    ],
    [
      0,
      0,
      0,
      0,
      0,
      1,
      0,
      1
    ],
    [
      0,
      0,
      0,
      0,
      0,
      0,
      1,
      0
    ]
  ],
  "dh_parameters": [
    [
      0.0,
      0.36555082839330616,
      0.0,
      1.5707963267948966
    ],
    [
      0.0,
      0.0,
      0.0,
      -1.5707963267948966
    ],
    [
      0.0,
      0.34208056668491577,
      0.0,
      1.5707963267948966
    ],
    [
      0.07761394916468035,
      0.0,
      0.0,
      1.5707963267948966
    ],
    [
      -0.07928976592392076,
      0.3690578195731584,
      0.0,
      -1.5707963267948966
    ],
    [
      0.0,
      0.0,
      0.0,
      1.5707963267948966
    ],
    [
      0.08379406052292243,
      0.10188595995400797,
      0.0,
      0.0
    ]
  ],
  "morphology_type": "link_scaling"
}