{
  "num_nodes": 8,
  "node_features": [
    [
      0.0,
      0.0,
      0.0,
      0.0,
      0
    ],
    [
      -2.962769427038016,
      2.9871301525976004,
      2.175,
      0.0,
      1
    ],
    [
      -2.930411404177092,
      3.023664533450258,
      2.175,
      0.0,
      1
    ],
    [
      -3.00686739721153,
      2.938891404159035,
      2.175,
      0.0,
      1
    ],
    [
      -2.912606950320892,
      3.057314707195699,
      2.175,
      0.0,
      1
    ],
    [
      -2.9246572276733622,
      2.9080292185574517,
      2.175,
      0.0,
      1
    ],
    [
      -3.0038587249025355,
      2.9038599051099614,
      2.175,
      0.0,
      1
    ],
    [
      -3.067953850345061,
      2.9001186508271504,
      2.175,
      0.0,
      2
    ]
  ],
  "adjacency_matrix": [
    [
      0,
      1,
      0,
      0,
      0,
      0,
      0,
      0
    ],
    [
      1,
      0,
      1,
      0,
      0,
      0,
      0,
      0
    ],
    [
      0,
      1,
      0,
      1,
      0,
      0,
      0,
      0
    ],
    [
      0,
      0,
      1,
      0,
      1,
      0,
      0,
      0
    ],
    [
      0,
      0,
      0,
      1,
      0,
      1,
      0,
      0
    ],
    [
      0,
      0,
      0,
      0,
      1,
      0,
      1,
      0
    ],
    [
      0,
      0,
      0,
      0,
      0,
      1,
      0,
      1
    ],
    [
      0,
      0,
      0,
      0,
      0,
      0,
      1,
      0
    ]
  ],
  "dh_parameters": [
    [
      0.0,
      0.35429390566120755,
      0.0,
      1.5707963267948966
    ],
    [
      0.0,
      0.0,
      0.0,
      -1.5707963267948966
    ],
    [
      0.0,
      0.3392964105226348,
      0.0,
      1.5707963267948966
    ],
    [
      0.08042484935984515,
      0.0,
      0.0,
      1.5707963267948966
    ],
    [
      -0.09025986894627094,
      0.42011866273173387,
      0.0,
      -1.5707963267948966
    ],
    [
      0.0,
      0.0,
      0.0,
      1.5707963267948966
    ],
    [
      0.09467374872898154,
      0.11511467175001165,
      0.0,
      0.0
    ]
  ],
  "morphology_type": "link_scaling"
}