{
  "num_nodes": 8,
  "node_features": [
    [
      0.0,
      0.0,
      0.0,
      0.0,
      0
    ],
    [
      -2.923784363849653,
      3.065440155071586,
      2.175,
      0.0,
      1
    ],
    [
      -2.953481709233908,
      2.926814073549615,
      2.175,
      0.0,
      1
    ],
    [
      -2.9146206441975626,
      2.9273580121218425,
      2.175,
      0.0,
      1
    ],
    [
      -2.9638936902374264,
      2.950424458768642,
      2.175,
      0.0,
      1
    ],
    [
      -3.0520608649785816,
      3.060748344819339,
      2.175,
      0.0,
      1
    ],
    [
      -2.9092630044002825,
      3.0480579375839154,
      2.175,
      0.0,
      1
    ],
    [
      -2.9811446554878795,
      2.9150192320452524,
      2.175,
      0.0,
      2
    ]
  ],
  "adjacency_matrix": [
    [
      0,
      1,
      0,
      0,
      0,
      0,
      0,
      0
    ],
    [
      1,
      0,
      1,
      0,
      0,
      0,
      0,
      0
    ],
    [
      0,
      1,
      0,
      1,
      0,
      0,
      0,
      0
    ],
    [
      0,
      0,
      1,
      0,
      1,
      0,
      0,
      0
    ],
    [
      0,
      0,
      0,
      1,
      0,
      1,
      0,
      0
    ],
    [
      0,
      0,
      0,
      0,
      1,
      0,
      1,
      0
    ],
    [
      0,
      0,
      0,
      0,
      0,
      1,
      0,
      1
    ],
    [
      0,
      0,
      0,
      0,
      0,
      0,
      1,
      0
    ]
  ],
  "dh_parameters": [
    [
      0.0,
      0.3227541754216515,
      0.0,
      1.5707963267948966
    ],
    [
      0.0,
      0.0,
      0.0,
      -1.5707963267948966
    ],
    [
      0.0,
      0.34398247584556174,
      0.0,
      1.5707963267948966
    ],
    [
      0.08945006448625903,
      0.0,
      0.0,
      1.5707963267948966
    ],
    [
      -0.07520090086063085,
      0.35002601127857264,
      0.0,
      -1.5707963267948966
    ],
    [
      0.0,
      0.0,
      0.0,
      1.5707963267948966
    ],
    [
      0.09079117091881823,
      0.11039381009447218,
      0.0,
      0.0
    ]
  ],
  "morphology_type": "link_scaling"
}