{
  "num_nodes": 8,
  "node_features": [
    [
      0.0,
      0.0,
      0.0,
      0.0,
      0
    ],
    [
      -2.9016725125482337,
      3.0361992948583905,
      2.175,
      0.0,
      1
    ],
    [
      -2.989603817721722,
      3.0089954960269463,
      2.175,
      0.0,
      1
    ],
    [
      -2.9855749156098854,
      2.978881101256721,
      2.175,
      0.0,
      1
    ],
    [
      -3.066261975686127,
      3.0360072887149054,
      2.175,
      0.0,
      1
    ],
    [
      -2.9970627686725364,
      2.959129485483689,
      2.175,
      0.0,
      1
    ],
    [
      -3.068180442598742,
      2.908458583129667,
      2.175,
      0.0,
      1
    ],
    [
      -3.061852873945339,
      2.9104226421546264,
      2.175,
      0.0,
      2
    ]
  ],
  "adjacency_matrix": [
    [
      0,
      1,
      0,
      0,
      0,
      0,
      0,
      0
    ],
    [
      1,
      0,
      1,
      0,
      0,
      0,
      0,
      0
    ],
    [
      0,
      1,
      0,
      1,
      0,
      0,
      0,
      0
    ],
    [
      0,
      0,
      1,
      0,
      1,
      0,
      0,
      0
    ],
    [
      0,
      0,
      0,
      1,
      0,
      1,
      0,
      0
    ],
    [
      0,
      0,
      0,
      0,
      1,
      0,
      1,
      0
    ],
    [
      0,
      0,
      0,
      0,
      0,
      1,
      0,
      1
    ],
    [
      0,
      0,
      0,
      0,
      0,
      0,
      1,
      0
    ]
  ],
  "dh_parameters": [
    [
      0.0,
      0.32782038350102466,
      0.0,
      1.5707963267948966
    ],
    [
      0.0,
      0.0,
      0.0,
      -1.5707963267948966
    ],
    [
      0.0,
      0.31849270053991147,
      0.0,
      1.5707963267948966
    ],
    [
      0.08618858212204679,
      0.0,
      0.0,
      1.5707963267948966
    ],
    [
      -0.0823520626064838,
      0.3833114186774519,
      0.0,
      -1.5707963267948966
    ],
    [
      0.0,
      0.0,
      0.0,
      1.5707963267948966
    ],
    [
      0.08419837937083866,
      0.10237757491681519,
      0.0,
      0.0
    ]
  ],
  "morphology_type": "link_scaling"
}