{
  "num_nodes": 8,
  "node_features": [
    [
      0.0,
      0.0,
      0.0,
      0.0,
      0
    ],
    [
      -2.935827900197562,
      2.9245819730312617,
      2.175,
      0.0,
      1
    ],
    [
      -3.0623125661571593,
      2.9475786810748787,
      2.175,
      0.0,
      1
    ],
    [
      -2.9262986517965346,
      3.010969416780705,
      2.175,
      0.0,
      1
    ],
    [
      -2.9266511925059446,
      2.915681183588737,
      2.175,
      0.0,
      1
    ],
    [
      -2.9342625278134293,
      2.9290101951038783,
      2.175,
      0.0,
      1
    ],
    [
      -2.902486013832582,
      2.967499696739877,
      2.175,
      0.0,
      1
    ],
    [
      -3.0064555277035545,
      3.03135833251773,
      2.175,
      0.0,
      2
    ]
  ],
  "adjacency_matrix": [
    [
      0,
      1,
      0,
      0,
      0,
      0,
      0,
      0
    ],
    [
      1,
      0,
      1,
      0,
      0,
      0,
      0,
      0
    ],
    [
      0,
      1,
      0,
      1,
      0,
      0,
      0,
      0
    ],
    [
      0,
      0,
      1,
      0,
      1,
      0,
      0,
      0
    ],
    [
      0,
      0,
      0,
      1,
      0,
      1,
      0,
      0
    ],
    [
      0,
      0,
      0,
      0,
      1,
      0,
      1,
      0
    ],
    [
      0,
      0,
      0,
      0,
      0,
      1,
      0,
      1
    ],
    [
      0,
      0,
      0,
      0,
      0,
      0,
      1,
      0
    ]
  ],
  "dh_parameters": [
    [
      0.0,
      0.3422152126728263,
      0.0,
      1.5707963267948966
    ],
    [
      0.0,
      0.0,
      0.0,
      -1.5707963267948966
    ],
    [
      0.0,
      0.31863920368674925,
      0.0,
      1.5707963267948966
    ],
    [
      0.08734938142889395,
      0.0,
      0.0,
      1.5707963267948966
    ],
    [
      -0.07683993564736419,
      0.3576549731950042,
      0.0,
      -1.5707963267948966
    ],
    [
      0.0,
      0.0,
      0.0,
      1.5707963267948966
    ],
    [
      0.09429970537444685,
      0.11465986903483878,
      0.0,
      0.0
    ]
  ],
  "morphology_type": "link_scaling"
}