{
  "num_nodes": 8,
  "node_features": [
    [
      0.0,
      0.0,
      0.0,
      0.0,
      0
    ],
    [
      -2.9575293392994157,
      2.9602615187645385,
      2.175,
      0.0,
      1
    ],
    [
      -2.9189166465088787,
      3.0267590706196,
      2.175,
      0.0,
      1
    ],
    [
      -2.978758828517754,
      2.9478726170421137,
      2.175,
      0.0,
      1
    ],
    [
      -2.947619109726374,
      2.956283077751851,
      2.175,
      0.0,
      1
    ],
    [
      -3.0374631895288013,
      2.945876630450005,
      2.175,
      0.0,
      1
    ],
    [
      -2.985093889492412,
      2.930380525237538,
      2.175,
      0.0,
      1
    ],
    [
      -2.9216097650241664,
      2.992291829642107,
      2.175,
      0.0,
      2
    ]
  ],
  "adjacency_matrix": [
    [
      0,
      1,
      0,
      0,
      0,
      0,
      0,
      0
    ],
    [
      1,
      0,
      1,
      0,
      0,
      0,
      0,
      0
    ],
    [
      0,
      1,
      0,
      1,
      0,
      0,
      0,
      0
    ],
    [
      0,
      0,
      1,
      0,
      1,
      0,
      0,
      0
    ],
    [
      0,
      0,
      0,
      1,
      0,
      1,
      0,
      0
    ],
    [
      0,
      0,
      0,
      0,
      1,
      0,
      1,
      0
    ],
    [
      0,
      0,
      0,
      0,
      0,
      1,
      0,
      1
    ],
    [
      0,
      0,
      0,
      0,
      0,
      0,
      1,
      0
    ]
  ],
  "dh_parameters": [
    [
      0.0,
      0.3395432427563587,
      0.0,
      1.5707963267948966
    ],
    [
      0.0,
      0.0,
      0.0,
      -1.5707963267948966
    ],
    [
      0.0,
      0.29894506312924923,
      0.0,
      1.5707963267948966
    ],
    [
      0.08130983353464138,
      0.0,
      0.0,
      1.5707963267948966
    ],
    [
      -0.08504795278412207,
      0.3958595620497318,
      0.0,
      -1.5707963267948966
    ],
    [
      0.0,
      0.0,
      0.0,
      1.5707963267948966
    ],
    [
      0.08823119371864803,
      0.10728111054426522,
      0.0,
      0.0
    ]
  ],
  "morphology_type": "link_scaling"
}