{
  "num_nodes": 8,
  "node_features": [
    [
      0.0,
      0.0,
      0.0,
      0.0,
      0
    ],
    [
      -2.902899039625972,
      2.9950725411313304,
      2.175,
      0.0,
      1
    ],
    [
      -2.9950479951205367,
      3.046410909842782,
      2.175,
      0.0,
      1
    ],
    [
      -2.9370996323764844,
      2.9673569801325534,
      2.175,
      0.0,
      1
    ],
    [
      -2.9737199718874923,
      3.00987294667535,
      2.175,
      0.0,
      1
    ],
    [
      -3.049380030286266,
      3.0274606464022225,
      2.175,
      0.0,
      1
    ],
    [
      -3.0282123515902715,
      2.9809302551664913,
      2.175,
      0.0,
      1
    ],
    [
      -2.9906534677474848,
      2.918420962977623,
      2.175,
      0.0,
      2
    ]
  ],
  "adjacency_matrix": [
    [
      0,
      1,
      0,
      0,
      0,
      0,
      0,
      0
    ],
    [
      1,
      0,
      1,
      0,
      0,
      0,
      0,
      0
    ],
    [
      0,
      1,
      0,
      1,
      0,
      0,
      0,
      0
    ],
    [
      0,
      0,
      1,
      0,
      1,
      0,
      0,
      0
    ],
    [
      0,
      0,
      0,
      1,
      0,
      1,
      0,
      0
    ],
    [
      0,
      0,
      0,
      0,
      1,
      0,
      1,
      0
    ],
    [
      0,
      0,
      0,
      0,
      0,
      1,
      0,
      1
    ],
    [
      0,
      0,
      0,
      0,
      0,
      0,
      1,
      0
    ]
  ],
  "dh_parameters": [
    [
      0.0,
      0.3028601644974884,
      0.0,
      1.5707963267948966
    ],
    [
      0.0,
      0.0,
      0.0,
      -1.5707963267948966
    ],
    [
      0.0,
      0.296877433458237,
      0.0,
      1.5707963267948966
    ],
    [
      0.09031985186034666,
      0.0,
      0.0,
      1.5707963267948966
    ],
    [
      -0.08746422155915771,
      0.40710619489353406,
      0.0,
      -1.5707963267948966
    ],
    [
      0.0,
      0.0,
      0.0,
      1.5707963267948966
    ],
    [
      0.09250131827132685,
      0.1124731938071815,
      0.0,
      0.0
    ]
  ],
  "morphology_type": "link_scaling"
}