{
  "num_nodes": 8,
  "node_features": [
    [
      0.0,
      0.0,
      0.0,
      0.0,
      0
    ],
    [
      -2.989431771385721,
      2.9962180407071077,
      2.175,
      0.0,
      1
    ],
    [
      -2.9143495588457546,
      2.9925117648208865,
      2.175,
      0.0,
      1
    ],
    [
      -3.031448548427783,
      2.994376888755552,
      2.175,
      0.0,
      1
    ],
    [
      -2.9477128713584606,
      2.943745998421788,
      2.175,
      0.0,
      1
    ],
    [
      -3.0642149265635807,
      3.000629946662545,
      2.175,
      0.0,
      1
    ],
    [
      -3.0104397348394314,
      3.0627618236379277,
      2.175,
      0.0,
      1
    ],
    [
      -3.035964641944572,
      2.9709608997838837,
      2.175,
      0.0,
      2
    ]
  ],
  "adjacency_matrix": [
    [
      0,
      1,
      0,
      0,
      0,
      0,
      0,
      0
    ],
    [
      1,
      0,
      1,
      0,
      0,
      0,
      0,
      0
    ],
    [
      0,
      1,
      0,
      1,
      0,
      0,
      0,
      0
    ],
    [
      0,
      0,
      1,
      0,
      1,
      0,
      0,
      0
    ],
    [
      0,
      0,
      0,
      1,
      0,
      1,
      0,
      0
    ],
    [
      0,
      0,
      0,
      0,
      1,
      0,
      1,
      0
    ],
    [
      0,
      0,
      0,
      0,
      0,
      1,
      0,
      1
    ],
    [
      0,
      0,
      0,
      0,
      0,
      0,
      1,
      0
    ]
  ],
  "dh_parameters": [
    [
      0.0,
      0.326704684800613,
      0.0,
      1.5707963267948966
    ],
    [
      0.0,
      0.0,
      0.0,
      -1.5707963267948966
    ],
    [
      0.0,
      0.29429000694451785,
      0.0,
      1.5707963267948966
    ],
    [
      0.08360635083679331,
      0.0,
      0.0,
      1.5707963267948966
    ],
    [
      -0.07800265275816542,
      0.3630668928380063,
      0.0,
      -1.5707963267948966
    ],
    [
      0.0,
      0.0,
      0.0,
      1.5707963267948966
    ],
    [
      0.08051508619434374,
      0.0978990252590316,
      0.0,
      0.0
    ]
  ],
  "morphology_type": "link_scaling"
}