{
  "num_nodes": 8,
  "node_features": [
    [
      0.0,
      0.0,
      0.0,
      0.0,
      0
    ],
    [
      -2.9248361921281765,
      2.961408553516209,
      2.175,
      0.0,
      1
    ],
    [
      -2.989735578445959,
      2.927232751520536,
      2.175,
      0.0,
      1
    ],
    [
      -2.944724442146256,
      3.0312962011686766,
      2.175,
      0.0,
      1
    ],
    [
      -2.986930264717981,
      3.0313727653004707,
      2.175,
      0.0,
      1
    ],
    [
      -2.954902276655147,
      3.0002508668897527,
      2.175,
      0.0,
      1
    ],
    [
      -2.9142554337799824,
      3.0061772887786664,
      2.175,
      0.0,
      1
    ],
    [
      -2.943940927281668,
      3.046579196650404,
      2.175,
      0.0,
      2
    ]
  ],
  "adjacency_matrix": [
    [
      0,
      1,
      0,
      0,
      0,
      0,
      0,
      0
    ],
    [
      1,
      0,
      1,
      0,
      0,
      0,
      0,
      0
    ],
    [
      0,
      1,
      0,
      1,
      0,
      0,
      0,
      0
    ],
    [
      0,
      0,
      1,
      0,
      1,
      0,
      0,
      0
    ],
    [
      0,
      0,
      0,
      1,
      0,
      1,
      0,
      0
    ],
    [
      0,
      0,
      0,
      0,
      1,
      0,
      1,
      0
    ],
    [
      0,
      0,
      0,
      0,
      0,
      1,
      0,
      1
    ],
    [
      0,
      0,
      0,
      0,
      0,
      0,
      1,
      0
    ]
  ],
  "dh_parameters": [
    [
      0.0,
      0.3514830923327209,
      0.0,
      1.5707963267948966
    ],
    [
      0.0,
      0.0,
      0.0,
      -1.5707963267948966
    ],
    [
      0.0,
      0.325709894543331,
      0.0,
      1.5707963267948966
    ],
    [
      0.07498666822449047,
      0.0,
      0.0,
      1.5707963267948966
    ],
    [
      -0.08301180674282387,
      0.3863822277484165,
      0.0,
      -1.5707963267948966
    ],
    [
      0.0,
      0.0,
      0.0,
      1.5707963267948966
    ],
    [
      0.09442844893100154,
      0.1148164094956496,
      0.0,
      0.0
    ]
  ],
  "morphology_type": "link_scaling"
}