{
  "num_nodes": 8,
  "node_features": [
    [
      0.0,
      0.0,
      0.0,
      0.0,
      0
    ],
    [
      -3.027887920577006,
      2.93815254476839,
      2.175,
      0.0,
      1
    ],
    [
      -2.9595811012098485,
      2.9978615874860877,
      2.175,
      0.0,
      1
    ],
    [
      -3.0442845608520073,
      2.9978094243253324,
      2.175,
      0.0,
      1
    ],
    [
      -3.025263200612202,
      2.9281278550612018,
      2.175,
      0.0,
      1
    ],
    [
      -2.996969244673849,
      3.04570946900809,
      2.175,
      0.0,
      1
    ],
    [
      -2.9109284845321843,
      3.0698642387467854,
      2.175,
      0.0,
      1
    ],
    [
      -2.9833228634401436,
      3.056073582558536,
      2.175,
      0.0,
      2
    ]
  ],
  "adjacency_matrix": [
    [
      0,
      1,
      0,
      0,
      0,
      0,
      0,
      0
    ],
    [
      1,
      0,
      1,
      0,
      0,
      0,
      0,
      0
    ],
    [
      0,
      1,
      0,
      1,
      0,
      0,
      0,
      0
    ],
    [
      0,
      0,
      1,
      0,
      1,
      0,
      0,
      0
    ],
    [
      0,
      0,
      0,
      1,
      0,
      1,
      0,
      0
    ],
    [
      0,
      0,
      0,
      0,
      1,
      0,
      1,
      0
    ],
    [
      0,
      0,
      0,
      0,
      0,
      1,
      0,
      1
    ],
    [
      0,
      0,
      0,
      0,
      0,
      0,
      1,
      0
    ]
  ],
  "dh_parameters": [
    [
      0.0,
      0.31219143168580427,
      0.0,
      1.5707963267948966
    ],
    [
      0.0,
      0.0,
      0.0,
      -1.5707963267948966
    ],
    [
      0.0,
      0.2914059129433261,
      0.0,
      1.5707963267948966
    ],
    [
      0.09007742408447195,
      0.0,
      0.0,
      1.5707963267948966
    ],
    [
      -0.07634994867597353,
      0.35537430656453134,
      0.0,
      -1.5707963267948966
    ],
    [
      0.0,
      0.0,
      0.0,
      1.5707963267948966
    ],
    [
      0.09625304126564134,
      0.11703494790254118,
      0.0,
      0.0
    ]
  ],
  "morphology_type": "link_scaling"
}