{
  "num_nodes": 8,
  "node_features": [
    [
      0.0,
      0.0,
      0.0,
      0.0,
      0
    ],
    [
      -3.009353049335868,
      2.958769917966555,
      2.175,
      0.0,
      1
    ],
    [
      -3.066073008443831,
      2.9227197312325863,
      2.175,
      0.0,
      1
    ],
    [
      -2.9650030835724293,
      3.0280704903888034,
      2.175,
      0.0,
      1
    ],
    [
      -3.0417934110425078,
      3.035503368053134,
      2.175,
      0.0,
      1
    ],
    [
      -3.054027007151989,
      2.9475879028433982,
      2.175,
      0.0,
      1
    ],
    [
      -2.906950773648975,
      2.93855947231853,
      2.175,
      0.0,
      1
    ],
    [
      -2.9949683280636874,
      2.919983789349203,
      2.175,
      0.0,
      2
    ]
  ],
  "adjacency_matrix": [
    [
      0,
      1,
      0,
      0,
      0,
      0,
      0,
      0
    ],
    [
      1,
      0,
      1,
      0,
      0,
      0,
      0,
      0
    ],
    [
      0,
      1,
      0,
      1,
      0,
      0,
      0,
      0
    ],
    [
      0,
      0,
      1,
      0,
      1,
      0,
      0,
      0
    ],
    [
      0,
      0,
      0,
      1,
      0,
      1,
      0,
      0
    ],
    [
      0,
      0,
      0,
      0,
      1,
      0,
      1,
      0
    ],
    [
      0,
      0,
      0,
      0,
      0,
      1,
      0,
      1
    ],
    [
      0,
      0,
      0,
      0,
      0,
      0,
      1,
      0
    ]
  ],
  "dh_parameters": [
    [
      0.0,
      0.31405698893969336,
      0.0,
      1.5707963267948966
    ],
    [
      0.0,
      0.0,
      0.0,
      -1.5707963267948966
    ],
    [
      0.0,
      0.30158216266361526,
      0.0,
      1.5707963267948966
    ],
    [
      0.07470657614830127,
      0.0,
      0.0,
      1.5707963267948966
    ],
    [
      -0.07590850287524545,
      0.35331957701932426,
      0.0,
      -1.5707963267948966
    ],
    [
      0.0,
      0.0,
      0.0,
      1.5707963267948966
    ],
    [
      0.08818714535103159,
      0.1072275517336407,
      0.0,
      0.0
    ]
  ],
  "morphology_type": "link_scaling"
}