{
  "num_nodes": 8,
  "node_features": [
    [
      0.0,
      0.0,
      0.0,
      0.0,
      0
    ],
    [
      -3.0308250229597267,
      3.0196395462362977,
      2.175,
      0.0,
      1
    ],
    [
      -2.995859714235486,
      2.984438038976902,
      2.175,
      0.0,
      1
    ],
    [
      -3.024204380222219,
      2.984087715363829,
      2.175,
      0.0,
      1
    ],
    [
      -3.0004640449190783,
      2.917238585965003,
      2.175,
      0.0,
      1
    ],
    [
      -2.927309141086106,
      2.9646446595411344,
      2.175,
      0.0,
      1
    ],
    [
      -2.9564386935340545,
      2.9916687743263113,
      2.175,
      0.0,
      1
    ],
    [
      -2.9108302591645914,
      2.903818966486125,
      2.175,
      0.0,
      2
    ]
  ],
  "adjacency_matrix": [
    [
      0,
      1,
      0,
      0,
      0,
      0,
      0,
      0
    ],
    [
      1,
      0,
      1,
      0,
      0,
      0,
      0,
      0
    ],
    [
      0,
      1,
      0,
      1,
      0,
      0,
      0,
      0
    ],
    [
      0,
      0,
      1,
      0,
      1,
      0,
      0,
      0
    ],
    [
      0,
      0,
      0,
      1,
      0,
      1,
      0,
      0
    ],
    [
      0,
      0,
      0,
      0,
      1,
      0,
      1,
      0
    ],
    [
      0,
      0,
      0,
      0,
      0,
      1,
      0,
      1
    ],
    [
      0,
      0,
      0,
      0,
      0,
      0,
      1,
      0
    ]
  ],
  "dh_parameters": [
    [
      0.0,
      0.31604478432532274,
      0.0,
      1.5707963267948966
    ],
    [
      0.0,
      0.0,
      0.0,
      -1.5707963267948966
    ],
    [
      0.0,
      0.2895386353716383,
      0.0,
      1.5707963267948966
    ],
    [
      0.0856120721284751,
      0.0,
      0.0,
      1.5707963267948966
    ],
    [
      -0.08655323730277223,
      0.4028659772638125,
      0.0,
      -1.5707963267948966
    ],
    [
      0.0,
      0.0,
      0.0,
      1.5707963267948966
    ],
    [
      0.0894040848546095,
      0.10870723953912746,
      0.0,
      0.0
    ]
  ],
  "morphology_type": "link_scaling"
}