{
  "num_nodes": 8,
  "node_features": [
    [
      0.0,
      0.0,
      0.0,
      0.0,
      0
    ],
    [
      -3.025353033050932,
      2.943545020608266,
      2.175,
      0.0,
      1
    ],
    [
      -3.0385101401170544,
      2.972631512595404,
      2.175,
      0.0,
      1
    ],
    [
      -3.041680643121427,
      2.9941376748560633,
      2.175,
      0.0,
      1
    ],
    [
      -3.0243445507484763,
      3.0698941080404123,
      2.175,
      0.0,
      1
    ],
    [
      -2.9542174810594903,
      2.985615419910993,
      2.175,
      0.0,
      1
    ],
    [
      -3.0579934414039536,
      2.9255942656308864,
      2.175,
      0.0,
      1
    ],
    [
      -2.9780868869517705,
      3.0433840483515797,
      2.175,
      0.0,
      2
    ]
  ],
  "adjacency_matrix": [
    [
      0,
      1,
      0,
      0,
      0,
      0,
      0,
      0
    ],
    [
      1,
      0,
      1,
      0,
      0,
      0,
      0,
      0
    ],
    [
      0,
      1,
      0,
      1,
      0,
      0,
      0,
      0
    ],
    [
      0,
      0,
      1,
      0,
      1,
      0,
      0,
      0
    ],
    [
      0,
      0,
      0,
      1,
      0,
      1,
      0,
      0
    ],
    [
      0,
      0,
      0,
      0,
      1,
      0,
      1,
      0
    ],
    [
      0,
      0,
      0,
      0,
      0,
      1,
      0,
      1
    ],
    [
      0,
      0,
      0,
      0,
      0,
      0,
      1,
      0
    ]
  ],
  "dh_parameters": [
    [
      0.0,
      0.35726206839849256,
      0.0,
      1.5707963267948966
    ],
    [
      0.0,
      0.0,
      0.0,
      -1.5707963267948966
    ],
    [
      0.0,
      0.34601113655150323,
      0.0,
      1.5707963267948966
    ],
    [
      0.07522867153993133,
      0.0,
      0.0,
      1.5707963267948966
    ],
    [
      -0.0894450994377968,
      0.41632628101956326,
      0.0,
      -1.5707963267948966
    ],
    [
      0.0,
      0.0,
      0.0,
      1.5707963267948966
    ],
    [
      0.08127901776284616,
      0.09882789659800613,
      0.0,
      0.0
    ]
  ],
  "morphology_type": "link_scaling"
}