{
  "num_nodes": 8,
  "node_features": [
    [
      0.0,
      0.0,
      0.0,
      0.0,
      0
    ],
    [
      -3.066910544935513,
      2.9095867015649053,
      2.175,
      0.0,
      1
    ],
    [
      -2.9760031610287547,
      3.0564843656009373,
      2.175,
      0.0,
      1
    ],
    [
      -2.9624927690024907,
      2.9757284966360946,
      2.175,
      0.0,
      1
    ],
    [
      -2.9269572108875246,
      3.006921712440147,
      2.175,
      0.0,
      1
    ],
    [
      -2.945587629568104,
      3.041643141624886,
      2.175,
      0.0,
      1
    ],
    [
      -2.9938056400498665,
      2.935031073619201,
      2.175,
      0.0,
      1
    ],
    [
      -2.930541709171558,
      3.0604032895423265,
      2.175,
      0.0,
      2
    ]
  ],
  "adjacency_matrix": [
    [
      0,
      1,
      0,
      0,
      0,
      0,
      0,
      0
    ],
    [
      1,
      0,
      1,
      0,
      0,
      0,
      0,
      0
    ],
    [
      0,
      1,
      0,
      1,
      0,
      0,
      0,
      0
    ],
    [
      0,
      0,
      1,
      0,
      1,
      0,
      0,
      0
    ],
    [
      0,
      0,
      0,
      1,
      0,
      1,
      0,
      0
    ],
    [
      0,
      0,
      0,
      0,
      1,
      0,
      1,
      0
    ],
    [
      0,
      0,
      0,
      0,
      0,
      1,
      0,
      1
    ],
    [
      0,
      0,
      0,
      0,
      0,
      0,
      1,
      0
    ]
  ],
  "dh_parameters": [
    [
      0.0,
      0.30183029494109853,
      0.0,
      1.5707963267948966
    ],
    [
      0.0,
      0.0,
      0.0,
      -1.5707963267948966
    ],
    [
      0.0,
      0.2845369175191602,
      0.0,
      1.5707963267948966
    ],
    [
      0.07468350282161551,
      0.0,
      0.0,
      1.5707963267948966
    ],
    [
      -0.07984432644062886,
      0.3716390467054725,
      0.0,
      -1.5707963267948966
    ],
    [
      0.0,
      0.0,
      0.0,
      1.5707963267948966
    ],
    [
      0.08969316218109541,
      0.10905873128837738,
      0.0,
      0.0
    ]
  ],
  "morphology_type": "link_scaling"
}