{
  "num_nodes": 8,
  "node_features": [
    [
      0.0,
      0.0,
      0.0,
      0.0,
      0
    ],
    [
      -3.0185654820956738,
      2.9588940076102896,
      2.175,
      0.0,
      1
    ],
    [
      -3.053605232451379,
      3.050603393310825,
      2.175,
      0.0,
      1
    ],
    [
      -2.990625946330062,
      2.952439357830727,
      2.175,
      0.0,
      1
    ],
    [
      -2.9284053620221706,
      2.949763801187768,
      2.175,
      0.0,
      1
    ],
    [
      -3.046790063141955,
      2.975545538167994,
      2.175,
      0.0,
      1
    ],
    [
      -2.9266857014346654,
      3.046054635610646,
      2.175,
      0.0,
      1
    ],
    [
      -3.054550117579489,
      2.9588569292838294,
      2.175,
      0.0,
      2
    ]
  ],
  "adjacency_matrix": [
    [
      0,
      1,
      0,
      0,
      0,
      0,
      0,
      0
    ],
    [
      1,
      0,
      1,
      0,
      0,
      0,
      0,
      0
    ],
    [
      0,
      1,
      0,
      1,
      0,
      0,
      0,
      0
    ],
    [
      0,
      0,
      1,
      0,
      1,
      0,
      0,
      0
    ],
    [
      0,
      0,
      0,
      1,
      0,
      1,
      0,
      0
    ],
    [
      0,
      0,
      0,
      0,
      1,
      0,
      1,
      0
    ],
    [
      0,
      0,
      0,
      0,
      0,
      1,
      0,
      1
    ],
    [
      0,
      0,
      0,
      0,
      0,
      0,
      1,
      0
    ]
  ],
  "dh_parameters": [
    [
      0.0,
      0.328248789925552,
      0.0,
      1.5707963267948966
    ],
    [
      0.0,
      0.0,
      0.0,
      -1.5707963267948966
    ],
    [
      0.0,
      0.30826277152988574,
      0.0,
      1.5707963267948966
    ],
    [
      0.07950412645908793,
      0.0,
      0.0,
      1.5707963267948966
    ],
    [
      -0.08894704119739405,
      0.4140080463005978,
      0.0,
      -1.5707963267948966
    ],
    [
      0.0,
      0.0,
      0.0,
      1.5707963267948966
    ],
    [
      0.08389262759116886,
      0.10200580854835305,
      0.0,
      0.0
    ]
  ],
  "morphology_type": "link_scaling"
}