{
  "num_nodes": 8,
  "node_features": [
    [
      0.0,
      0.0,
      0.0,
      0.0,
      0
    ],
    [
      -2.995732403436684,
      2.939732230175471,
      2.175,
      0.0,
      1
    ],
    [
      -3.0336875600394335,
      2.916482532439869,
      2.175,
      0.0,
      1
    ],
    [
      -2.974813995303108,
      3.004716458231731,
      2.175,
      0.0,
      1
    ],
    [
      -2.9768402088339028,
      3.041125242794047,
      2.175,
      0.0,
      1
    ],
    [
      -3.0098501307504897,
      2.927624733844041,
      2.175,
      0.0,
      1
    ],
    [
      -2.9109184982473453,
      2.909342890660138,
      2.175,
      0.0,
      1
    ],
    [
      -3.0051666334623337,
      2.9004235226882162,
      2.175,
      0.0,
      2
    ]
  ],
  "adjacency_matrix": [
    [
      0,
      1,
      0,
      0,
      0,
      0,
      0,
      0
    ],
    [
      1,
      0,
      1,
      0,
      0,
      0,
      0,
      0
    ],
    [
      0,
      1,
      0,
      1,
      0,
      0,
      0,
      0
    ],
    [
      0,
      0,
      1,
      0,
      1,
      0,
      0,
      0
    ],
    [
      0,
      0,
      0,
      1,
      0,
      1,
      0,
      0
    ],
    [
      0,
      0,
      0,
      0,
      1,
      0,
      1,
      0
    ],
    [
      0,
      0,
      0,
      0,
      0,
      1,
      0,
      1
    ],
    [
      0,
      0,
      0,
      0,
      0,
      0,
      1,
      0
    ]
  ],
  "dh_parameters": [
    [
      0.0,
      0.342823794097799,
      0.0,
      1.5707963267948966
    ],
    [
      0.0,
      0.0,
      0.0,
      -1.5707963267948966
    ],
    [
      0.0,
      0.2987103773468488,
      0.0,
      1.5707963267948966
    ],
    [
      0.07521335353180716,
      0.0,
      0.0,
      1.5707963267948966
    ],
    [
      -0.08651342597219974,
      0.402680673616057,
      0.0,
      -1.5707963267948966
    ],
    [
      0.0,
      0.0,
      0.0,
      1.5707963267948966
    ],
    [
      0.08151860189186144,
      0.09911920911851335,
      0.0,
      0.0
    ]
  ],
  "morphology_type": "link_scaling"
}