{
  "num_nodes": 8,
  "node_features": [
    [
      0.0,
      0.0,
      0.0,
      0.0,
      0
    ],
    [
      -2.9011269585181223,
      2.9547009653939487,
      2.175,
      0.0,
      1
    ],
    [
      -3.069155170658102,
      3.0497373812960915,
      2.175,
      0.0,
      1
    ],
    [
      -3.057897364851248,
      3.0067610320112497,
      2.175,
      0.0,
      1
    ],
    [
      -3.0127971557963513,
      2.9858018661174293,
      2.175,
      0.0,
      1
    ],
    [
      -2.9294069863404046,
      2.9957223131125508,
      2.175,
      0.0,
      1
    ],
    [
      -2.907866588630346,
      3.0287335468293453,
      2.175,
      0.0,
      1
    ],
    [
      -2.994845579105487,
      2.9513953628384173,
      2.175,
      0.0,
      2
    ]
  ],
  "adjacency_matrix": [
    [
      0,
      1,
      0,
      0,
      0,
      0,
      0,
      0
    ],
    [
      1,
      0,
      1,
      0,
      0,
      0,
      0,
      0
    ],
    [
      0,
      1,
      0,
      1,
      0,
      0,
      0,
      0
    ],
    [
      0,
      0,
      1,
      0,
      1,
      0,
      0,
      0
    ],
    [
      0,
      0,
      0,
      1,
      0,
      1,
      0,
      0
    ],
    [
      0,
      0,
      0,
      0,
      1,
      0,
      1,
      0
    ],
    [
      0,
      0,
      0,
      0,
      0,
      1,
      0,
      1
    ],
    [
      0,
      0,
      0,
      0,
      0,
      0,
      1,
      0
    ]
  ],
  "dh_parameters": [
    [
      0.0,
      0.3464793955609406,
      0.0,
      1.5707963267948966
    ],
    [
      0.0,
      0.0,
      0.0,
      -1.5707963267948966
    ],
    [
      0.0,
      0.3339708460313785,
      0.0,
      1.5707963267948966
    ],
    [
      0.07671962150798382,
      0.0,
      0.0,
      1.5707963267948966
    ],
    [
      -0.08527619140278708,
      0.3969219090747908,
      0.0,
      -1.5707963267948966
    ],
    [
      0.0,
      0.0,
      0.0,
      1.5707963267948966
    ],
    [
      0.09525566324888893,
      0.11582222690489903,
      0.0,
      0.0
    ]
  ],
  "morphology_type": "link_scaling"
}