{
  "num_nodes": 8,
  "node_features": [
    [
      0.0,
      0.0,
      0.0,
      0.0,
      0
    ],
    [
      -3.051711921181534,
      2.9768695614352962,
      2.175,
      0.0,
      1
    ],
    [
      -2.9041526535103217,
      2.92356128320521,
      2.175,
      0.0,
      1
    ],
    [
      -2.903105842003994,
      2.915313601173085,
      2.175,
      0.0,
      1
    ],
    [
      -2.9258849996472733,
      3.042714695034785,
      2.175,
      0.0,
      1
    ],
    [
      -3.0193826924341183,
      3.0245588246313693,
      2.175,
      0.0,
      1
    ],
    [
      -2.991543906094453,
      3.039697362906039,
      2.175,
      0.0,
      1
    ],
    [
      -2.962121343672783,
      2.9598347377641554,
      2.175,
      0.0,
      2
    ]
  ],
  "adjacency_matrix": [
    [
      0,
      1,
      0,
      0,
      0,
      0,
      0,
      0
    ],
    [
      1,
      0,
      1,
      0,
      0,
      0,
      0,
      0
    ],
    [
      0,
      1,
      0,
      1,
      0,
      0,
      0,
      0
    ],
    [
      0,
      0,
      1,
      0,
      1,
      0,
      0,
      0
    ],
    [
      0,
      0,
      0,
      1,
      0,
      1,
      0,
      0
    ],
    [
      0,
      0,
      0,
      0,
      1,
      0,
      1,
      0
    ],
    [
      0,
      0,
      0,
      0,
      0,
      1,
      0,
      1
    ],
    [
      0,
      0,
      0,
      0,
      0,
      0,
      1,
      0
    ]
  ],
  "dh_parameters": [
    [
      0.0,
      0.32163514840931584,
      0.0,
      1.5707963267948966
    ],
    [
      0.0,
      0.0,
      0.0,
      -1.5707963267948966
    ],
    [
      0.0,
      0.29388357988676506,
      0.0,
      1.5707963267948966
    ],
    [
      0.09013872310536838,
      0.0,
      0.0,
      1.5707963267948966
    ],
    [
      -0.07779979519527344,
      0.3621226830907273,
      0.0,
      -1.5707963267948966
    ],
    [
      0.0,
      0.0,
      0.0,
      1.5707963267948966
    ],
    [
      0.09471186604427856,
      0.11516101894020235,
      0.0,
      0.0
    ]
  ],
  "morphology_type": "link_scaling"
}