{
  "num_nodes": 8,
  "node_features": [
    [
      0.0,
      0.0,
      0.0,
      0.0,
      0
    ],
    [
      -3.0398461675508597,
      2.9167298065599385,
      2.175,
      0.0,
      1
    ],
    [
      -3.037209164329815,
      2.905827361097194,
      2.175,
      0.0,
      1
    ],
    [
      -3.064638438129168,
      2.9869141685946423,
      2.175,
      0.0,
      1
    ],
    [
      -2.981925945671484,
      2.9480280850561638,
      2.175,
      0.0,
      1
    ],
    [
      -2.9568060593972905,
      3.031483803647364,
      2.175,
      0.0,
      1
    ],
    [
      -2.9181274112324007,
      2.9310887123398586,
      2.175,
      0.0,
      1
    ],
    [
      -2.9442793567665717,
      2.927574262286236,
      2.175,
      0.0,
      2
    ]
  ],
  "adjacency_matrix": [
    [
      0,
      1,
      0,
      0,
      0,
      0,
      0,
      0
    ],
    [
      1,
      0,
      1,
      0,
      0,
      0,
      0,
      0
    ],
    [
      0,
      1,
      0,
      1,
      0,
      0,
      0,
      0
    ],
    [
      0,
      0,
      1,
      0,
      1,
      0,
      0,
      0
    ],
    [
      0,
      0,
      0,
      1,
      0,
      1,
      0,
      0
    ],
    [
      0,
      0,
      0,
      0,
      1,
      0,
      1,
      0
    ],
    [
      0,
      0,
      0,
      0,
      0,
      1,
      0,
      1
    ],
    [
      0,
      0,
      0,
      0,
      0,
      0,
      1,
      0
    ]
  ],
  "dh_parameters": [
    [
      0.0,
      0.31459603230663347,
      0.0,
      1.5707963267948966
    ],
    [
      0.0,
      0.0,
      0.0,
      -1.5707963267948966
    ],
    [
      0.0,
      0.28453512388791297,
      0.0,
      1.5707963267948966
    ],
    [
      0.07744267929946312,
      0.0,
      0.0,
      1.5707963267948966
    ],
    [
      -0.07691469107892228,
      0.35800292574916553,
      0.0,
      -1.5707963267948966
    ],
    [
      0.0,
      0.0,
      0.0,
      1.5707963267948966
    ],
    [
      0.09182678894285033,
      0.11165302746460211,
      0.0,
      0.0
    ]
  ],
  "morphology_type": "link_scaling"
}