{
  "num_nodes": 8,
  "node_features": [
    [
      0.0,
      0.0,
      0.0,
      0.0,
      0
    ],
    [
      -3.0422800237076664,
      2.9221522506871134,
      2.175,
      0.0,
      1
    ],
    [
      -2.9295228068935497,
      2.974235304698073,
      2.175,
      0.0,
      1
    ],
    [
      -2.946457915789129,
      3.0521469196368387,
      2.175,
      0.0,
      1
    ],
    [
      -3.0075947474941858,
      2.9122732934073765,
      2.175,
      0.0,
      1
    ],
    [
      -2.944708341865712,
      3.0594985444674485,
      2.175,
      0.0,
      1
    ],
    [
      -3.0092479473620344,
      2.9423466135250544,
      2.175,
      0.0,
      1
    ],
    [
      -3.065855061922991,
      3.0346693490463363,
      2.175,
      0.0,
      2
    ]
  ],
  "adjacency_matrix": [
    [
      0,
      1,
      0,
      0,
      0,
      0,
      0,
      0
    ],
    [
      1,
      0,
      1,
      0,
      0,
      0,
      0,
      0
    ],
    [
      0,
      1,
      0,
      1,
      0,
      0,
      0,
      0
    ],
    [
      0,
      0,
      1,
      0,
      1,
      0,
      0,
      0
    ],
    [
      0,
      0,
      0,
      1,
      0,
      1,
      0,
      0
    ],
    [
      0,
      0,
      0,
      0,
      1,
      0,
      1,
      0
    ],
    [
      0,
      0,
      0,
      0,
      0,
      1,
      0,
      1
    ],
    [
      0,
      0,
      0,
      0,
      0,
      0,
      1,
      0
    ]
  ],
  "dh_parameters": [
    [
      0.0,
      0.3137897560090989,
      0.0,
      1.5707963267948966
    ],
    [
      0.0,
      0.0,
      0.0,
      -1.5707963267948966
    ],
    [
      0.0,
      0.320627274699192,
      0.0,
      1.5707963267948966
    ],
    [
      0.07428122217225197,
      0.0,
      0.0,
      1.5707963267948966
    ],
    [
      -0.07815953403136071,
      0.36379710385506075,
      0.0,
      -1.5707963267948966
    ],
    [
      0.0,
      0.0,
      0.0,
      1.5707963267948966
    ],
    [
      0.08469961314546283,
      0.10298702962005139,
      0.0,
      0.0
    ]
  ],
  "morphology_type": "link_scaling"
}