{
  "num_nodes": 8,
  "node_features": [
    [
      0.0,
      0.0,
      0.0,
      0.0,
      0
    ],
    [
      -3.0284768233524058,
      3.060142115397009,
      2.175,
      0.0,
      1
    ],
    [
      -2.922704004417622,
      2.9149743379019637,
      2.175,
      0.0,
      1
    ],
    [
      -3.0037307537656037,
      2.9829261221485646,
      2.175,
      0.0,
      1
    ],
    [
      -2.9054992246989895,
      2.923479690289776,
      2.175,
      0.0,
      1
    ],
    [
      -2.9147771641408426,
      3.05227490221979,
      2.175,
      0.0,
      1
    ],
    [
      -2.925556887723634,
      2.9706921649822355,
      2.175,
      0.0,
      1
    ],
    [
      -2.9190821882572644,
      2.9707444636714366,
      2.175,
      0.0,
      2
    ]
  ],
  "adjacency_matrix": [
    [
      0,
      1,
      0,
      0,
      0,
      0,
      0,
      0
    ],
    [
      1,
      0,
      1,
      0,
      0,
      0,
      0,
      0
    ],
    [
      0,
      1,
      0,
      1,
      0,
      0,
      0,
      0
    ],
    [
      0,
      0,
      1,
      0,
      1,
      0,
      0,
      0
    ],
    [
      0,
      0,
      0,
      1,
      0,
      1,
      0,
      0
    ],
    [
      0,
      0,
      0,
      0,
      1,
      0,
      1,
      0
    ],
    [
      0,
      0,
      0,
      0,
      0,
      1,
      0,
      1
    ],
    [
      0,
      0,
      0,
      0,
      0,
      0,
      1,
      0
    ]
  ],
  "dh_parameters": [
    [
      0.0,
      0.31347482745515415,
      0.0,
      1.5707963267948966
    ],
    [
      0.0,
      0.0,
      0.0,
      -1.5707963267948966
    ],
    [
      0.0,
      0.3012324469892753,
      0.0,
      1.5707963267948966
    ],
    [
      0.08254167633499426,
      0.0,
      0.0,
      1.5707963267948966
    ],
    [
      -0.07959961964926272,
      0.3705000478220229,
      0.0,
      -1.5707963267948966
    ],
    [
      0.0,
      0.0,
      0.0,
      1.5707963267948966
    ],
    [
      0.08951726786429605,
      0.1088448597895418,
      0.0,
      0.0
    ]
  ],
  "morphology_type": "link_scaling"
}