{
  "num_nodes": 8,
  "node_features": [
    [
      0.0,
      0.0,
      0.0,
      0.0,
      0
    ],
    [
      -2.916597321925967,
      2.935621336993561,
      2.175,
      0.0,
      1
    ],
    [
      -2.9719098305573253,
      2.938583278072922,
      2.175,
      0.0,
      1
    ],
    [
      -2.9311048096142267,
      3.048768471753491,
      2.175,
      0.0,
      1
    ],
    [
      -3.0080404364232285,
      2.9645304395209946,
      2.175,
      0.0,
      1
    ],
    [
      -3.0436337036237098,
      3.013597884500075,
      2.175,
      0.0,
      1
    ],
    [
      -2.9824558221444133,
      2.955490871465264,
      2.175,
      0.0,
      1
    ],
    [
      -3.0313163379289594,
      3.0373185228269306,
      2.175,
      0.0,
      2
    ]
  ],
  "adjacency_matrix": [
    [
      0,
      1,
      0,
      0,
      0,
      0,
      0,
      0
    ],
    [
      1,
      0,
      1,
      0,
      0,
      0,
      0,
      0
    ],
    [
      0,
      1,
      0,
      1,
      0,
      0,
      0,
      0
    ],
    [
      0,
      0,
      1,
      0,
      1,
      0,
      0,
      0
    ],
    [
      0,
      0,
      0,
      1,
      0,
      1,
      0,
      0
    ],
    [
      0,
      0,
      0,
      0,
      1,
      0,
      1,
      0
    ],
    [
      0,
      0,
      0,
      0,
      0,
      1,
      0,
      1
    ],
    [
      0,
      0,
      0,
      0,
      0,
      0,
      1,
      0
    ]
  ],
  "dh_parameters": [
    [
      0.0,
      0.3626791580455217,
      0.0,
      1.5707963267948966
    ],
    [
      0.0,
      0.0,
      0.0,
      -1.5707963267948966
    ],
    [
      0.0,
      0.2890145542094541,
      0.0,
      1.5707963267948966
    ],
    [
      0.07957776580911617,
      0.0,
      0.0,
      1.5707963267948966
    ],
    [
      -0.07753767583741068,
      0.36090263662503885,
      0.0,
      -1.5707963267948966
    ],
    [
      0.0,
      0.0,
      0.0,
      1.5707963267948966
    ],
    [
      0.08974317922245834,
      0.10911954746367093,
      0.0,
      0.0
    ]
  ],
  "morphology_type": "link_scaling"
}