{
  "num_nodes": 8,
  "node_features": [
    [
      0.0,
      0.0,
      0.0,
      0.0,
      0
    ],
    [
      -2.900681879748184,
      3.0283700320880578,
      2.175,
      0.0,
      1
    ],
    [
      -3.049780486681969,
      3.001868911782456,
      2.175,
      0.0,
      1
    ],
    [
      -2.9579886302466067,
      2.9331960544915923,
      2.175,
      0.0,
      1
    ],
    [
      -2.9757597962947755,
      3.030196637383309,
      2.175,
      0.0,
      1
    ],
    [
      -3.043823050745238,
      2.9730213707046467,
      2.175,
      0.0,
      1
    ],
    [
      -2.9663372061506097,
      3.0191199657011367,
      2.175,
      0.0,
      1
    ],
    [
      -2.988760542966038,
      3.0232321810332223,
      2.175,
      0.0,
      2
    ]
  ],
  "adjacency_matrix": [
    [
      0,
      1,
      0,
      0,
      0,
      0,
      0,
      0
    ],
    [
      1,
      0,
      1,
      0,
      0,
      0,
      0,
      0
    ],
    [
      0,
      1,
      0,
      1,
      0,
      0,
      0,
      0
    ],
    [
      0,
      0,
      1,
      0,
      1,
      0,
      0,
      0
    ],
    [
      0,
      0,
      0,
      1,
      0,
      1,
      0,
      0
    ],
    [
      0,
      0,
      0,
      0,
      1,
      0,
      1,
      0
    ],
    [
      0,
      0,
      0,
      0,
      0,
      1,
      0,
      1
    ],
    [
      0,
      0,
      0,
      0,
      0,
      0,
      1,
      0
    ]
  ],
  "dh_parameters": [
    [
      0.0,
      0.31042131957234387,
      0.0,
      1.5707963267948966
    ],
    [
      0.0,
      0.0,
      0.0,
      -1.5707963267948966
    ],
    [
      0.0,
      0.30852517342248825,
      0.0,
      1.5707963267948966
    ],
    [
      0.07504252894356461,
      0.0,
      0.0,
      1.5707963267948966
    ],
    [
      -0.08007855865336523,
      0.3727292911865727,
      0.0,
      -1.5707963267948966
    ],
    [
      0.0,
      0.0,
      0.0,
      1.5707963267948966
    ],
    [
      0.09593688464789149,
      0.11665053019686807,
      0.0,
      0.0
    ]
  ],
  "morphology_type": "link_scaling"
}