{
  "num_nodes": 8,
  "node_features": [
    [
      0.0,
      0.0,
      0.0,
      0.0,
      0
    ],
    [
      -2.992012759326325,
      2.9234135790481743,
      2.175,
      0.0,
      1
    ],
    [
      -2.9557667023954166,
      2.968732643141613,
      2.175,
      0.0,
      1
    ],
    [
      -3.0245892739628166,
      2.9509904788093078,
      2.175,
      0.0,
      1
    ],
    [
      -2.9586797710417234,
      3.0421202615559038,
      2.175,
      0.0,
      1
    ],
    [
      -3.051953208811078,
      2.907981009938757,
      2.175,
      0.0,
      1
    ],
    [
      -3.0471883072488355,
      2.906907955391266,
      2.175,
      0.0,
      1
    ],
    [
      -3.0041834597605828,
      2.9240298972546284,
      2.175,
      0.0,
      2
    ]
  ],
  "adjacency_matrix": [
    [
      0,
      1,
      0,
      0,
      0,
      0,
      0,
      0
    ],
    [
      1,
      0,
      1,
      0,
      0,
      0,
      0,
      0
    ],
    [
      0,
      1,
      0,
      1,
      0,
      0,
      0,
      0
    ],
    [
      0,
      0,
      1,
      0,
      1,
      0,
      0,
      0
    ],
    [
      0,
      0,
      0,
      1,
      0,
      1,
      0,
      0
    ],
    [
      0,
      0,
      0,
      0,
      1,
      0,
      1,
      0
    ],
    [
      0,
      0,
      0,
      0,
      0,
      1,
      0,
      1
    ],
    [
      0,
      0,
      0,
      0,
      0,
      0,
      1,
      0
    ]
  ],
  "dh_parameters": [
    [
      0.0,
      0.3311435388428002,
      0.0,
      1.5707963267948966
    ],
    [
      0.0,
      0.0,
      0.0,
      -1.5707963267948966
    ],
    [
      0.0,
      0.3309696454720874,
      0.0,
      1.5707963267948966
    ],
    [
      0.07435825174920521,
      0.0,
      0.0,
      1.5707963267948966
    ],
    [
      -0.08791059225727617,
      0.40918384759750365,
      0.0,
      -1.5707963267948966
    ],
    [
      0.0,
      0.0,
      0.0,
      1.5707963267948966
    ],
    [
      0.09503164665312715,
      0.11554984308959779,
      0.0,
      0.0
    ]
  ],
  "morphology_type": "link_scaling"
}