{
  "num_nodes": 8,
  "node_features": [
    [
      0.0,
      0.0,
      0.0,
      0.0,
      0
    ],
    [
      -2.916021246881243,
      3.055315854487556,
      2.175,
      0.0,
      1
    ],
    [
      -2.9343132402886476,
      2.9844538112320698,
      2.175,
      0.0,
      1
    ],
    [
      -2.9217988295251645,
      2.974286491344891,
      2.175,
      0.0,
      1
    ],
    [
      -2.9379040864999664,
      2.972879162218942,
      2.175,
      0.0,
      1
    ],
    [
      -2.9913418417300615,
      2.9915468143765636,
      2.175,
      0.0,
      1
    ],
    [
      -2.940755574018476,
      3.0251065736493206,
      2.175,
      0.0,
      1
    ],
    [
      -2.9228587776035173,
      2.9410169279947387,
      2.175,
      0.0,
      2
    ]
  ],
  "adjacency_matrix": [
    [
      0,
      1,
      0,
      0,
      0,
      0,
      0,
      0
    ],
    [
      1,
      0,
      1,
      0,
      0,
      0,
      0,
      0
    ],
    [
      0,
      1,
      0,
      1,
      0,
      0,
      0,
      0
    ],
    [
      0,
      0,
      1,
      0,
      1,
      0,
      0,
      0
    ],
    [
      0,
      0,
      0,
      1,
      0,
      1,
      0,
      0
    ],
    [
      0,
      0,
      0,
      0,
      1,
      0,
      1,
      0
    ],
    [
      0,
      0,
      0,
      0,
      0,
      1,
      0,
      1
    ],
    [
      0,
      0,
      0,
      0,
      0,
      0,
      1,
      0
    ]
  ],
  "dh_parameters": [
    [
      0.0,
      0.3258293543169987,
      0.0,
      1.5707963267948966
    ],
    [
      0.0,
      0.0,
      0.0,
      -1.5707963267948966
    ],
    [
      0.0,
      0.2964370083599076,
      0.0,
      1.5707963267948966
    ],
    [
      0.08681538257394365,
      0.0,
      0.0,
      1.5707963267948966
    ],
    [
      -0.07475998748825659,
      0.34797375994533974,
      0.0,
      -1.5707963267948966
    ],
    [
      0.0,
      0.0,
      0.0,
      1.5707963267948966
    ],
    [
      0.08113615417726149,
      0.09865418746553385,
      0.0,
      0.0
    ]
  ],
  "morphology_type": "link_scaling"
}