{
  "num_nodes": 8,
  "node_features": [
    [
      0.0,
      0.0,
      0.0,
      0.0,
      0
    ],
    [
      -2.989387426302131,
      3.0600841142281476,
      2.175,
      0.0,
      1
    ],
    [
      -2.9675327988283815,
      3.005772221079404,
      2.175,
      0.0,
      1
    ],
    [
      -2.9767875614481407,
      3.059432734098205,
      2.175,
      0.0,
      1
    ],
    [
      -3.0294979632000936,
      2.9220615443115463,
      2.175,
      0.0,
      1
    ],
    [
      -3.0128329259220155,
      2.9537905483673708,
      2.175,
      0.0,
      1
    ],
    [
      -2.9671409315080046,
      3.017591083809147,
      2.175,
      0.0,
      1
    ],
    [
      -2.9989552614274397,
      2.9606091526346594,
      2.175,
      0.0,
      2
    ]
  ],
  "adjacency_matrix": [
    [
      0,
      1,
      0,
      0,
      0,
      0,
      0,
      0
    ],
    [
      1,
      0,
      1,
      0,
      0,
      0,
      0,
      0
    ],
    [
      0,
      1,
      0,
      1,
      0,
      0,
      0,
      0
    ],
    [
      0,
      0,
      1,
      0,
      1,
      0,
      0,
      0
    ],
    [
      0,
      0,
      0,
      1,
      0,
      1,
      0,
      0
    ],
    [
      0,
      0,
      0,
      0,
      1,
      0,
      1,
      0
    ],
    [
      0,
      0,
      0,
      0,
      0,
      1,
      0,
      1
    ],
    [
      0,
      0,
      0,
      0,
      0,
      0,
      1,
      0
    ]
  ],
  "dh_parameters": [
    [
      0.0,
      0.30196395266790227,
      0.0,
      1.5707963267948966
    ],
    [
      0.0,
      0.0,
      0.0,
      -1.5707963267948966
    ],
    [
      0.0,
      0.345774200307046,
      0.0,
      1.5707963267948966
    ],
    [
      0.08597474135856263,
      0.0,
      0.0,
      1.5707963267948966
    ],
    [
      -0.09014581163882647,
      0.41958777780981044,
      0.0,
      -1.5707963267948966
    ],
    [
      0.0,
      0.0,
      0.0,
      1.5707963267948966
    ],
    [
      0.08253786777311894,
      0.10035854376958782,
      0.0,
      0.0
    ]
  ],
  "morphology_type": "link_scaling"
}