{
  "num_nodes": 8,
  "node_features": [
    [
      0.0,
      0.0,
      0.0,
      0.0,
      0
    ],
    [
      -2.994346078657467,
      2.9441960358000294,
      2.175,
      0.0,
      1
    ],
    [
      -2.9963100904681457,
      2.950386175177024,
      2.175,
      0.0,
      1
    ],
    [
      -3.0313555872026043,
      3.036572215227623,
      2.175,
      0.0,
      1
    ],
    [
      -3.0532395327913573,
      2.9691838607736654,
      2.175,
      0.0,
      1
    ],
    [
      -3.0121213417190034,
      2.906386944479064,
      2.175,
      0.0,
      1
    ],
    [
      -2.9651033485327587,
      2.97186872872024,
      2.175,
      0.0,
      1
    ],
    [
      -3.059469572824601,
      3.0427408682727557,
      2.175,
      0.0,
      2
    ]
  ],
  "adjacency_matrix": [
    [
      0,
      1,
      0,
      0,
      0,
      0,
      0,
      0
    ],
    [
      1,
      0,
      1,
      0,
      0,
      0,
      0,
      0
    ],
    [
      0,
      1,
      0,
      1,
      0,
      0,
      0,
      0
    ],
    [
      0,
      0,
      1,
      0,
      1,
      0,
      0,
      0
    ],
    [
      0,
      0,
      0,
      1,
      0,
      1,
      0,
      0
    ],
    [
      0,
      0,
      0,
      0,
      1,
      0,
      1,
      0
    ],
    [
      0,
      0,
      0,
      0,
      0,
      1,
      0,
      1
    ],
    [
      0,
      0,
      0,
      0,
      0,
      0,
      1,
      0
    ]
  ],
  "dh_parameters": [
    [
      0.0,
      0.31616054329026694,
      0.0,
      1.5707963267948966
    ],
    [
      0.0,
      0.0,
      0.0,
      -1.5707963267948966
    ],
    [
      0.0,
      0.29961439428484027,
      0.0,
      1.5707963267948966
    ],
    [
      0.08722786146632464,
      0.0,
      0.0,
      1.5707963267948966
    ],
    [
      -0.07813305868270387,
      0.36367387314131255,
      0.0,
      -1.5707963267948966
    ],
    [
      0.0,
      0.0,
      0.0,
      1.5707963267948966
    ],
    [
      0.09586375314042973,
      0.11656160893211343,
      0.0,
      0.0
    ]
  ],
  "morphology_type": "link_scaling"
}