{
  "num_nodes": 8,
  "node_features": [
    [
      0.0,
      0.0,
      0.0,
      0.0,
      0
    ],
    [
      -3.0461959287677876,
      2.9756177203854475,
      2.175,
      0.0,
      1
    ],
    [
      -2.9522119324525553,
      2.973243703184463,
      2.175,
      0.0,
      1
    ],
    [
      -3.008544999909015,
      3.049180102401741,
      2.175,
      0.0,
      1
    ],
    [
      -3.051967019643259,
      3.0602377177173965,
      2.175,
      0.0,
      1
    ],
    [
      -2.912789232553091,
      3.0667874893785654,
      2.175,
      0.0,
      1
    ],
    [
      -3.0243005886589676,
      2.985190139826408,
      2.175,
      0.0,
      1
    ],
    [
      -2.9576536044514365,
      2.9698418723433733,
      2.175,
      0.0,
      2
    ]
  ],
  "adjacency_matrix": [
    [
      0,
      1,
      0,
      0,
      0,
      0,
      0,
      0
    ],
    [
      1,
      0,
      1,
      0,
      0,
      0,
      0,
      0
    ],
    [
      0,
      1,
      0,
      1,
      0,
      0,
      0,
      0
    ],
    [
      0,
      0,
      1,
      0,
      1,
      0,
      0,
      0
    ],
    [
      0,
      0,
      0,
      1,
      0,
      1,
      0,
      0
    ],
    [
      0,
      0,
      0,
      0,
      1,
      0,
      1,
      0
    ],
    [
      0,
      0,
      0,
      0,
      0,
      1,
      0,
      1
    ],
    [
      0,
      0,
      0,
      0,
      0,
      0,
      1,
      0
    ]
  ],
  "dh_parameters": [
    [
      0.0,
      0.32157199080324145,
      0.0,
      1.5707963267948966
    ],
    [
      0.0,
      0.0,
      0.0,
      -1.5707963267948966
    ],
    [
      0.0,
      0.3132302460047799,
      0.0,
      1.5707963267948966
    ],
    [
      0.07468332814067982,
      0.0,
      0.0,
      1.5707963267948966
    ],
    [
      -0.07793542800181877,
      0.36275399215392007,
      0.0,
      -1.5707963267948966
    ],
    [
      0.0,
      0.0,
      0.0,
      1.5707963267948966
    ],
    [
      0.07922254924460011,
      0.09632741783150241,
      0.0,
      0.0
    ]
  ],
  "morphology_type": "link_scaling"
}