{
  "num_nodes": 8,
  "node_features": [
    [
      0.0,
      0.0,
      0.0,
      0.0,
      0
    ],
    [
      -3.0522303203184,
      2.9079204753496395,
      2.175,
      0.0,
      1
    ],
    [
      -2.989631943119745,
      2.966668247268582,
      2.175,
      0.0,
      1
    ],
    [
      -3.013540818380334,
      3.053203646490424,
      2.175,
      0.0,
      1
    ],
    [
      -2.9218797970514845,
      2.991656305451527,
      2.175,
      0.0,
      1
    ],
    [
      -3.054836052764109,
      2.9564829174289566,
      2.175,
      0.0,
      1
    ],
    [
      -2.9415640072822336,
      2.9681204214800605,
      2.175,
      0.0,
      1
    ],
    [
      -3.0258665495991,
      3.0323079971830413,
      2.175,
      0.0,
      2
    ]
  ],
  "adjacency_matrix": [
    [
      0,
      1,
      0,
      0,
      0,
      0,
      0,
      0
    ],
    [
      1,
      0,
      1,
      0,
      0,
      0,
      0,
      0
    ],
    [
      0,
      1,
      0,
      1,
      0,
      0,
      0,
      0
    ],
    [
      0,
      0,
      1,
      0,
      1,
      0,
      0,
      0
    ],
    [
      0,
      0,
      0,
      1,
      0,
      1,
      0,
      0
    ],
    [
      0,
      0,
      0,
      0,
      1,
      0,
      1,
      0
    ],
    [
      0,
      0,
      0,
      0,
      0,
      1,
      0,
      1
    ],
    [
      0,
      0,
      0,
      0,
      0,
      0,
      1,
      0
    ]
  ],
  "dh_parameters": [
    [
      0.0,
      0.36251256512543767,
      0.0,
      1.5707963267948966
    ],
    [
      0.0,
      0.0,
      0.0,
      -1.5707963267948966
    ],
    [
      0.0,
      0.32664944377564814,
      0.0,
      1.5707963267948966
    ],
    [
      0.08047637915026185,
      0.0,
      0.0,
      1.5707963267948966
    ],
    [
      -0.08439664949496475,
      0.39282804128565413,
      0.0,
      -1.5707963267948966
    ],
    [
      0.0,
      0.0,
      0.0,
      1.5707963267948966
    ],
    [
      0.09119154411590871,
      0.11088062750457083,
      0.0,
      0.0
    ]
  ],
  "morphology_type": "link_scaling"
}