{
  "num_nodes": 8,
  "node_features": [
    [
      0.0,
      0.0,
      0.0,
      0.0,
      0
    ],
    [
      -2.9953429741292164,
      2.9676286883714083,
      2.175,
      0.0,
      1
    ],
    [
      -3.05324523111789,
      2.969934073275568,
      2.175,
      0.0,
      1
    ],
    [
      -2.9879329547398648,
      2.987289612995468,
      2.175,
      0.0,
      1
    ],
    [
      -3.0338799288551503,
      2.9177416649918566,
      2.175,
      0.0,
      1
    ],
    [
      -2.9172949273661164,
      2.997327783846649,
      2.175,
      0.0,
      1
    ],
    [
      -3.0599375662495234,
      3.040319935151836,
      2.175,
      0.0,
      1
    ],
    [
      -2.9215752553310472,
      3.011453914419402,
      2.175,
      0.0,
      2
    ]
  ],
  "adjacency_matrix": [
    [
      0,
      1,
      0,
      0,
      0,
      0,
      0,
      0
    ],
    [
      1,
      0,
      1,
      0,
      0,
      0,
      0,
      0
    ],
    [
      0,
      1,
      0,
      1,
      0,
      0,
      0,
      0
    ],
    [
      0,
      0,
      1,
      0,
      1,
      0,
      0,
      0
    ],
    [
      0,
      0,
      0,
      1,
      0,
      1,
      0,
      0
    ],
    [
      0,
      0,
      0,
      0,
      1,
      0,
      1,
      0
    ],
    [
      0,
      0,
      0,
      0,
      0,
      1,
      0,
      1
    ],
    [
      0,
      0,
      0,
      0,
      0,
      0,
      1,
      0
    ]
  ],
  "dh_parameters": [
    [
      0.0,
      0.32497512672088247,
      0.0,
      1.5707963267948966
    ],
    [
      0.0,
      0.0,
      0.0,
      -1.5707963267948966
    ],
    [
      0.0,
      0.29331393170230213,
      0.0,
      1.5707963267948966
    ],
    [
      0.07689523255288004,
      0.0,
      0.0,
      1.5707963267948966
    ],
    [
      -0.08797961286649668,
      0.4095051071604209,
      0.0,
      -1.5707963267948966
    ],
    [
      0.0,
      0.0,
      0.0,
      1.5707963267948966
    ],
    [
      0.09115144115790311,
      0.11083186595335946,
      0.0,
      0.0
    ]
  ],
  "morphology_type": "link_scaling"
}