{
  "num_nodes": 8,
  "node_features": [
    [
      0.0,
      0.0,
      0.0,
      0.0,
      0
    ],
    [
      -3.0125434800097453,
      2.96640204489339,
      2.175,
      0.0,
      1
    ],
    [
      -2.9030180848273264,
      3.03488882722856,
      2.175,
      0.0,
      1
    ],
    [
      -2.9514282379700068,
      2.9771602572575664,
      2.175,
      0.0,
      1
    ],
    [
      -2.93341618884705,
      2.959577462466912,
      2.175,
      0.0,
      1
    ],
    [
      -2.9468123995747906,
      2.9337469093811777,
      2.175,
      0.0,
      1
    ],
    [
      -2.964699058516624,
      3.021690404258312,
      2.175,
      0.0,
      1
    ],
    [
      -3.051241671191359,
      2.9852229619068806,
      2.175,
      0.0,
      2
    ]
  ],
  "adjacency_matrix": [
    [
      0,
      1,
      0,
      0,
      0,
      0,
      0,
      0
    ],
    [
      1,
      0,
      1,
      0,
      0,
      0,
      0,
      0
    ],
    [
      0,
      1,
      0,
      1,
      0,
      0,
      0,
      0
    ],
    [
      0,
      0,
      1,
      0,
      1,
      0,
      0,
      0
    ],
    [
      0,
      0,
      0,
      1,
      0,
      1,
      0,
      0
    ],
    [
      0,
      0,
      0,
      0,
      1,
      0,
      1,
      0
    ],
    [
      0,
      0,
      0,
      0,
      0,
      1,
      0,
      1
    ],
    [
      0,
      0,
      0,
      0,
      0,
      0,
      1,
      0
    ]
  ],
  "dh_parameters": [
    [
      0.0,
      0.3328857405356845,
      0.0,
      1.5707963267948966
    ],
    [
      0.0,
      0.0,
      0.0,
      -1.5707963267948966
    ],
    [
      0.0,
      0.3147613801394534,
      0.0,
      1.5707963267948966
    ],
    [
      0.07608545036161156,
      0.0,
      0.0,
      1.5707963267948966
    ],
    [
      -0.08940702904322596,
      0.41614908063756084,
      0.0,
      -1.5707963267948966
    ],
    [
      0.0,
      0.0,
      0.0,
      1.5707963267948966
    ],
    [
      0.08997701310589544,
      0.1094038682083047,
      0.0,
      0.0
    ]
  ],
  "morphology_type": "link_scaling"
}