{
  "episode_id": 0,
  "n_segments": 4,
  "segment_lengths": [
    0.39152365872582107,
    0.4361095806082199,
    0.39115669270373377,
    0.3658307688213858
  ],
  "total_length": 1.5846207008591604,
  "base_offset": [
    -0.05961793661117554,
    0.09329322725534439,
    0.0
  ],
  "workspace_bounds": {
    "x_range": [
      -1.0,
      1.0
    ],
    "y_range": [
      -1.0,
      1.0
    ],
    "z_range": [
      0.0,
      1.5846207008591604
    ]
  },
  "alpha_limits": [
    0.001,
    3.14159
  ],
  "beta_limits": [
    0.0,
    6.28318
  ],
  "synthesis_params": {
    "success_rate": 1.0,
    "avg_position_error": 1e-06,
    "avg_temporal_smoothness": 0.0034178022643395777,
    "synthesis_time": 1758718418.876972
  },
  "original_trajectory_length": 166,
  "synthesized_trajectory_length": 166,
  "creation_timestamp": "2025-09-24T20:53:38Z",
  "version": "1.0"
}