{
  "episode_id": 2,
  "n_segments": 3,
  "segment_lengths": [
    0.41181145302833055,
    0.42992190031081806,
    0.3751411510408495
  ],
  "total_length": 1.2168745043799982,
  "base_offset": [
    -0.16293376684188843,
    0.017566749826073647,
    0.0
  ],
  "workspace_bounds": {
    "x_range": [
      -1.0,
      1.0
    ],
    "y_range": [
      -1.0,
      1.0
    ],
    "z_range": [
      0.0,
      1.2168745043799982
    ]
  },
  "alpha_limits": [
    0.001,
    3.14159
  ],
  "beta_limits": [
    0.0,
    6.28318
  ],
  "synthesis_params": {
    "success_rate": 1.0,
    "avg_position_error": 1e-06,
    "avg_temporal_smoothness": 0.0036070598996157627,
    "synthesis_time": 1758718462.875513
  },
  "original_trajectory_length": 142,
  "synthesized_trajectory_length": 142,
  "creation_timestamp": "2025-09-24T20:54:22Z",
  "version": "1.0"
}