{
  "episode_id": 12,
  "n_segments": 3,
  "segment_lengths": [
    0.4015112078917629,
    0.37245658578793694,
    0.3950958063350711
  ],
  "total_length": 1.169063600014771,
  "base_offset": [
    -0.08509469032287598,
    -0.048058073967695236,
    0.0
  ],
  "workspace_bounds": {
    "x_range": [
      -1.0,
      1.0
    ],
    "y_range": [
      -1.0,
      1.0
    ],
    "z_range": [
      0.0,
      1.169063600014771
    ]
  },
  "alpha_limits": [
    0.001,
    3.14159
  ],
  "beta_limits": [
    0.0,
    6.28318
  ],
  "synthesis_params": {
    "success_rate": 1.0,
    "avg_position_error": 1e-06,
    "avg_temporal_smoothness": 0.003703887783964817,
    "synthesis_time": 1758718202.0596564
  },
  "original_trajectory_length": 214,
  "synthesized_trajectory_length": 214,
  "creation_timestamp": "2025-09-24T20:50:02Z",
  "version": "1.0"
}