{
  "episode_id": 11,
  "n_segments": 3,
  "segment_lengths": [
    0.37,
    0.4,
    0.37
  ],
  "total_length": 1.1400000000000001,
  "base_offset": [
    -0.0006446242332458496,
    0.24155886471271515,
    0.0
  ],
  "constraint_type": "4DOF_relaxed",
  "success_threshold": 0.7,
  "synthesis_params": {
    "success_rate": 1.0,
    "temporal_smoothness": 0.005704182868292368,
    "original_trajectory_length": 404,
    "synthesized_trajectory_length": 404
  }
}