{
  "episode_id": 0,
  "n_segments": 2,
  "segment_lengths": [
    0.4902208429675891,
    0.41060710131112793
  ],
  "total_length": 0.900827944278717,
  "base_offset": [
    -0.05961793661117554,
    0.09329322725534439,
    0.0
  ],
  "workspace_bounds": {
    "x_range": [
      -1.0,
      1.0
    ],
    "y_range": [
      -1.0,
      1.0
    ],
    "z_range": [
      0.0,
      0.900827944278717
    ]
  },
  "alpha_limits": [
    0.001,
    3.14159
  ],
  "beta_limits": [
    0.0,
    6.28318
  ],
  "synthesis_params": {
    "success_rate": 1.0,
    "avg_position_error": 1e-06,
    "avg_temporal_smoothness": 0.009004667574681708,
    "synthesis_time": 1758718408.11672
  },
  "original_trajectory_length": 166,
  "synthesized_trajectory_length": 166,
  "creation_timestamp": "2025-09-24T20:53:28Z",
  "version": "1.0"
}