{
  "episode_id": 25,
  "n_segments": 2,
  "segment_lengths": [
    0.5,
    0.49443205830553966
  ],
  "total_length": 0.9944320583055397,
  "base_offset": [
    0.026931822299957275,
    -0.042697712779045105,
    0.0
  ],
  "workspace_bounds": {
    "x_range": [
      -1.0,
      1.0
    ],
    "y_range": [
      -1.0,
      1.0
    ],
    "z_range": [
      0.0,
      0.9944320583055397
    ]
  },
  "alpha_limits": [
    0.001,
    3.14159
  ],
  "beta_limits": [
    0.0,
    6.28318
  ],
  "synthesis_params": {
    "success_rate": 1.0,
    "avg_position_error": 1e-06,
    "avg_temporal_smoothness": 0.003908788919301524,
    "synthesis_time": 1758719314.860055
  },
  "original_trajectory_length": 558,
  "synthesized_trajectory_length": 558,
  "creation_timestamp": "2025-09-24T21:08:34Z",
  "version": "1.0"
}