{
  "episode_id": 34,
  "n_segments": 5,
  "segment_lengths": [
    0.37416677542990523,
    0.41565716584020934,
    0.38669341519690636,
    0.4057811003337805,
    0.37614690588113037
  ],
  "total_length": 1.9584453626819318,
  "base_offset": [
    0.004601538181304932,
    -0.04429280757904053,
    0.0
  ],
  "workspace_bounds": {
    "x_range": [
      -1.0,
      1.0
    ],
    "y_range": [
      -1.0,
      1.0
    ],
    "z_range": [
      0.0,
      1.9584453626819318
    ]
  },
  "alpha_limits": [
    0.001,
    3.14159
  ],
  "beta_limits": [
    0.0,
    6.28318
  ],
  "synthesis_params": {
    "success_rate": 1.0,
    "avg_position_error": 1e-06,
    "avg_temporal_smoothness": 0.0022288280883694424,
    "synthesis_time": 1758719713.257661
  },
  "original_trajectory_length": 259,
  "synthesized_trajectory_length": 259,
  "creation_timestamp": "2025-09-24T21:15:13Z",
  "version": "1.0"
}