{
  "episode_id": 8,
  "n_segments": 5,
  "segment_lengths": [
    0.38692803491783795,
    0.4267807948827468,
    0.39823127036324335,
    0.40948981307682647,
    0.3944546702679923
  ],
  "total_length": 2.015884583508647,
  "base_offset": [
    -0.12401390075683594,
    -0.05176829546689987,
    0.0
  ],
  "workspace_bounds": {
    "x_range": [
      -1.0,
      1.0
    ],
    "y_range": [
      -1.0,
      1.0
    ],
    "z_range": [
      0.0,
      2.015884583508647
    ]
  },
  "alpha_limits": [
    0.001,
    3.14159
  ],
  "beta_limits": [
    0.0,
    6.28318
  ],
  "synthesis_params": {
    "success_rate": 1.0,
    "avg_position_error": 1e-06,
    "avg_temporal_smoothness": 0.004905963566484522,
    "synthesis_time": 1758718673.9420893
  },
  "original_trajectory_length": 114,
  "synthesized_trajectory_length": 114,
  "creation_timestamp": "2025-09-24T20:57:53Z",
  "version": "1.0"
}