{
  "episode_id": 15,
  "n_segments": 4,
  "segment_lengths": [
    0.39400347281737735,
    0.37831199259749654,
    0.4159786486365071,
    0.37710219276339546
  ],
  "total_length": 1.5653963068147765,
  "base_offset": [
    -0.03272289037704468,
    0.002791815437376499,
    0.0
  ],
  "workspace_bounds": {
    "x_range": [
      -1.0,
      1.0
    ],
    "y_range": [
      -1.0,
      1.0
    ],
    "z_range": [
      0.0,
      1.5653963068147765
    ]
  },
  "alpha_limits": [
    0.001,
    3.14159
  ],
  "beta_limits": [
    0.0,
    6.28318
  ],
  "synthesis_params": {
    "success_rate": 1.0,
    "avg_position_error": 1e-06,
    "avg_temporal_smoothness": 0.0018013859633838928,
    "synthesis_time": 1758718938.0463665
  },
  "original_trajectory_length": 231,
  "synthesized_trajectory_length": 231,
  "creation_timestamp": "2025-09-24T21:02:18Z",
  "version": "1.0"
}