{
  "episode_id": 41,
  "n_segments": 4,
  "segment_lengths": [
    0.43881185547497376,
    0.4282196263015263,
    0.4092300078103465,
    0.3756277860979338
  ],
  "total_length": 1.6518892756847805,
  "base_offset": [
    -0.12243741750717163,
    -0.1742103546857834,
    0.0
  ],
  "workspace_bounds": {
    "x_range": [
      -1.0,
      1.0
    ],
    "y_range": [
      -1.0,
      1.0
    ],
    "z_range": [
      0.0,
      1.6518892756847805
    ]
  },
  "alpha_limits": [
    0.001,
    3.14159
  ],
  "beta_limits": [
    0.0,
    6.28318
  ],
  "synthesis_params": {
    "success_rate": 1.0,
    "avg_position_error": 1e-06,
    "avg_temporal_smoothness": 0.0040884572108304115,
    "synthesis_time": 1758720085.4489062
  },
  "original_trajectory_length": 89,
  "synthesized_trajectory_length": 89,
  "creation_timestamp": "2025-09-24T21:21:25Z",
  "version": "1.0"
}