{
  "episode_id": 24,
  "n_segments": 4,
  "segment_lengths": [
    0.39403644939562305,
    0.37054313024945484,
    0.3894732798766388,
    0.36627528693903116
  ],
  "total_length": 1.5203281464607477,
  "base_offset": [
    -0.009786248207092285,
    -0.07267782092094421,
    0.0
  ],
  "workspace_bounds": {
    "x_range": [
      -1.0,
      1.0
    ],
    "y_range": [
      -1.0,
      1.0
    ],
    "z_range": [
      0.0,
      1.5203281464607477
    ]
  },
  "alpha_limits": [
    0.001,
    3.14159
  ],
  "beta_limits": [
    0.0,
    6.28318
  ],
  "synthesis_params": {
    "success_rate": 1.0,
    "avg_position_error": 1e-06,
    "avg_temporal_smoothness": 0.007764793050362183,
    "synthesis_time": 1758719244.5971003
  },
  "original_trajectory_length": 1066,
  "synthesized_trajectory_length": 1066,
  "creation_timestamp": "2025-09-24T21:07:24Z",
  "version": "1.0"
}