{
  "episode_id": 15,
  "n_segments": 3,
  "segment_lengths": [
    0.37,
    0.4,
    0.37
  ],
  "total_length": 1.1400000000000001,
  "base_offset": [
    -0.0312650203704834,
    0.0007409592508338392,
    0.0
  ],
  "constraint_type": "4DOF_relaxed",
  "success_threshold": 0.7,
  "synthesis_params": {
    "success_rate": 1.0,
    "temporal_smoothness": 0.00351786473142612,
    "original_trajectory_length": 231,
    "synthesized_trajectory_length": 231
  }
}