{
  "episode_id": 0,
  "n_segments": 5,
  "segment_lengths": [
    0.4080134265585456,
    0.3676389345089126,
    0.36766171841952244,
    0.4202113588520156,
    0.37869938412987936
  ],
  "total_length": 1.9422248224688756,
  "base_offset": [
    -0.05961793661117554,
    0.09329322725534439,
    0.0
  ],
  "workspace_bounds": {
    "x_range": [
      -1.0,
      1.0
    ],
    "y_range": [
      -1.0,
      1.0
    ],
    "z_range": [
      0.0,
      1.9422248224688756
    ]
  },
  "alpha_limits": [
    0.001,
    3.14159
  ],
  "beta_limits": [
    0.0,
    6.28318
  ],
  "synthesis_params": {
    "success_rate": 1.0,
    "avg_position_error": 1e-06,
    "avg_temporal_smoothness": 0.0015735755793270315,
    "synthesis_time": 1758718427.3316262
  },
  "original_trajectory_length": 166,
  "synthesized_trajectory_length": 166,
  "creation_timestamp": "2025-09-24T20:53:47Z",
  "version": "1.0"
}