{
  "episode_id": 14,
  "n_segments": 2,
  "segment_lengths": [
    0.4057675769505587,
    0.44370405171536537
  ],
  "total_length": 0.8494716286659241,
  "base_offset": [
    -0.11548322439193726,
    0.08093288540840149,
    0.0
  ],
  "workspace_bounds": {
    "x_range": [
      -1.0,
      1.0
    ],
    "y_range": [
      -1.0,
      1.0
    ],
    "z_range": [
      0.0,
      0.8494716286659241
    ]
  },
  "alpha_limits": [
    0.001,
    3.14159
  ],
  "beta_limits": [
    0.0,
    6.28318
  ],
  "synthesis_params": {
    "success_rate": 1.0,
    "avg_position_error": 1e-06,
    "avg_temporal_smoothness": 0.005705945114017568,
    "synthesis_time": 1758718873.7350206
  },
  "original_trajectory_length": 355,
  "synthesized_trajectory_length": 355,
  "creation_timestamp": "2025-09-24T21:01:13Z",
  "version": "1.0"
}