{
  "episode_id": 21,
  "n_segments": 2,
  "segment_lengths": [
    0.4951795643291393,
    0.4884900743045887
  ],
  "total_length": 0.983669638633728,
  "base_offset": [
    0.011244773864746094,
    -0.0513642393052578,
    0.0
  ],
  "workspace_bounds": {
    "x_range": [
      -1.0,
      1.0
    ],
    "y_range": [
      -1.0,
      1.0
    ],
    "z_range": [
      0.0,
      0.983669638633728
    ]
  },
  "alpha_limits": [
    0.001,
    3.14159
  ],
  "beta_limits": [
    0.0,
    6.28318
  ],
  "synthesis_params": {
    "success_rate": 1.0,
    "avg_position_error": 1e-06,
    "avg_temporal_smoothness": 0.009855570458628114,
    "synthesis_time": 1758719084.255293
  },
  "original_trajectory_length": 92,
  "synthesized_trajectory_length": 92,
  "creation_timestamp": "2025-09-24T21:04:44Z",
  "version": "1.0"
}