{
  "episode_id": 18,
  "n_segments": 3,
  "segment_lengths": [
    0.37,
    0.4,
    0.37
  ],
  "total_length": 1.1400000000000001,
  "base_offset": [
    -0.10020717978477478,
    0.06847099214792252,
    0.0
  ],
  "constraint_type": "4DOF_relaxed",
  "success_threshold": 0.7,
  "synthesis_params": {
    "success_rate": 1.0,
    "temporal_smoothness": 0.010621197231633373,
    "original_trajectory_length": 190,
    "synthesized_trajectory_length": 190
  }
}