{
  "episode_id": 24,
  "n_segments": 3,
  "segment_lengths": [
    0.43217218650944356,
    0.39445721686970514,
    0.36845560145950834
  ],
  "total_length": 1.195085004838657,
  "base_offset": [
    -0.009786248207092285,
    -0.07267782092094421,
    0.0
  ],
  "workspace_bounds": {
    "x_range": [
      -1.0,
      1.0
    ],
    "y_range": [
      -1.0,
      1.0
    ],
    "z_range": [
      0.0,
      1.195085004838657
    ]
  },
  "alpha_limits": [
    0.001,
    3.14159
  ],
  "beta_limits": [
    0.0,
    6.28318
  ],
  "synthesis_params": {
    "success_rate": 1.0,
    "avg_position_error": 1e-06,
    "avg_temporal_smoothness": 0.009496879732127893,
    "synthesis_time": 1758719198.885962
  },
  "original_trajectory_length": 1066,
  "synthesized_trajectory_length": 1066,
  "creation_timestamp": "2025-09-24T21:06:38Z",
  "version": "1.0"
}