{
  "episode_id": 17,
  "n_segments": 5,
  "segment_lengths": [
    0.38270542778970823,
    0.4127631391738894,
    0.4212083420442732,
    0.3838746134925317,
    0.3612911111552073
  ],
  "total_length": 1.9618426336556098,
  "base_offset": [
    -0.07605224847793579,
    0.1813407689332962,
    0.0
  ],
  "workspace_bounds": {
    "x_range": [
      -1.0,
      1.0
    ],
    "y_range": [
      -1.0,
      1.0
    ],
    "z_range": [
      0.0,
      1.9618426336556098
    ]
  },
  "alpha_limits": [
    0.001,
    3.14159
  ],
  "beta_limits": [
    0.0,
    6.28318
  ],
  "synthesis_params": {
    "success_rate": 1.0,
    "avg_position_error": 1e-06,
    "avg_temporal_smoothness": 0.00268512295145703,
    "synthesis_time": 1758719009.0227804
  },
  "original_trajectory_length": 264,
  "synthesized_trajectory_length": 264,
  "creation_timestamp": "2025-09-24T21:03:29Z",
  "version": "1.0"
}