{
  "episode_id": 26,
  "n_segments": 4,
  "segment_lengths": [
    0.38060698023305783,
    0.39345184781681386,
    0.36271186362239183,
    0.3845515535107886
  ],
  "total_length": 1.5213222451830521,
  "base_offset": [
    0.016226232051849365,
    -0.03171973302960396,
    0.0
  ],
  "workspace_bounds": {
    "x_range": [
      -1.0,
      1.0
    ],
    "y_range": [
      -1.0,
      1.0
    ],
    "z_range": [
      0.0,
      1.5213222451830521
    ]
  },
  "alpha_limits": [
    0.001,
    3.14159
  ],
  "beta_limits": [
    0.0,
    6.28318
  ],
  "synthesis_params": {
    "success_rate": 1.0,
    "avg_position_error": 1e-06,
    "avg_temporal_smoothness": 0.004788554404738302,
    "synthesis_time": 1758719400.9814246
  },
  "original_trajectory_length": 119,
  "synthesized_trajectory_length": 119,
  "creation_timestamp": "2025-09-24T21:10:00Z",
  "version": "1.0"
}