{
  "episode_id": 2,
  "n_segments": 4,
  "segment_lengths": [
    0.38636758831472434,
    0.4222288233300324,
    0.4203458708086212,
    0.3686017483532859
  ],
  "total_length": 1.597544030806664,
  "base_offset": [
    -0.16293376684188843,
    0.017566749826073647,
    0.0
  ],
  "workspace_bounds": {
    "x_range": [
      -1.0,
      1.0
    ],
    "y_range": [
      -1.0,
      1.0
    ],
    "z_range": [
      0.0,
      1.597544030806664
    ]
  },
  "alpha_limits": [
    0.001,
    3.14159
  ],
  "beta_limits": [
    0.0,
    6.28318
  ],
  "synthesis_params": {
    "success_rate": 1.0,
    "avg_position_error": 1e-06,
    "avg_temporal_smoothness": 0.0023913774490395283,
    "synthesis_time": 1758718468.4859717
  },
  "original_trajectory_length": 142,
  "synthesized_trajectory_length": 142,
  "creation_timestamp": "2025-09-24T20:54:28Z",
  "version": "1.0"
}