{
  "episode_id": 7,
  "n_segments": 3,
  "segment_lengths": [
    0.37,
    0.4,
    0.37
  ],
  "total_length": 1.1400000000000001,
  "base_offset": [
    -0.11783647537231445,
    0.0011590212816372514,
    0.0
  ],
  "constraint_type": "4DOF_relaxed",
  "success_threshold": 0.7,
  "synthesis_params": {
    "success_rate": 1.0,
    "temporal_smoothness": 0.006067522656064615,
    "original_trajectory_length": 596,
    "synthesized_trajectory_length": 596
  }
}