{
  "episode_id": 3,
  "n_segments": 5,
  "segment_lengths": [
    0.4106068616235713,
    0.3966867000608263,
    0.3706003752596426,
    0.3709786692547781,
    0.37517829539390934
  ],
  "total_length": 1.9240509015927276,
  "base_offset": [
    -0.09560054540634155,
    -0.030313584953546524,
    0.0
  ],
  "workspace_bounds": {
    "x_range": [
      -1.0,
      1.0
    ],
    "y_range": [
      -1.0,
      1.0
    ],
    "z_range": [
      0.0,
      1.9240509015927276
    ]
  },
  "alpha_limits": [
    0.001,
    3.14159
  ],
  "beta_limits": [
    0.0,
    6.28318
  ],
  "synthesis_params": {
    "success_rate": 1.0,
    "avg_position_error": 1e-06,
    "avg_temporal_smoothness": 0.001993544000135304,
    "synthesis_time": 1758718509.0691307
  },
  "original_trajectory_length": 205,
  "synthesized_trajectory_length": 205,
  "creation_timestamp": "2025-09-24T20:55:09Z",
  "version": "1.0"
}