{
  "episode_id": 7,
  "n_segments": 3,
  "segment_lengths": [
    0.3718217546601241,
    0.3801715448141304,
    0.364041850976496
  ],
  "total_length": 1.1160351504507506,
  "base_offset": [
    -0.11596384644508362,
    0.0005119367269799113,
    0.0
  ],
  "workspace_bounds": {
    "x_range": [
      -1.0,
      1.0
    ],
    "y_range": [
      -1.0,
      1.0
    ],
    "z_range": [
      0.0,
      1.1160351504507506
    ]
  },
  "alpha_limits": [
    0.001,
    3.14159
  ],
  "beta_limits": [
    0.0,
    6.28318
  ],
  "synthesis_params": {
    "success_rate": 1.0,
    "avg_position_error": 1e-06,
    "avg_temporal_smoothness": 0.004671438402911366,
    "synthesis_time": 1758718599.471788
  },
  "original_trajectory_length": 596,
  "synthesized_trajectory_length": 596,
  "creation_timestamp": "2025-09-24T20:56:39Z",
  "version": "1.0"
}